{
	"2MASX J0249": {
		"hostdec": [
				{
					"source": "1", 
					"u_value": "degrees", 
					"value": "-04:12:52.20"
				}
		], 
		"comovingdist": [
				{
					"u_value": "Mpc", 
					"derived": true, 
					"value": "82", 
					"source": "1,2,3,4"
				}
		], 
		"name": "2MASX J0249", 
		"alias": [
				{
					"source": "1", 
					"value": "2MASX J0249"
				}
		], 
		"notes": [
				{
					"source": "3", 
					"value": "Star-forming host, possibly pre-TDE AGN"
				}
		], 
		"redshift": [
				{
					"source": "1,3", 
					"value": "0.0186"
				}
		], 
		"lumdist": [
				{
					"u_value": "Mpc", 
					"derived": true, 
					"value": "83.5", 
					"source": "1,2,3,4"
				}
		], 
		"sources": [
				{
					"alias": "1", 
					"bibcode": "2017ApJ...838..149A", 
					"name": "2017ApJ...838..149A", 
					"reference": "Auchettl, Guillochon, & Ramirez-Ruiz (2017)"
				}, 
				{
					"alias": "2", 
					"bibcode": "2016A&A...594A..13P", 
					"name": "2016A&A...594A..13P", 
					"reference": "Planck Collaboration et al. (2016)"
				}, 
				{
					"alias": "3", 
					"bibcode": "2007A&A...462L..49E", 
					"name": "2007A&A...462L..49E", 
					"reference": "Esquej et al. (2007)"
				}, 
				{
					"bibcode": "2017ApJ...835...64G", 
					"name": "The Open TDE Catalog", 
					"reference": "Guillochon et al. (2017)", 
					"url": "https://tde.space", 
					"alias": "4", 
					"secondary": true
				}
		], 
		"host": [
				{
					"source": "3", 
					"value": "2MASX J02491731&#8209;0412521"
				}, 
				{
					"source": "1", 
					"value": "2MASX J02491731-0412521"
				}
		], 
		"citations": [
				{
					"source": "3", 
					"value": "<a href='http://adsabs.harvard.edu/abs/2007A%26A...462L..49E'>Esquej et al. 2007</a>*&Dagger;"
				}
		], 
		"discoverdate": [
				{
					"source": "1,4", 
					"derived": true, 
					"value": "2006/07/14"
				}
		], 
		"hostra": [
				{
					"source": "1", 
					"u_value": "hours", 
					"value": "02:49:17.32"
				}
		], 
		"velocity": [
				{
					"u_value": "km/s", 
					"derived": true, 
					"value": "5520", 
					"source": "4"
				}
		], 
		"photometry": [
				{
					"u_energy": "keV", 
					"telescope": "ROSAT", 
					"instrument": "PSPC", 
					"source": "1", 
					"luminosity": "2.73E+41", 
					"energy": [
						"0.3", 
						"2.0"
					], 
					"u_countrate": "s^-1", 
					"photonindex": "7.7", 
					"countrate": "0.0332087", 
					"flux": "3.57E-13", 
					"u_flux": "ergs/cm^2/s", 
					"u_time": "MJD", 
					"time": [
						"48100.2", 
						"48100.202"
					], 
					"upperlimit": true
				}, 
				{
					"e_upper_luminosity": "3.63E+41", 
					"u_energy": "keV", 
					"telescope": "XMM", 
					"instrument": "PN", 
					"luminosity": "3.35E+41", 
					"energy": [
						"0.3", 
						"2.0"
					], 
					"e_lower_luminosity": "3.04E+41", 
					"u_countrate": "s^-1", 
					"photonindex": "7.7", 
					"countrate": "0.168274", 
					"e_lower_flux": "3.97E-13", 
					"flux": "4.37E-13", 
					"u_flux": "ergs/cm^2/s", 
					"u_time": "MJD", 
					"e_upper_flux": "4.74E-13", 
					"time": [
						"53930.5", 
						"53930.612"
					], 
					"e_countrate": "0.00476133", 
					"source": "1"
				}, 
				{
					"u_energy": "keV", 
					"telescope": "Swift", 
					"instrument": "XRT", 
					"source": "1", 
					"luminosity": "9.95E+40", 
					"energy": [
						"0.3", 
						"2.0"
					], 
					"u_countrate": "s^-1", 
					"photonindex": "4.5", 
					"countrate": "0.00600857", 
					"flux": "1.30E-13", 
					"nhmw": "0.44", 
					"u_flux": "ergs/cm^2/s", 
					"mode": "PC", 
					"time": [
						"54075.7", 
						"54075.709"
					], 
					"upperlimit": true, 
					"u_time": "MJD"
				}, 
				{
					"e_upper_luminosity": "1.52E+41", 
					"u_energy": "keV", 
					"telescope": "Swift", 
					"instrument": "XRT", 
					"source": "1", 
					"luminosity": "9.26E+40", 
					"energy": [
						"0.3", 
						"2.0"
					], 
					"e_lower_luminosity": "3.27E+40", 
					"u_countrate": "s^-1", 
					"photonindex": "4.5", 
					"countrate": "0.00560448", 
					"e_lower_flux": "4.27E-14", 
					"flux": "1.21E-13", 
					"nhmw": "0.44", 
					"u_flux": "ergs/cm^2/s", 
					"mode": "PC", 
					"e_upper_flux": "1.99E-13", 
					"time": [
						"54126.8", 
						"54126.807"
					], 
					"e_countrate": "0.00362233", 
					"u_time": "MJD"
				}, 
				{
					"e_upper_luminosity": "9.11E+40", 
					"u_energy": "keV", 
					"telescope": "Swift", 
					"instrument": "XRT", 
					"source": "1", 
					"luminosity": "5.76E+40", 
					"energy": [
						"0.3", 
						"2.0"
					], 
					"e_lower_luminosity": "2.38E+40", 
					"u_countrate": "s^-1", 
					"photonindex": "4.5", 
					"countrate": "0.00348616", 
					"e_lower_flux": "3.11E-14", 
					"flux": "7.52E-14", 
					"nhmw": "0.44", 
					"u_flux": "ergs/cm^2/s", 
					"mode": "PC", 
					"e_upper_flux": "1.19E-13", 
					"time": [
						"54278.7", 
						"54278.735"
					], 
					"e_countrate": "0.00204198", 
					"u_time": "MJD"
				}, 
				{
					"u_energy": "keV", 
					"telescope": "Swift", 
					"instrument": "XRT", 
					"source": "1", 
					"luminosity": "8.81E+40", 
					"energy": [
						"0.3", 
						"2.0"
					], 
					"u_countrate": "s^-1", 
					"photonindex": "4.5", 
					"countrate": "0.00533098", 
					"flux": "1.15E-13", 
					"nhmw": "0.44", 
					"u_flux": "ergs/cm^2/s", 
					"mode": "PC", 
					"time": [
						"55360.7", 
						"55360.707"
					], 
					"upperlimit": true, 
					"u_time": "MJD"
				}, 
				{
					"u_energy": "keV", 
					"telescope": "Swift", 
					"instrument": "XRT", 
					"source": "1", 
					"luminosity": "8.19E+40", 
					"energy": [
						"0.3", 
						"2.0"
					], 
					"u_countrate": "s^-1", 
					"photonindex": "4.5", 
					"countrate": "0.00497001", 
					"flux": "1.07E-13", 
					"nhmw": "0.44", 
					"u_flux": "ergs/cm^2/s", 
					"mode": "PC", 
					"time": [
						"55618", 
						"55618.016"
					], 
					"upperlimit": true, 
					"u_time": "MJD"
				}, 
				{
					"u_energy": "keV", 
					"telescope": "Swift", 
					"instrument": "XRT", 
					"source": "1", 
					"luminosity": "6.31E+40", 
					"energy": [
						"0.3", 
						"2.0"
					], 
					"u_countrate": "s^-1", 
					"photonindex": "4.5", 
					"countrate": "0.0038158", 
					"flux": "8.24E-14", 
					"nhmw": "0.44", 
					"u_flux": "ergs/cm^2/s", 
					"mode": "PC", 
					"time": [
						"57086", 
						"57086.032"
					], 
					"upperlimit": true, 
					"u_time": "MJD"
				}, 
				{
					"u_energy": "keV", 
					"telescope": "Swift", 
					"instrument": "XRT", 
					"source": "1", 
					"luminosity": "5.11E+40", 
					"energy": [
						"0.3", 
						"2.0"
					], 
					"u_countrate": "s^-1", 
					"photonindex": "4.5", 
					"countrate": "0.00309824", 
					"flux": "6.68E-14", 
					"nhmw": "0.44", 
					"u_flux": "ergs/cm^2/s", 
					"mode": "PC", 
					"time": [
						"57189.2", 
						"57189.234"
					], 
					"upperlimit": true, 
					"u_time": "MJD"
				}, 
				{
					"u_energy": "keV", 
					"telescope": "Swift", 
					"instrument": "XRT", 
					"source": "1", 
					"luminosity": "6.74E+40", 
					"energy": [
						"0.3", 
						"2.0"
					], 
					"u_countrate": "s^-1", 
					"photonindex": "4.5", 
					"countrate": "0.00408468", 
					"flux": "8.80E-14", 
					"nhmw": "0.44", 
					"u_flux": "ergs/cm^2/s", 
					"mode": "PC", 
					"time": [
						"57284.9", 
						"57284.923"
					], 
					"upperlimit": true, 
					"u_time": "MJD"
				}
		], 
		"schema": "https://github.com/astrocatalogs/tidaldisruptions/blob/f405406/SCHEMA.md"
	}
}