{
	"2MASX J0249":{
		"schema":"https://github.com/astrocatalogs/tidaldisruptions/blob/f405406/SCHEMA.md",
		"name":"2MASX J0249",
		"sources":[
			{
				"name":"2017ApJ...838..149A",
				"bibcode":"2017ApJ...838..149A",
				"reference":"Auchettl, Guillochon, & Ramirez-Ruiz (2017)",
				"alias":"1"
			},
			{
				"name":"2016A&A...594A..13P",
				"bibcode":"2016A&A...594A..13P",
				"reference":"Planck Collaboration et al. (2016)",
				"alias":"2"
			},
			{
				"name":"2007A&A...462L..49E",
				"bibcode":"2007A&A...462L..49E",
				"reference":"Esquej et al. (2007)",
				"alias":"3"
			},
			{
				"name":"The Open TDE Catalog",
				"bibcode":"2017ApJ...835...64G",
				"reference":"Guillochon et al. (2017)",
				"secondary":true,
				"url":"https://tde.space",
				"alias":"4"
			}
		],
		"alias":[
			{
				"value":"2MASX J0249",
				"source":"1"
			}
		],
		"citations":[
			{
				"value":"<a href='http://adsabs.harvard.edu/abs/2007A%26A...462L..49E'>Esquej et al. 2007</a>*&Dagger;",
				"source":"3"
			}
		],
		"comovingdist":[
			{
				"value":"82",
				"derived":true,
				"u_value":"Mpc",
				"source":"1,2,3,4"
			}
		],
		"discoverdate":[
			{
				"value":"2006/07/14",
				"derived":true,
				"source":"1,4"
			}
		],
		"host":[
			{
				"value":"2MASX J02491731&#8209;0412521",
				"source":"3"
			},
			{
				"value":"2MASX J02491731-0412521",
				"source":"1"
			}
		],
		"hostdec":[
			{
				"value":"-04:12:52.20",
				"u_value":"degrees",
				"source":"1"
			}
		],
		"hostra":[
			{
				"value":"02:49:17.32",
				"u_value":"hours",
				"source":"1"
			}
		],
		"lumdist":[
			{
				"value":"83.5",
				"derived":true,
				"u_value":"Mpc",
				"source":"1,2,3,4"
			}
		],
		"notes":[
			{
				"value":"Star-forming host, possibly pre-TDE AGN",
				"source":"3"
			}
		],
		"redshift":[
			{
				"value":"0.0186",
				"source":"1,3"
			}
		],
		"velocity":[
			{
				"value":"5520",
				"derived":true,
				"u_value":"km/s",
				"source":"4"
			}
		],
		"photometry":[
			{
				"time":[
					"48100.2",
					"48100.202"
				],
				"countrate":"0.0332087",
				"energy":[
					"0.3",
					"2.0"
				],
				"flux":"3.57E-13",
				"instrument":"PSPC",
				"luminosity":"2.73E+41",
				"photonindex":"7.7",
				"telescope":"ROSAT",
				"u_countrate":"s^-1",
				"u_energy":"keV",
				"u_flux":"ergs/cm^2/s",
				"u_time":"MJD",
				"upperlimit":true,
				"source":"1"
			},
			{
				"time":[
					"53930.5",
					"53930.612"
				],
				"countrate":"0.168274",
				"e_countrate":"0.00476133",
				"e_lower_flux":"3.97E-13",
				"e_lower_luminosity":"3.04E+41",
				"e_upper_flux":"4.74E-13",
				"e_upper_luminosity":"3.63E+41",
				"energy":[
					"0.3",
					"2.0"
				],
				"flux":"4.37E-13",
				"instrument":"PN",
				"luminosity":"3.35E+41",
				"photonindex":"7.7",
				"telescope":"XMM",
				"u_countrate":"s^-1",
				"u_energy":"keV",
				"u_flux":"ergs/cm^2/s",
				"u_time":"MJD",
				"source":"1"
			},
			{
				"time":[
					"54075.7",
					"54075.709"
				],
				"countrate":"0.00600857",
				"energy":[
					"0.3",
					"2.0"
				],
				"flux":"1.30E-13",
				"instrument":"XRT",
				"luminosity":"9.95E+40",
				"mode":"PC",
				"nhmw":"0.44",
				"photonindex":"4.5",
				"telescope":"Swift",
				"u_countrate":"s^-1",
				"u_energy":"keV",
				"u_flux":"ergs/cm^2/s",
				"u_time":"MJD",
				"upperlimit":true,
				"source":"1"
			},
			{
				"time":[
					"54126.8",
					"54126.807"
				],
				"countrate":"0.00560448",
				"e_countrate":"0.00362233",
				"e_lower_flux":"4.27E-14",
				"e_lower_luminosity":"3.27E+40",
				"e_upper_flux":"1.99E-13",
				"e_upper_luminosity":"1.52E+41",
				"energy":[
					"0.3",
					"2.0"
				],
				"flux":"1.21E-13",
				"instrument":"XRT",
				"luminosity":"9.26E+40",
				"mode":"PC",
				"nhmw":"0.44",
				"photonindex":"4.5",
				"telescope":"Swift",
				"u_countrate":"s^-1",
				"u_energy":"keV",
				"u_flux":"ergs/cm^2/s",
				"u_time":"MJD",
				"source":"1"
			},
			{
				"time":[
					"54278.7",
					"54278.735"
				],
				"countrate":"0.00348616",
				"e_countrate":"0.00204198",
				"e_lower_flux":"3.11E-14",
				"e_lower_luminosity":"2.38E+40",
				"e_upper_flux":"1.19E-13",
				"e_upper_luminosity":"9.11E+40",
				"energy":[
					"0.3",
					"2.0"
				],
				"flux":"7.52E-14",
				"instrument":"XRT",
				"luminosity":"5.76E+40",
				"mode":"PC",
				"nhmw":"0.44",
				"photonindex":"4.5",
				"telescope":"Swift",
				"u_countrate":"s^-1",
				"u_energy":"keV",
				"u_flux":"ergs/cm^2/s",
				"u_time":"MJD",
				"source":"1"
			},
			{
				"time":[
					"55360.7",
					"55360.707"
				],
				"countrate":"0.00533098",
				"energy":[
					"0.3",
					"2.0"
				],
				"flux":"1.15E-13",
				"instrument":"XRT",
				"luminosity":"8.81E+40",
				"mode":"PC",
				"nhmw":"0.44",
				"photonindex":"4.5",
				"telescope":"Swift",
				"u_countrate":"s^-1",
				"u_energy":"keV",
				"u_flux":"ergs/cm^2/s",
				"u_time":"MJD",
				"upperlimit":true,
				"source":"1"
			},
			{
				"time":[
					"55618",
					"55618.016"
				],
				"countrate":"0.00497001",
				"energy":[
					"0.3",
					"2.0"
				],
				"flux":"1.07E-13",
				"instrument":"XRT",
				"luminosity":"8.19E+40",
				"mode":"PC",
				"nhmw":"0.44",
				"photonindex":"4.5",
				"telescope":"Swift",
				"u_countrate":"s^-1",
				"u_energy":"keV",
				"u_flux":"ergs/cm^2/s",
				"u_time":"MJD",
				"upperlimit":true,
				"source":"1"
			},
			{
				"time":[
					"57086",
					"57086.032"
				],
				"countrate":"0.0038158",
				"energy":[
					"0.3",
					"2.0"
				],
				"flux":"8.24E-14",
				"instrument":"XRT",
				"luminosity":"6.31E+40",
				"mode":"PC",
				"nhmw":"0.44",
				"photonindex":"4.5",
				"telescope":"Swift",
				"u_countrate":"s^-1",
				"u_energy":"keV",
				"u_flux":"ergs/cm^2/s",
				"u_time":"MJD",
				"upperlimit":true,
				"source":"1"
			},
			{
				"time":[
					"57189.2",
					"57189.234"
				],
				"countrate":"0.00309824",
				"energy":[
					"0.3",
					"2.0"
				],
				"flux":"6.68E-14",
				"instrument":"XRT",
				"luminosity":"5.11E+40",
				"mode":"PC",
				"nhmw":"0.44",
				"photonindex":"4.5",
				"telescope":"Swift",
				"u_countrate":"s^-1",
				"u_energy":"keV",
				"u_flux":"ergs/cm^2/s",
				"u_time":"MJD",
				"upperlimit":true,
				"source":"1"
			},
			{
				"time":[
					"57284.9",
					"57284.923"
				],
				"countrate":"0.00408468",
				"energy":[
					"0.3",
					"2.0"
				],
				"flux":"8.80E-14",
				"instrument":"XRT",
				"luminosity":"6.74E+40",
				"mode":"PC",
				"nhmw":"0.44",
				"photonindex":"4.5",
				"telescope":"Swift",
				"u_countrate":"s^-1",
				"u_energy":"keV",
				"u_flux":"ergs/cm^2/s",
				"u_time":"MJD",
				"upperlimit":true,
				"source":"1"
			}
		]
	}
}