{
	"2XMMi J1847":{
		"schema":"https://github.com/astrocatalogs/tidaldisruptions/blob/f405406/SCHEMA.md",
		"name":"2XMMi J1847",
		"sources":[
			{
				"name":"2016A&A...594A..13P",
				"bibcode":"2016A&A...594A..13P",
				"reference":"Planck Collaboration et al. (2016)",
				"alias":"1"
			},
			{
				"name":"2011ApJ...738...52L",
				"bibcode":"2011ApJ...738...52L",
				"reference":"Lin et al. (2011)",
				"alias":"2"
			},
			{
				"name":"2011ApJ...737..103S",
				"bibcode":"2011ApJ...737..103S",
				"reference":"Schlafly & Finkbeiner (2011)",
				"alias":"3"
			},
			{
				"name":"The Open TDE Catalog",
				"bibcode":"2017ApJ...835...64G",
				"reference":"Guillochon et al. (2017)",
				"secondary":true,
				"url":"https://tde.space",
				"alias":"4"
			}
		],
		"alias":[
			{
				"value":"2XMMi J1847",
				"source":"2"
			},
			{
				"value":"2XMMi J184725.1-631724",
				"source":"2"
			}
		],
		"comovingdist":[
			{
				"value":"155",
				"derived":true,
				"u_value":"Mpc",
				"source":"1,2,4"
			}
		],
		"dec":[
			{
				"value":"-63:17:24.96",
				"u_value":"degrees",
				"source":"2"
			}
		],
		"ebv":[
			{
				"value":"0.0849",
				"derived":true,
				"e_value":"0.0031",
				"source":"3,4"
			}
		],
		"host":[
			{
				"value":"IC 4765-f01-1504",
				"source":"2"
			}
		],
		"hostdec":[
			{
				"value":"-63:17:24.77",
				"u_value":"degrees",
				"source":"2"
			}
		],
		"hostoffsetang":[
			{
				"value":"0.3551",
				"derived":true,
				"u_value":"arcseconds",
				"source":"2,4"
			}
		],
		"hostoffsetdist":[
			{
				"value":"0.2577",
				"source":"1,2,4"
			}
		],
		"hostra":[
			{
				"value":"18:47:25.14",
				"u_value":"hours",
				"source":"2"
			}
		],
		"lumdist":[
			{
				"value":"160",
				"derived":true,
				"kind":"host",
				"u_value":"Mpc",
				"source":"1,2,4"
			}
		],
		"ra":[
			{
				"value":"18:47:25.16",
				"u_value":"hours",
				"source":"2"
			}
		],
		"redshift":[
			{
				"value":"0.0353",
				"kind":"host",
				"source":"2"
			}
		],
		"velocity":[
			{
				"value":"10400",
				"derived":true,
				"kind":"host",
				"u_value":"km/s",
				"source":"4"
			}
		]
	}
}