{"2XMMi J1847": {"hostdec": [{"source": "2", "u_value": "degrees", "value": "-63:17:24.77"}], "lumdist": [{"u_value": "Mpc", "kind": "host", "derived": true, "value": "160", "source": "1,2,4"}], "comovingdist": [{"u_value": "Mpc", "derived": true, "value": "155", "source": "1,2,4"}], "name": "2XMMi J1847", "alias": [{"source": "2", "value": "2XMMi J1847"}, {"source": "2", "value": "2XMMi J184725.1-631724"}], "redshift": [{"source": "2", "kind": "host", "value": "0.0353"}], "host": [{"source": "2", "value": "IC 4765-f01-1504"}], "hostoffsetdist": [{"source": "1,2,4", "value": "0.2577"}], "sources": [{"alias": "1", "bibcode": "2016A&A...594A..13P", "name": "2016A&A...594A..13P", "reference": "Planck Collaboration et al. (2016)"}, {"alias": "2", "bibcode": "2011ApJ...738...52L", "name": "2011ApJ...738...52L", "reference": "Lin et al. (2011)"}, {"alias": "3", "bibcode": "2011ApJ...737..103S", "name": "2011ApJ...737..103S", "reference": "Schlafly & Finkbeiner (2011)"}, {"bibcode": "2017ApJ...835...64G", "name": "The Open TDE Catalog", "reference": "Guillochon et al. (2017)", "url": "https://tde.space", "alias": "4", "secondary": true}], "ebv": [{"e_value": "0.0031", "derived": true, "value": "0.0849", "source": "3,4"}], "ra": [{"source": "2", "u_value": "hours", "value": "18:47:25.16"}], "hostra": [{"source": "2", "u_value": "hours", "value": "18:47:25.14"}], "velocity": [{"u_value": "km/s", "kind": "host", "derived": true, "value": "10400", "source": "4"}], "dec": [{"source": "2", "u_value": "degrees", "value": "-63:17:24.96"}], "hostoffsetang": [{"u_value": "arcseconds", "derived": true, "value": "0.3551", "source": "2,4"}], "schema": "https://github.com/astrocatalogs/tidaldisruptions/blob/f405406/SCHEMA.md"}}