{
	"3XMM J152130.7+074916": {
		"hostdec": [
				{
					"source": "1", 
					"u_value": "degrees", 
					"value": "+07:49:16.52"
				}
		], 
		"lumdist": [
				{
					"u_value": "Mpc", 
					"derived": true, 
					"value": "894.21", 
					"source": "1,2,3,5"
				}
		], 
		"photometry": [
				{
					"u_energy": "keV", 
					"telescope": "ROSAT", 
					"instrument": "PSPC", 
					"source": "1", 
					"luminosity": "1.17E+43", 
					"energy": [
						"0.3", 
						"2.0"
					], 
					"u_countrate": "s^-1", 
					"photonindex": "4.5", 
					"countrate": "0.0531", 
					"flux": "1.23E-13", 
					"nhmw": "0.026", 
					"u_flux": "ergs/cm^2/s", 
					"u_time": "MJD", 
					"time": [
						"48100", 
						"48100.004"
					], 
					"upperlimit": true
				}, 
				{
					"u_energy": "keV", 
					"telescope": "ROSAT", 
					"instrument": "PSPC", 
					"source": "1", 
					"luminosity": "6.29E+42", 
					"energy": [
						"0.3", 
						"2.0"
					], 
					"u_countrate": "s^-1", 
					"photonindex": "4.5", 
					"countrate": "0.0286", 
					"flux": "6.62E-14", 
					"nhmw": "0.026", 
					"u_flux": "ergs/cm^2/s", 
					"u_time": "MJD", 
					"time": [
						"48800", 
						"48800.162"
					], 
					"upperlimit": true
				}, 
				{
					"u_energy": "keV", 
					"telescope": "Chandra", 
					"instrument": "ACIS-S", 
					"source": "1", 
					"luminosity": "6.49E+41", 
					"energy": [
						"0.3", 
						"2.0"
					], 
					"u_countrate": "s^-1", 
					"photonindex": "4.5", 
					"countrate": "0.000139", 
					"flux": "6.83E-15", 
					"nhmw": "0.026", 
					"u_flux": "ergs/cm^2/s", 
					"u_time": "MJD", 
					"time": [
						"51600", 
						"51600.672"
					], 
					"upperlimit": true
				}, 
				{
					"e_upper_luminosity": "3.51E+43", 
					"u_energy": "keV", 
					"telescope": "XMM", 
					"instrument": "PN", 
					"luminosity": "3.15E+43", 
					"energy": [
						"0.3", 
						"2.0"
					], 
					"e_lower_luminosity": "2.92E+43", 
					"u_countrate": "s^-1", 
					"photonindex": "5.18", 
					"countrate": "0.0348", 
					"e_lower_flux": "3.07E-13", 
					"flux": "3.32E-13", 
					"nhmw": "0.026", 
					"u_flux": "ergs/cm^2/s", 
					"u_time": "MJD", 
					"e_upper_flux": "3.70E-13", 
					"time": [
						"51779.3", 
						"51779.888"
					], 
					"e_countrate": "0.001", 
					"source": "1"
				}, 
				{
					"u_energy": "keV", 
					"telescope": "Swift", 
					"instrument": "XRT", 
					"source": "1", 
					"luminosity": "1.80E+43", 
					"energy": [
						"0.3", 
						"2.0"
					], 
					"u_countrate": "s^-1", 
					"photonindex": "4.5", 
					"countrate": "0.00732292", 
					"flux": "1.89E-13", 
					"nhmw": "0.026", 
					"u_flux": "ergs/cm^2/s", 
					"mode": "PC", 
					"time": [
						"53623.8", 
						"53623.908"
					], 
					"upperlimit": true, 
					"u_time": "MJD"
				}, 
				{
					"u_energy": "keV", 
					"telescope": "XMM", 
					"instrument": "PN", 
					"source": "1", 
					"luminosity": "1.61E+45", 
					"energy": [
						"0.3", 
						"2.0"
					], 
					"u_countrate": "s^-1", 
					"photonindex": "5.18", 
					"countrate": "4.36", 
					"flux": "1.70E-11", 
					"nhmw": "0.026", 
					"u_flux": "ergs/cm^2/s", 
					"u_time": "MJD", 
					"time": [
						"54490.9", 
						"54490.900"
					], 
					"upperlimit": true
				}, 
				{
					"u_energy": "keV", 
					"telescope": "XMM", 
					"instrument": "PN", 
					"source": "1", 
					"luminosity": "7.21E+44", 
					"energy": [
						"0.3", 
						"2.0"
					], 
					"u_countrate": "s^-1", 
					"photonindex": "5.18", 
					"countrate": "1.95", 
					"flux": "7.59E-12", 
					"nhmw": "0.026", 
					"u_flux": "ergs/cm^2/s", 
					"u_time": "MJD", 
					"time": [
						"55219.6", 
						"55219.600"
					], 
					"upperlimit": true
				}, 
				{
					"u_energy": "keV", 
					"telescope": "XMM", 
					"instrument": "PN", 
					"source": "1", 
					"luminosity": "5.47E+41", 
					"energy": [
						"0.3", 
						"2.0"
					], 
					"u_countrate": "s^-1", 
					"photonindex": "5.18", 
					"countrate": "0.011372", 
					"flux": "5.76E-15", 
					"nhmw": "0.026", 
					"u_flux": "ergs/cm^2/s", 
					"u_time": "MJD", 
					"time": [
						"56676.5", 
						"56677.821"
					], 
					"upperlimit": true
				}
		], 
		"comovingdist": [
				{
					"u_value": "Mpc", 
					"derived": true, 
					"value": "758.44", 
					"source": "1,2,3,5"
				}
		], 
		"name": "3XMM J152130.7+074916", 
		"nhhost": [
				{
					"source": "3", 
					"value": "2.61e+20"
				}
		], 
		"alias": [
				{
					"source": "1", 
					"value": "3XMM J152130.7+074916"
				}
		], 
		"redshift": [
				{
					"source": "1,3", 
					"value": "0.17901"
				}
		], 
		"claimedtype": [
				{
					"source": "1", 
					"value": "TDE"
				}, 
				{
					"source": "1", 
					"value": "AGN"
				}
		], 
		"host": [
				{
					"source": "3", 
					"value": "SDSS J152130.72+074916.5"
				}, 
				{
					"source": "1", 
					"value": "3XMM J152130.7+074916"
				}
		], 
		"hostoffsetdist": [
				{
					"source": "1,2,3,5", 
					"value": "1.091"
				}
		], 
		"sources": [
				{
					"alias": "1", 
					"bibcode": "2017ApJ...838..149A", 
					"name": "2017ApJ...838..149A", 
					"reference": "Auchettl, Guillochon, & Ramirez-Ruiz (2017)"
				}, 
				{
					"alias": "2", 
					"bibcode": "2016A&A...594A..13P", 
					"name": "2016A&A...594A..13P", 
					"reference": "Planck Collaboration et al. (2016)"
				}, 
				{
					"alias": "3", 
					"bibcode": "2015ApJ...811...43L", 
					"name": "2015ApJ...811...43L", 
					"reference": "Lin et al. (2015)"
				}, 
				{
					"alias": "4", 
					"bibcode": "2011ApJ...737..103S", 
					"name": "2011ApJ...737..103S", 
					"reference": "Schlafly & Finkbeiner (2011)"
				}, 
				{
					"bibcode": "2017ApJ...835...64G", 
					"name": "The Open TDE Catalog", 
					"reference": "Guillochon et al. (2017)", 
					"url": "https://tde.space", 
					"alias": "5", 
					"secondary": true
				}
		], 
		"ebv": [
				{
					"e_value": "0.0007", 
					"derived": true, 
					"value": "0.0294", 
					"source": "4,5"
				}
		], 
		"citations": [
				{
					"source": "3", 
					"value": "<a href='http://adsabs.harvard.edu/abs/2015ApJ...811...43L'>Lin et al. 2015</a>*&Dagger;"
				}
		], 
		"discoverdate": [
				{
					"source": "1,5", 
					"derived": true, 
					"value": "2000/08/23"
				}
		], 
		"ra": [
				{
					"source": "1", 
					"u_value": "hours", 
					"value": "15:21:30.75"
				}
		], 
		"hostra": [
				{
					"source": "1", 
					"u_value": "hours", 
					"value": "15:21:30.73"
				}
		], 
		"velocity": [
				{
					"u_value": "km/s", 
					"derived": true, 
					"value": "48927", 
					"source": "5"
				}
		], 
		"dec": [
				{
					"source": "1", 
					"u_value": "degrees", 
					"value": "+07:49:16.70"
				}
		], 
		"hostoffsetang": [
				{
					"u_value": "arcseconds", 
					"derived": true, 
					"value": "0.3499", 
					"source": "1,5"
				}
		], 
		"schema": "https://github.com/astrocatalogs/tidaldisruptions/blob/f405406/SCHEMA.md"
	}
}