{
	"3XMM J152130.7+074916":{
		"schema":"https://github.com/astrocatalogs/tidaldisruptions/blob/f405406/SCHEMA.md",
		"name":"3XMM J152130.7+074916",
		"sources":[
			{
				"name":"2017ApJ...838..149A",
				"bibcode":"2017ApJ...838..149A",
				"reference":"Auchettl, Guillochon, & Ramirez-Ruiz (2017)",
				"alias":"1"
			},
			{
				"name":"2016A&A...594A..13P",
				"bibcode":"2016A&A...594A..13P",
				"reference":"Planck Collaboration et al. (2016)",
				"alias":"2"
			},
			{
				"name":"2015ApJ...811...43L",
				"bibcode":"2015ApJ...811...43L",
				"reference":"Lin et al. (2015)",
				"alias":"3"
			},
			{
				"name":"2011ApJ...737..103S",
				"bibcode":"2011ApJ...737..103S",
				"reference":"Schlafly & Finkbeiner (2011)",
				"alias":"4"
			},
			{
				"name":"The Open TDE Catalog",
				"bibcode":"2017ApJ...835...64G",
				"reference":"Guillochon et al. (2017)",
				"secondary":true,
				"url":"https://tde.space",
				"alias":"5"
			}
		],
		"alias":[
			{
				"value":"3XMM J152130.7+074916",
				"source":"1"
			}
		],
		"citations":[
			{
				"value":"<a href='http://adsabs.harvard.edu/abs/2015ApJ...811...43L'>Lin et al. 2015</a>*&Dagger;",
				"source":"3"
			}
		],
		"claimedtype":[
			{
				"value":"TDE",
				"source":"1"
			},
			{
				"value":"AGN",
				"source":"1"
			}
		],
		"comovingdist":[
			{
				"value":"758.44",
				"derived":true,
				"u_value":"Mpc",
				"source":"1,2,3,5"
			}
		],
		"dec":[
			{
				"value":"+07:49:16.70",
				"u_value":"degrees",
				"source":"1"
			}
		],
		"discoverdate":[
			{
				"value":"2000/08/23",
				"derived":true,
				"source":"1,5"
			}
		],
		"ebv":[
			{
				"value":"0.0294",
				"derived":true,
				"e_value":"0.0007",
				"source":"4,5"
			}
		],
		"host":[
			{
				"value":"SDSS J152130.72+074916.5",
				"source":"3"
			},
			{
				"value":"3XMM J152130.7+074916",
				"source":"1"
			}
		],
		"hostdec":[
			{
				"value":"+07:49:16.52",
				"u_value":"degrees",
				"source":"1"
			}
		],
		"hostoffsetang":[
			{
				"value":"0.3499",
				"derived":true,
				"u_value":"arcseconds",
				"source":"1,5"
			}
		],
		"hostoffsetdist":[
			{
				"value":"1.091",
				"source":"1,2,3,5"
			}
		],
		"hostra":[
			{
				"value":"15:21:30.73",
				"u_value":"hours",
				"source":"1"
			}
		],
		"lumdist":[
			{
				"value":"894.21",
				"derived":true,
				"u_value":"Mpc",
				"source":"1,2,3,5"
			}
		],
		"nhhost":[
			{
				"value":"2.61e+20",
				"source":"3"
			}
		],
		"ra":[
			{
				"value":"15:21:30.75",
				"u_value":"hours",
				"source":"1"
			}
		],
		"redshift":[
			{
				"value":"0.17901",
				"source":"1,3"
			}
		],
		"velocity":[
			{
				"value":"48927",
				"derived":true,
				"u_value":"km/s",
				"source":"5"
			}
		],
		"photometry":[
			{
				"time":[
					"48100",
					"48100.004"
				],
				"countrate":"0.0531",
				"energy":[
					"0.3",
					"2.0"
				],
				"flux":"1.23E-13",
				"instrument":"PSPC",
				"luminosity":"1.17E+43",
				"nhmw":"0.026",
				"photonindex":"4.5",
				"telescope":"ROSAT",
				"u_countrate":"s^-1",
				"u_energy":"keV",
				"u_flux":"ergs/cm^2/s",
				"u_time":"MJD",
				"upperlimit":true,
				"source":"1"
			},
			{
				"time":[
					"48800",
					"48800.162"
				],
				"countrate":"0.0286",
				"energy":[
					"0.3",
					"2.0"
				],
				"flux":"6.62E-14",
				"instrument":"PSPC",
				"luminosity":"6.29E+42",
				"nhmw":"0.026",
				"photonindex":"4.5",
				"telescope":"ROSAT",
				"u_countrate":"s^-1",
				"u_energy":"keV",
				"u_flux":"ergs/cm^2/s",
				"u_time":"MJD",
				"upperlimit":true,
				"source":"1"
			},
			{
				"time":[
					"51600",
					"51600.672"
				],
				"countrate":"0.000139",
				"energy":[
					"0.3",
					"2.0"
				],
				"flux":"6.83E-15",
				"instrument":"ACIS-S",
				"luminosity":"6.49E+41",
				"nhmw":"0.026",
				"photonindex":"4.5",
				"telescope":"Chandra",
				"u_countrate":"s^-1",
				"u_energy":"keV",
				"u_flux":"ergs/cm^2/s",
				"u_time":"MJD",
				"upperlimit":true,
				"source":"1"
			},
			{
				"time":[
					"51779.3",
					"51779.888"
				],
				"countrate":"0.0348",
				"e_countrate":"0.001",
				"e_lower_flux":"3.07E-13",
				"e_lower_luminosity":"2.92E+43",
				"e_upper_flux":"3.70E-13",
				"e_upper_luminosity":"3.51E+43",
				"energy":[
					"0.3",
					"2.0"
				],
				"flux":"3.32E-13",
				"instrument":"PN",
				"luminosity":"3.15E+43",
				"nhmw":"0.026",
				"photonindex":"5.18",
				"telescope":"XMM",
				"u_countrate":"s^-1",
				"u_energy":"keV",
				"u_flux":"ergs/cm^2/s",
				"u_time":"MJD",
				"source":"1"
			},
			{
				"time":[
					"53623.8",
					"53623.908"
				],
				"countrate":"0.00732292",
				"energy":[
					"0.3",
					"2.0"
				],
				"flux":"1.89E-13",
				"instrument":"XRT",
				"luminosity":"1.80E+43",
				"mode":"PC",
				"nhmw":"0.026",
				"photonindex":"4.5",
				"telescope":"Swift",
				"u_countrate":"s^-1",
				"u_energy":"keV",
				"u_flux":"ergs/cm^2/s",
				"u_time":"MJD",
				"upperlimit":true,
				"source":"1"
			},
			{
				"time":[
					"54490.9",
					"54490.900"
				],
				"countrate":"4.36",
				"energy":[
					"0.3",
					"2.0"
				],
				"flux":"1.70E-11",
				"instrument":"PN",
				"luminosity":"1.61E+45",
				"nhmw":"0.026",
				"photonindex":"5.18",
				"telescope":"XMM",
				"u_countrate":"s^-1",
				"u_energy":"keV",
				"u_flux":"ergs/cm^2/s",
				"u_time":"MJD",
				"upperlimit":true,
				"source":"1"
			},
			{
				"time":[
					"55219.6",
					"55219.600"
				],
				"countrate":"1.95",
				"energy":[
					"0.3",
					"2.0"
				],
				"flux":"7.59E-12",
				"instrument":"PN",
				"luminosity":"7.21E+44",
				"nhmw":"0.026",
				"photonindex":"5.18",
				"telescope":"XMM",
				"u_countrate":"s^-1",
				"u_energy":"keV",
				"u_flux":"ergs/cm^2/s",
				"u_time":"MJD",
				"upperlimit":true,
				"source":"1"
			},
			{
				"time":[
					"56676.5",
					"56677.821"
				],
				"countrate":"0.011372",
				"energy":[
					"0.3",
					"2.0"
				],
				"flux":"5.76E-15",
				"instrument":"PN",
				"luminosity":"5.47E+41",
				"nhmw":"0.026",
				"photonindex":"5.18",
				"telescope":"XMM",
				"u_countrate":"s^-1",
				"u_energy":"keV",
				"u_flux":"ergs/cm^2/s",
				"u_time":"MJD",
				"upperlimit":true,
				"source":"1"
			}
		]
	}
}