{
	"ASASSN-15oi":{
		"schema":"https://github.com/astrocatalogs/tidaldisruptions/blob/f405406/SCHEMA.md",
		"name":"ASASSN-15oi",
		"sources":[
			{
				"name":"2017ApJ...838..149A",
				"bibcode":"2017ApJ...838..149A",
				"reference":"Auchettl, Guillochon, & Ramirez-Ruiz (2017)",
				"alias":"1"
			},
			{
				"name":"2016arXiv160201088H",
				"bibcode":"2016arXiv160201088H",
				"reference":"Holoien et al. (2016)",
				"alias":"2"
			},
			{
				"name":"2016ApJ...818L..21F",
				"bibcode":"2016ApJ...818L..21F",
				"reference":"French, Arcavi, & Zabludoff (2016)",
				"alias":"3"
			},
			{
				"name":"2016A&A...594A..13P",
				"bibcode":"2016A&A...594A..13P",
				"reference":"Planck Collaboration et al. (2016)",
				"alias":"4"
			},
			{
				"name":"2015ATel.7910....1B",
				"bibcode":"2015ATel.7910....1B",
				"reference":"Brimacombe et al. (2015)",
				"alias":"5"
			},
			{
				"name":"2011ApJ...737..103S",
				"bibcode":"2011ApJ...737..103S",
				"reference":"Schlafly & Finkbeiner (2011)",
				"alias":"6"
			},
			{
				"name":"ASAS-SN Supernovae",
				"url":"http://www.astronomy.ohio-state.edu/~assassin/transients.html",
				"alias":"7"
			},
			{
				"name":"The Open TDE Catalog",
				"bibcode":"2017ApJ...835...64G",
				"reference":"Guillochon et al. (2017)",
				"secondary":true,
				"url":"https://tde.space",
				"alias":"8"
			},
			{
				"name":"SIMBAD astronomical database",
				"bibcode":"2000A&AS..143....9W",
				"reference":"Wenger et al. (2000)",
				"secondary":true,
				"url":"http://simbad.u-strasbg.fr/",
				"alias":"9"
			}
		],
		"alias":[
			{
				"value":"ASASSN-15oi",
				"source":"1,2,5,7,9"
			}
		],
		"citations":[
			{
				"value":"<a href='http://adsabs.harvard.edu/abs/2015ATel.7910....1B'>Brimacombe et. al 2015</a>*, <a href='http://adsabs.harvard.edu/abs/2015ATel.7936....1P'>Prentice et. al 2015</a>&Dagger;",
				"source":"5"
			}
		],
		"claimedtype":[
			{
				"value":"TDE?",
				"source":"1"
			},
			{
				"value":"TDE",
				"source":"7"
			}
		],
		"comovingdist":[
			{
				"value":"90",
				"derived":true,
				"u_value":"Mpc",
				"source":"1,4,5,7,8"
			}
		],
		"dec":[
			{
				"value":"-30:45:20.71",
				"u_value":"degrees",
				"source":"1,3,9"
			},
			{
				"value":"-30:45:22.6",
				"u_value":"floatdegrees",
				"source":"5,7"
			}
		],
		"discoverdate":[
			{
				"value":"2015/08/14.2",
				"source":"5,7"
			}
		],
		"ebv":[
			{
				"value":"0.059",
				"derived":true,
				"e_value":"0.0039",
				"source":"6,8"
			}
		],
		"host":[
			{
				"value":"2MASX J20390918-3045201",
				"source":"1,5"
			}
		],
		"hostdec":[
			{
				"value":"-30:45:20.10",
				"u_value":"degrees",
				"source":"1"
			}
		],
		"hostoffsetang":[
			{
				"value":"1.346",
				"derived":true,
				"u_value":"arcseconds",
				"source":"1,3,8,9"
			}
		],
		"hostoffsetdist":[
			{
				"value":"0.5758",
				"source":"1,3,4,5,7,8,9"
			}
		],
		"hostra":[
			{
				"value":"20:39:09.18",
				"u_value":"hours",
				"source":"1"
			}
		],
		"lumdist":[
			{
				"value":"90",
				"derived":true,
				"u_value":"Mpc",
				"source":"1,4,5,7,8"
			}
		],
		"maxabsmag":[
			{
				"value":"-20",
				"derived":true,
				"source":"1,4,5,7,8"
			}
		],
		"maxappmag":[
			{
				"value":"14.44",
				"derived":true,
				"source":"2,8"
			}
		],
		"maxband":[
			{
				"value":"M2",
				"derived":true,
				"source":"2,8"
			}
		],
		"maxdate":[
			{
				"value":"2015/08/25",
				"derived":true,
				"source":"2,8"
			}
		],
		"maxvisualappmag":[
			{
				"value":"16.09",
				"derived":true,
				"source":"2,8"
			}
		],
		"maxvisualband":[
			{
				"value":"B",
				"derived":true,
				"source":"2,8"
			}
		],
		"maxvisualdate":[
			{
				"value":"2015/08/15",
				"derived":true,
				"source":"2,8"
			}
		],
		"ra":[
			{
				"value":"20:39:09.10",
				"u_value":"hours",
				"source":"1"
			},
			{
				"value":"20:39:08.93",
				"u_value":"floatdegrees",
				"source":"5,7"
			},
			{
				"value":"20:39:09.096",
				"u_value":"hours",
				"source":"3,9"
			}
		],
		"redshift":[
			{
				"value":"0.02",
				"source":"1,5,7"
			}
		],
		"velocity":[
			{
				"value":"6000",
				"derived":true,
				"u_value":"km/s",
				"source":"8"
			}
		],
		"photometry":[
			{
				"time":[
					"48200",
					"48200.003"
				],
				"countrate":"0.0449",
				"energy":[
					"0.3",
					"2.0"
				],
				"flux":"2.95E-13",
				"instrument":"PSPC",
				"luminosity":"1.62E+42",
				"nhmw":"0.0561",
				"photonindex":"4.5",
				"telescope":"ROSAT",
				"u_countrate":"s^-1",
				"u_energy":"keV",
				"u_flux":"ergs/cm^2/s",
				"u_time":"MJD",
				"upperlimit":true,
				"source":"1"
			},
			{
				"time":"57249.531",
				"band":"B",
				"e_magnitude":"0.055",
				"magnitude":"16.09",
				"telescope":"LCOGT",
				"u_time":"MJD",
				"source":"2"
			},
			{
				"time":"57249.532",
				"band":"I",
				"e_magnitude":"0.129",
				"magnitude":"15.45",
				"telescope":"LCOGT",
				"u_time":"MJD",
				"source":"2"
			},
			{
				"time":"57249.533",
				"band":"V",
				"e_magnitude":"0.053",
				"magnitude":"16.01",
				"telescope":"LCOGT",
				"u_time":"MJD",
				"source":"2"
			},
			{
				"time":"57252.001",
				"band":"B",
				"e_magnitude":"0.075",
				"magnitude":"16.20",
				"telescope":"LCOGT",
				"u_time":"MJD",
				"source":"2"
			},
			{
				"time":"57252.002",
				"band":"I",
				"e_magnitude":"0.158",
				"magnitude":"15.54",
				"telescope":"LCOGT",
				"u_time":"MJD",
				"source":"2"
			},
			{
				"time":"57252.004",
				"band":"V",
				"e_magnitude":"0.055",
				"magnitude":"16.06",
				"telescope":"LCOGT",
				"u_time":"MJD",
				"source":"2"
			},
			{
				"time":"57256.426",
				"band":"B",
				"e_magnitude":"0.042",
				"magnitude":"16.34",
				"telescope":"LCOGT",
				"u_time":"MJD",
				"source":"2"
			},
			{
				"time":"57256.428",
				"band":"I",
				"e_magnitude":"0.133",
				"magnitude":"15.46",
				"telescope":"LCOGT",
				"u_time":"MJD",
				"source":"2"
			},
			{
				"time":"57256.429",
				"band":"V",
				"e_magnitude":"0.053",
				"magnitude":"16.10",
				"telescope":"LCOGT",
				"u_time":"MJD",
				"source":"2"
			},
			{
				"time":"57257.794",
				"band":"W2",
				"e_magnitude":"0.042",
				"instrument":"UVOT",
				"magnitude":"14.77",
				"telescope":"Swift",
				"u_time":"MJD",
				"source":"2"
			},
			{
				"time":"57258.007",
				"band":"B",
				"e_magnitude":"0.065",
				"magnitude":"16.44",
				"telescope":"LCOGT",
				"u_time":"MJD",
				"source":"2"
			},
			{
				"time":"57258.008",
				"band":"I",
				"e_magnitude":"0.143",
				"magnitude":"15.43",
				"telescope":"LCOGT",
				"u_time":"MJD",
				"source":"2"
			},
			{
				"time":"57258.009",
				"band":"V",
				"e_magnitude":"0.225",
				"magnitude":"16.30",
				"telescope":"LCOGT",
				"u_time":"MJD",
				"source":"2"
			},
			{
				"time":"57259.325",
				"band":"W1",
				"e_magnitude":"0.042",
				"instrument":"UVOT",
				"magnitude":"14.60",
				"telescope":"Swift",
				"u_time":"MJD",
				"source":"2"
			},
			{
				"time":"57259.328",
				"band":"U",
				"e_magnitude":"0.045",
				"magnitude":"15.25",
				"telescope":"Swift",
				"u_time":"MJD",
				"source":"2"
			},
			{
				"time":"57259.329",
				"band":"B",
				"e_magnitude":"0.045",
				"magnitude":"16.34",
				"telescope":"Swift",
				"u_time":"MJD",
				"source":"2"
			},
			{
				"time":"57259.330",
				"band":"W2",
				"e_magnitude":"0.042",
				"instrument":"UVOT",
				"magnitude":"14.83",
				"telescope":"Swift",
				"u_time":"MJD",
				"source":"2"
			},
			{
				"time":"57259.334",
				"band":"V",
				"e_magnitude":"0.071",
				"magnitude":"16.15",
				"telescope":"Swift",
				"u_time":"MJD",
				"source":"2"
			},
			{
				"time":"57259.335",
				"band":"M2",
				"e_magnitude":"0.042",
				"instrument":"UVOT",
				"magnitude":"14.44",
				"telescope":"Swift",
				"u_time":"MJD",
				"source":"2"
			},
			{
				"time":"57262.250",
				"band":"B",
				"e_magnitude":"0.082",
				"magnitude":"16.52",
				"telescope":"LCOGT",
				"u_time":"MJD",
				"source":"2"
			},
			{
				"time":"57262.251",
				"band":"I",
				"e_magnitude":"0.193",
				"magnitude":"15.34",
				"telescope":"LCOGT",
				"u_time":"MJD",
				"source":"2"
			},
			{
				"time":"57262.252",
				"band":"V",
				"e_magnitude":"0.144",
				"magnitude":"16.52",
				"telescope":"LCOGT",
				"u_time":"MJD",
				"source":"2"
			},
			{
				"time":"57264.081",
				"band":"B",
				"e_magnitude":"0.062",
				"magnitude":"16.58",
				"telescope":"LCOGT",
				"u_time":"MJD",
				"source":"2"
			},
			{
				"time":"57264.083",
				"band":"I",
				"e_magnitude":"0.150",
				"magnitude":"15.83",
				"telescope":"LCOGT",
				"u_time":"MJD",
				"source":"2"
			},
			{
				"time":"57264.379",
				"band":"W1",
				"e_magnitude":"0.042",
				"instrument":"UVOT",
				"magnitude":"15.02",
				"telescope":"Swift",
				"u_time":"MJD",
				"source":"2"
			},
			{
				"time":"57264.383",
				"band":"U",
				"e_magnitude":"0.045",
				"magnitude":"15.69",
				"telescope":"Swift",
				"u_time":"MJD",
				"source":"2"
			},
			{
				"time":"57264.384",
				"band":"B",
				"e_magnitude":"0.045",
				"magnitude":"16.74",
				"telescope":"Swift",
				"u_time":"MJD",
				"source":"2"
			},
			{
				"time":"57264.386",
				"band":"W2",
				"e_magnitude":"0.042",
				"instrument":"UVOT",
				"magnitude":"15.13",
				"telescope":"Swift",
				"u_time":"MJD",
				"source":"2"
			},
			{
				"time":"57264.392",
				"band":"V",
				"e_magnitude":"0.071",
				"magnitude":"16.44",
				"telescope":"Swift",
				"u_time":"MJD",
				"source":"2"
			},
			{
				"time":"57264.394",
				"band":"M2",
				"e_magnitude":"0.042",
				"instrument":"UVOT",
				"magnitude":"14.87",
				"telescope":"Swift",
				"u_time":"MJD",
				"source":"2"
			},
			{
				"time":"57266.062",
				"band":"B",
				"e_magnitude":"0.063",
				"magnitude":"16.87",
				"telescope":"LCOGT",
				"u_time":"MJD",
				"source":"2"
			},
			{
				"time":"57266.065",
				"band":"V",
				"e_magnitude":"0.112",
				"magnitude":"16.55",
				"telescope":"LCOGT",
				"u_time":"MJD",
				"source":"2"
			},
			{
				"time":"57268.051",
				"band":"B",
				"e_magnitude":"0.068",
				"magnitude":"16.99",
				"telescope":"LCOGT",
				"u_time":"MJD",
				"source":"2"
			},
			{
				"time":"57268.052",
				"band":"I",
				"e_magnitude":"0.129",
				"magnitude":"15.72",
				"telescope":"LCOGT",
				"u_time":"MJD",
				"source":"2"
			},
			{
				"time":"57268.053",
				"band":"V",
				"e_magnitude":"0.047",
				"magnitude":"16.63",
				"telescope":"LCOGT",
				"u_time":"MJD",
				"source":"2"
			},
			{
				"time":"57268.719",
				"band":"W1",
				"e_magnitude":"0.050",
				"instrument":"UVOT",
				"magnitude":"15.30",
				"telescope":"Swift",
				"u_time":"MJD",
				"source":"2"
			},
			{
				"time":"57268.722",
				"band":"U",
				"e_magnitude":"0.045",
				"magnitude":"15.99",
				"telescope":"Swift",
				"u_time":"MJD",
				"source":"2"
			},
			{
				"time":"57268.724",
				"band":"B",
				"e_magnitude":"0.054",
				"magnitude":"16.96",
				"telescope":"Swift",
				"u_time":"MJD",
				"source":"2"
			},
			{
				"time":"57268.725",
				"band":"W2",
				"e_magnitude":"0.076",
				"instrument":"UVOT",
				"magnitude":"15.21",
				"telescope":"Swift",
				"u_time":"MJD",
				"source":"2"
			},
			{
				"time":"57268.788",
				"band":"V",
				"e_magnitude":"0.100",
				"magnitude":"16.91",
				"telescope":"Swift",
				"u_time":"MJD",
				"source":"2"
			},
			{
				"time":"57268.789",
				"band":"M2",
				"e_magnitude":"0.050",
				"instrument":"UVOT",
				"magnitude":"15.21",
				"telescope":"Swift",
				"u_time":"MJD",
				"source":"2"
			},
			{
				"time":"57269.906",
				"band":"B",
				"e_magnitude":"0.060",
				"magnitude":"17.05",
				"telescope":"LCOGT",
				"u_time":"MJD",
				"source":"2"
			},
			{
				"time":"57269.908",
				"band":"I",
				"e_magnitude":"0.133",
				"magnitude":"15.71",
				"telescope":"LCOGT",
				"u_time":"MJD",
				"source":"2"
			},
			{
				"time":"57269.909",
				"band":"V",
				"e_magnitude":"0.050",
				"magnitude":"16.76",
				"telescope":"LCOGT",
				"u_time":"MJD",
				"source":"2"
			},
			{
				"time":"57271.880",
				"band":"B",
				"e_magnitude":"0.074",
				"magnitude":"17.19",
				"telescope":"LCOGT",
				"u_time":"MJD",
				"source":"2"
			},
			{
				"time":"57271.882",
				"band":"I",
				"e_magnitude":"0.143",
				"magnitude":"15.70",
				"telescope":"LCOGT",
				"u_time":"MJD",
				"source":"2"
			},
			{
				"time":"57271.883",
				"band":"V",
				"e_magnitude":"0.062",
				"magnitude":"16.79",
				"telescope":"LCOGT",
				"u_time":"MJD",
				"source":"2"
			},
			{
				"time":"57272.503",
				"band":"W1",
				"e_magnitude":"0.050",
				"instrument":"UVOT",
				"magnitude":"15.55",
				"telescope":"Swift",
				"u_time":"MJD",
				"source":"2"
			},
			{
				"time":"57272.506",
				"band":"U",
				"e_magnitude":"0.054",
				"magnitude":"16.19",
				"telescope":"Swift",
				"u_time":"MJD",
				"source":"2"
			},
			{
				"time":"57272.507",
				"band":"B",
				"e_magnitude":"0.063",
				"magnitude":"17.27",
				"telescope":"Swift",
				"u_time":"MJD",
				"source":"2"
			},
			{
				"time":"57272.508",
				"band":"W2",
				"e_magnitude":"0.042",
				"instrument":"UVOT",
				"magnitude":"15.48",
				"telescope":"Swift",
				"u_time":"MJD",
				"source":"2"
			},
			{
				"time":"57272.514",
				"band":"V",
				"e_magnitude":"0.091",
				"magnitude":"16.88",
				"telescope":"Swift",
				"u_time":"MJD",
				"source":"2"
			},
			{
				"time":"57272.515",
				"band":"M2",
				"e_magnitude":"0.050",
				"instrument":"UVOT",
				"magnitude":"15.36",
				"telescope":"Swift",
				"u_time":"MJD",
				"source":"2"
			},
			{
				"time":"57273.923",
				"band":"B",
				"e_magnitude":"0.067",
				"magnitude":"17.38",
				"telescope":"LCOGT",
				"u_time":"MJD",
				"source":"2"
			},
			{
				"time":"57273.924",
				"band":"I",
				"e_magnitude":"0.148",
				"magnitude":"15.80",
				"telescope":"LCOGT",
				"u_time":"MJD",
				"source":"2"
			},
			{
				"time":"57273.926",
				"band":"V",
				"e_magnitude":"0.058",
				"magnitude":"16.83",
				"telescope":"LCOGT",
				"u_time":"MJD",
				"source":"2"
			},
			{
				"time":"57276.085",
				"band":"W1",
				"e_magnitude":"0.058",
				"instrument":"UVOT",
				"magnitude":"15.89",
				"telescope":"Swift",
				"u_time":"MJD",
				"source":"2"
			},
			{
				"time":"57276.088",
				"band":"U",
				"e_magnitude":"0.063",
				"magnitude":"16.51",
				"telescope":"Swift",
				"u_time":"MJD",
				"source":"2"
			},
			{
				"time":"57276.089",
				"band":"B",
				"e_magnitude":"0.063",
				"magnitude":"17.34",
				"telescope":"Swift",
				"u_time":"MJD",
				"source":"2"
			},
			{
				"time":"57276.089",
				"band":"B",
				"e_magnitude":"0.063",
				"magnitude":"17.35",
				"telescope":"Swift",
				"u_time":"MJD",
				"source":"2"
			},
			{
				"time":"57276.091",
				"band":"W2",
				"e_magnitude":"0.042",
				"instrument":"UVOT",
				"magnitude":"15.68",
				"telescope":"Swift",
				"u_time":"MJD",
				"source":"2"
			},
			{
				"time":"57276.096",
				"band":"V",
				"e_magnitude":"0.100",
				"magnitude":"17.00",
				"telescope":"Swift",
				"u_time":"MJD",
				"source":"2"
			},
			{
				"time":"57276.098",
				"band":"M2",
				"e_magnitude":"0.050",
				"instrument":"UVOT",
				"magnitude":"15.63",
				"telescope":"Swift",
				"u_time":"MJD",
				"source":"2"
			},
			{
				"time":"57276.874",
				"band":"I",
				"e_magnitude":"0.142",
				"magnitude":"15.80",
				"telescope":"LCOGT",
				"u_time":"MJD",
				"source":"2"
			},
			{
				"time":"57276.875",
				"band":"V",
				"e_magnitude":"0.057",
				"magnitude":"16.93",
				"telescope":"LCOGT",
				"u_time":"MJD",
				"source":"2"
			},
			{
				"time":[
					"57277.1",
					"57277.386"
				],
				"countrate":"0.17",
				"e_countrate":"0.00278",
				"e_lower_flux":"4.90E-14",
				"e_lower_luminosity":"2.69E+41",
				"e_upper_flux":"6.76E-14",
				"e_upper_luminosity":"3.71E+41",
				"energy":[
					"0.3",
					"2.0"
				],
				"flux":"5.74E-14",
				"instrument":"XRT",
				"luminosity":"3.15E+41",
				"mode":"PC",
				"nhmw":"0.0561",
				"photonindex":"2.95",
				"telescope":"Swift",
				"u_countrate":"s^-1",
				"u_energy":"keV",
				"u_flux":"ergs/cm^2/s",
				"u_time":"MJD",
				"source":"1"
			},
			{
				"time":"57278.169",
				"band":"B",
				"e_magnitude":"0.076",
				"magnitude":"17.42",
				"telescope":"LCOGT",
				"u_time":"MJD",
				"source":"2"
			},
			{
				"time":"57278.172",
				"band":"V",
				"e_magnitude":"0.062",
				"magnitude":"16.94",
				"telescope":"LCOGT",
				"u_time":"MJD",
				"source":"2"
			},
			{
				"time":"57279.895",
				"band":"I",
				"e_magnitude":"0.140",
				"magnitude":"15.81",
				"telescope":"LCOGT",
				"u_time":"MJD",
				"source":"2"
			},
			{
				"time":"57280.675",
				"band":"W1",
				"e_magnitude":"0.058",
				"instrument":"UVOT",
				"magnitude":"16.07",
				"telescope":"Swift",
				"u_time":"MJD",
				"source":"2"
			},
			{
				"time":"57280.678",
				"band":"U",
				"e_magnitude":"0.063",
				"magnitude":"16.73",
				"telescope":"Swift",
				"u_time":"MJD",
				"source":"2"
			},
			{
				"time":"57280.679",
				"band":"B",
				"e_magnitude":"0.063",
				"magnitude":"17.47",
				"telescope":"Swift",
				"u_time":"MJD",
				"source":"2"
			},
			{
				"time":"57280.681",
				"band":"W2",
				"e_magnitude":"0.042",
				"instrument":"UVOT",
				"magnitude":"15.91",
				"telescope":"Swift",
				"u_time":"MJD",
				"source":"2"
			},
			{
				"time":"57280.688",
				"band":"V",
				"e_magnitude":"0.091",
				"magnitude":"17.05",
				"telescope":"Swift",
				"u_time":"MJD",
				"source":"2"
			},
			{
				"time":"57280.689",
				"band":"M2",
				"e_magnitude":"0.050",
				"instrument":"UVOT",
				"magnitude":"15.79",
				"telescope":"Swift",
				"u_time":"MJD",
				"source":"2"
			},
			{
				"time":"57282.474",
				"band":"B",
				"e_magnitude":"0.065",
				"magnitude":"17.47",
				"telescope":"LCOGT",
				"u_time":"MJD",
				"source":"2"
			},
			{
				"time":"57282.475",
				"band":"V",
				"e_magnitude":"0.050",
				"magnitude":"16.98",
				"telescope":"LCOGT",
				"u_time":"MJD",
				"source":"2"
			},
			{
				"time":"57282.476",
				"band":"I",
				"e_magnitude":"0.133",
				"magnitude":"15.85",
				"telescope":"LCOGT",
				"u_time":"MJD",
				"source":"2"
			},
			{
				"time":"57285.411",
				"band":"W1",
				"e_magnitude":"0.076",
				"instrument":"UVOT",
				"magnitude":"16.24",
				"telescope":"Swift",
				"u_time":"MJD",
				"source":"2"
			},
			{
				"time":"57285.412",
				"band":"U",
				"e_magnitude":"0.122",
				"magnitude":"16.99",
				"telescope":"Swift",
				"u_time":"MJD",
				"source":"2"
			},
			{
				"time":"57285.413",
				"band":"B",
				"e_magnitude":"0.122",
				"magnitude":"17.58",
				"telescope":"Swift",
				"u_time":"MJD",
				"source":"2"
			},
			{
				"time":"57285.413",
				"band":"W2",
				"e_magnitude":"0.058",
				"instrument":"UVOT",
				"magnitude":"16.01",
				"telescope":"Swift",
				"u_time":"MJD",
				"source":"2"
			},
			{
				"time":"57285.415",
				"band":"V",
				"e_magnitude":"0.170",
				"magnitude":"17.00",
				"telescope":"Swift",
				"u_time":"MJD",
				"source":"2"
			},
			{
				"time":"57285.416",
				"band":"M2",
				"e_magnitude":"0.067",
				"instrument":"UVOT",
				"magnitude":"15.97",
				"telescope":"Swift",
				"u_time":"MJD",
				"source":"2"
			},
			{
				"time":"57285.423",
				"band":"B",
				"e_magnitude":"0.083",
				"magnitude":"17.62",
				"telescope":"LCOGT",
				"u_time":"MJD",
				"source":"2"
			},
			{
				"time":"57285.424",
				"band":"V",
				"e_magnitude":"0.130",
				"magnitude":"16.90",
				"telescope":"LCOGT",
				"u_time":"MJD",
				"source":"2"
			},
			{
				"time":"57291.381",
				"band":"B",
				"e_magnitude":"0.115",
				"magnitude":"17.70",
				"telescope":"LCOGT",
				"u_time":"MJD",
				"source":"2"
			},
			{
				"time":"57291.382",
				"band":"V",
				"e_magnitude":"0.081",
				"magnitude":"17.03",
				"telescope":"LCOGT",
				"u_time":"MJD",
				"source":"2"
			},
			{
				"time":"57291.383",
				"band":"I",
				"e_magnitude":"0.154",
				"magnitude":"15.98",
				"telescope":"LCOGT",
				"u_time":"MJD",
				"source":"2"
			},
			{
				"time":"57291.384",
				"band":"W1",
				"e_magnitude":"0.067",
				"instrument":"UVOT",
				"magnitude":"16.52",
				"telescope":"Swift",
				"u_time":"MJD",
				"source":"2"
			},
			{
				"time":"57291.387",
				"band":"U",
				"e_magnitude":"0.082",
				"magnitude":"16.96",
				"telescope":"Swift",
				"u_time":"MJD",
				"source":"2"
			},
			{
				"time":"57291.388",
				"band":"B",
				"e_magnitude":"0.092",
				"magnitude":"17.68",
				"telescope":"Swift",
				"u_time":"MJD",
				"source":"2"
			},
			{
				"time":"57291.389",
				"band":"W2",
				"e_magnitude":"0.050",
				"instrument":"UVOT",
				"magnitude":"16.12",
				"telescope":"Swift",
				"u_time":"MJD",
				"source":"2"
			},
			{
				"time":"57291.590",
				"band":"V",
				"e_magnitude":"0.130",
				"magnitude":"17.02",
				"telescope":"Swift",
				"u_time":"MJD",
				"source":"2"
			},
			{
				"time":"57291.591",
				"band":"M2",
				"e_magnitude":"0.050",
				"instrument":"UVOT",
				"magnitude":"16.18",
				"telescope":"Swift",
				"u_time":"MJD",
				"source":"2"
			},
			{
				"time":"57294.520",
				"band":"B",
				"e_magnitude":"0.242",
				"magnitude":"17.58",
				"telescope":"LCOGT",
				"u_time":"MJD",
				"source":"2"
			},
			{
				"time":"57294.521",
				"band":"V",
				"e_magnitude":"0.074",
				"magnitude":"17.13",
				"telescope":"LCOGT",
				"u_time":"MJD",
				"source":"2"
			},
			{
				"time":"57294.522",
				"band":"I",
				"e_magnitude":"0.141",
				"magnitude":"15.99",
				"telescope":"LCOGT",
				"u_time":"MJD",
				"source":"2"
			},
			{
				"time":"57294.579",
				"band":"W1",
				"e_magnitude":"0.067",
				"instrument":"UVOT",
				"magnitude":"16.66",
				"telescope":"Swift",
				"u_time":"MJD",
				"source":"2"
			},
			{
				"time":"57294.581",
				"band":"U",
				"e_magnitude":"0.102",
				"magnitude":"17.26",
				"telescope":"Swift",
				"u_time":"MJD",
				"source":"2"
			},
			{
				"time":"57294.582",
				"band":"B",
				"e_magnitude":"0.092",
				"magnitude":"17.69",
				"telescope":"Swift",
				"u_time":"MJD",
				"source":"2"
			},
			{
				"time":"57294.583",
				"band":"W2",
				"e_magnitude":"0.050",
				"instrument":"UVOT",
				"magnitude":"16.17",
				"telescope":"Swift",
				"u_time":"MJD",
				"source":"2"
			},
			{
				"time":"57294.588",
				"band":"V",
				"e_magnitude":"0.130",
				"magnitude":"17.07",
				"telescope":"Swift",
				"u_time":"MJD",
				"source":"2"
			},
			{
				"time":"57294.589",
				"band":"M2",
				"e_magnitude":"0.058",
				"instrument":"UVOT",
				"magnitude":"16.38",
				"telescope":"Swift",
				"u_time":"MJD",
				"source":"2"
			},
			{
				"time":"57295.130",
				"band":"B",
				"e_magnitude":"0.085",
				"magnitude":"17.67",
				"telescope":"LCOGT",
				"u_time":"MJD",
				"source":"2"
			},
			{
				"time":"57297.048",
				"band":"W1",
				"e_magnitude":"0.076",
				"instrument":"UVOT",
				"magnitude":"16.91",
				"telescope":"Swift",
				"u_time":"MJD",
				"source":"2"
			},
			{
				"time":"57299.493",
				"band":"B",
				"e_magnitude":"0.098",
				"magnitude":"17.95",
				"telescope":"LCOGT",
				"u_time":"MJD",
				"source":"2"
			},
			{
				"time":"57299.495",
				"band":"I",
				"e_magnitude":"0.139",
				"magnitude":"15.80",
				"telescope":"LCOGT",
				"u_time":"MJD",
				"source":"2"
			},
			{
				"time":"57300.226",
				"band":"W1",
				"e_magnitude":"0.076",
				"instrument":"UVOT",
				"magnitude":"16.91",
				"telescope":"Swift",
				"u_time":"MJD",
				"source":"2"
			},
			{
				"time":"57300.229",
				"band":"U",
				"e_magnitude":"0.102",
				"magnitude":"17.36",
				"telescope":"Swift",
				"u_time":"MJD",
				"source":"2"
			},
			{
				"time":"57300.230",
				"band":"B",
				"e_magnitude":"0.092",
				"magnitude":"17.72",
				"telescope":"Swift",
				"u_time":"MJD",
				"source":"2"
			},
			{
				"time":"57300.231",
				"band":"W2",
				"e_magnitude":"0.050",
				"instrument":"UVOT",
				"magnitude":"16.35",
				"telescope":"Swift",
				"u_time":"MJD",
				"source":"2"
			},
			{
				"time":"57300.236",
				"band":"V",
				"e_magnitude":"0.160",
				"magnitude":"17.49",
				"telescope":"Swift",
				"u_time":"MJD",
				"source":"2"
			},
			{
				"time":"57300.237",
				"band":"M2",
				"e_magnitude":"0.058",
				"instrument":"UVOT",
				"magnitude":"16.67",
				"telescope":"Swift",
				"u_time":"MJD",
				"source":"2"
			},
			{
				"time":"57302.481",
				"band":"I",
				"e_magnitude":"0.200",
				"magnitude":"15.95",
				"telescope":"LCOGT",
				"u_time":"MJD",
				"source":"2"
			},
			{
				"time":"57303.618",
				"band":"W1",
				"e_magnitude":"0.076",
				"instrument":"UVOT",
				"magnitude":"17.07",
				"telescope":"Swift",
				"u_time":"MJD",
				"source":"2"
			},
			{
				"time":"57303.621",
				"band":"U",
				"e_magnitude":"0.112",
				"magnitude":"17.47",
				"telescope":"Swift",
				"u_time":"MJD",
				"source":"2"
			},
			{
				"time":"57303.622",
				"band":"B",
				"e_magnitude":"0.102",
				"magnitude":"17.81",
				"telescope":"Swift",
				"u_time":"MJD",
				"source":"2"
			},
			{
				"time":"57303.623",
				"band":"W2",
				"e_magnitude":"0.058",
				"instrument":"UVOT",
				"magnitude":"16.42",
				"telescope":"Swift",
				"u_time":"MJD",
				"source":"2"
			},
			{
				"time":"57303.628",
				"band":"V",
				"e_magnitude":"0.150",
				"magnitude":"17.31",
				"telescope":"Swift",
				"u_time":"MJD",
				"source":"2"
			},
			{
				"time":"57303.629",
				"band":"M2",
				"e_magnitude":"0.058",
				"instrument":"UVOT",
				"magnitude":"16.81",
				"telescope":"Swift",
				"u_time":"MJD",
				"source":"2"
			},
			{
				"time":"57304.918",
				"band":"B",
				"e_magnitude":"0.086",
				"magnitude":"17.59",
				"telescope":"LCOGT",
				"u_time":"MJD",
				"source":"2"
			},
			{
				"time":"57304.919",
				"band":"V",
				"e_magnitude":"0.074",
				"magnitude":"17.22",
				"telescope":"LCOGT",
				"u_time":"MJD",
				"source":"2"
			},
			{
				"time":"57304.921",
				"band":"I",
				"e_magnitude":"0.262",
				"magnitude":"15.86",
				"telescope":"LCOGT",
				"u_time":"MJD",
				"source":"2"
			},
			{
				"time":"57306.483",
				"band":"W1",
				"e_magnitude":"0.076",
				"instrument":"UVOT",
				"magnitude":"17.14",
				"telescope":"Swift",
				"u_time":"MJD",
				"source":"2"
			},
			{
				"time":"57306.486",
				"band":"U",
				"e_magnitude":"0.102",
				"magnitude":"17.45",
				"telescope":"Swift",
				"u_time":"MJD",
				"source":"2"
			},
			{
				"time":"57306.487",
				"band":"B",
				"e_magnitude":"0.092",
				"magnitude":"17.69",
				"telescope":"Swift",
				"u_time":"MJD",
				"source":"2"
			},
			{
				"time":"57306.488",
				"band":"W2",
				"e_magnitude":"0.058",
				"instrument":"UVOT",
				"magnitude":"16.57",
				"telescope":"Swift",
				"u_time":"MJD",
				"source":"2"
			},
			{
				"time":"57306.494",
				"band":"V",
				"e_magnitude":"0.120",
				"magnitude":"17.09",
				"telescope":"Swift",
				"u_time":"MJD",
				"source":"2"
			},
			{
				"time":"57306.495",
				"band":"M2",
				"e_magnitude":"0.058",
				"instrument":"UVOT",
				"magnitude":"16.93",
				"telescope":"Swift",
				"u_time":"MJD",
				"source":"2"
			},
			{
				"time":"57307.104",
				"band":"V",
				"e_magnitude":"0.047",
				"magnitude":"17.18",
				"telescope":"LCOGT",
				"u_time":"MJD",
				"source":"2"
			},
			{
				"time":"57307.106",
				"band":"I",
				"e_magnitude":"0.126",
				"magnitude":"15.93",
				"telescope":"LCOGT",
				"u_time":"MJD",
				"source":"2"
			},
			{
				"time":"57307.137",
				"band":"B",
				"e_magnitude":"0.067",
				"magnitude":"17.93",
				"telescope":"LCOGT",
				"u_time":"MJD",
				"source":"2"
			},
			{
				"time":"57307.138",
				"band":"V",
				"e_magnitude":"0.056",
				"magnitude":"17.18",
				"telescope":"LCOGT",
				"u_time":"MJD",
				"source":"2"
			},
			{
				"time":"57307.140",
				"band":"I",
				"e_magnitude":"0.125",
				"magnitude":"15.96",
				"telescope":"LCOGT",
				"u_time":"MJD",
				"source":"2"
			},
			{
				"time":"57309.407",
				"band":"W1",
				"e_magnitude":"0.104",
				"instrument":"UVOT",
				"magnitude":"17.16",
				"telescope":"Swift",
				"u_time":"MJD",
				"source":"2"
			},
			{
				"time":"57309.408",
				"band":"U",
				"e_magnitude":"0.161",
				"magnitude":"17.67",
				"telescope":"Swift",
				"u_time":"MJD",
				"source":"2"
			},
			{
				"time":"57309.409",
				"band":"B",
				"e_magnitude":"0.132",
				"magnitude":"17.81",
				"telescope":"Swift",
				"u_time":"MJD",
				"source":"2"
			},
			{
				"time":"57309.410",
				"band":"W2",
				"e_magnitude":"0.067",
				"instrument":"UVOT",
				"magnitude":"16.56",
				"telescope":"Swift",
				"u_time":"MJD",
				"source":"2"
			},
			{
				"time":"57309.413",
				"band":"M2",
				"e_magnitude":"0.076",
				"instrument":"UVOT",
				"magnitude":"17.00",
				"telescope":"Swift",
				"u_time":"MJD",
				"source":"2"
			},
			{
				"time":"57309.413",
				"band":"V",
				"e_magnitude":"0.220",
				"magnitude":"17.56",
				"telescope":"Swift",
				"u_time":"MJD",
				"source":"2"
			},
			{
				"time":"57312.128",
				"band":"W1",
				"e_magnitude":"0.095",
				"instrument":"UVOT",
				"magnitude":"17.41",
				"telescope":"Swift",
				"u_time":"MJD",
				"source":"2"
			},
			{
				"time":"57312.131",
				"band":"U",
				"e_magnitude":"0.151",
				"magnitude":"17.79",
				"telescope":"Swift",
				"u_time":"MJD",
				"source":"2"
			},
			{
				"time":"57312.132",
				"band":"B",
				"e_magnitude":"0.102",
				"magnitude":"17.69",
				"telescope":"Swift",
				"u_time":"MJD",
				"source":"2"
			},
			{
				"time":"57312.133",
				"band":"W2",
				"e_magnitude":"0.058",
				"instrument":"UVOT",
				"magnitude":"16.79",
				"telescope":"Swift",
				"u_time":"MJD",
				"source":"2"
			},
			{
				"time":"57312.137",
				"band":"V",
				"e_magnitude":"0.130",
				"magnitude":"17.10",
				"telescope":"Swift",
				"u_time":"MJD",
				"source":"2"
			},
			{
				"time":"57312.138",
				"band":"M2",
				"e_magnitude":"0.067",
				"instrument":"UVOT",
				"magnitude":"17.07",
				"telescope":"Swift",
				"u_time":"MJD",
				"source":"2"
			},
			{
				"time":"57312.168",
				"band":"B",
				"e_magnitude":"0.077",
				"magnitude":"17.98",
				"telescope":"LCOGT",
				"u_time":"MJD",
				"source":"2"
			},
			{
				"time":"57312.170",
				"band":"V",
				"e_magnitude":"0.068",
				"magnitude":"17.20",
				"telescope":"LCOGT",
				"u_time":"MJD",
				"source":"2"
			},
			{
				"time":"57315.873",
				"band":"B",
				"e_magnitude":"0.130",
				"magnitude":"18.27",
				"telescope":"LCOGT",
				"u_time":"MJD",
				"source":"2"
			},
			{
				"time":"57315.877",
				"band":"V",
				"e_magnitude":"0.082",
				"magnitude":"17.28",
				"telescope":"LCOGT",
				"u_time":"MJD",
				"source":"2"
			},
			{
				"time":"57315.891",
				"band":"B",
				"e_magnitude":"0.122",
				"magnitude":"18.09",
				"telescope":"LCOGT",
				"u_time":"MJD",
				"source":"2"
			},
			{
				"time":"57315.894",
				"band":"V",
				"e_magnitude":"0.073",
				"magnitude":"17.14",
				"telescope":"LCOGT",
				"u_time":"MJD",
				"source":"2"
			},
			{
				"time":"57316.015",
				"band":"B",
				"e_magnitude":"0.086",
				"magnitude":"18.09",
				"telescope":"LCOGT",
				"u_time":"MJD",
				"source":"2"
			},
			{
				"time":"57316.016",
				"band":"V",
				"e_magnitude":"0.075",
				"magnitude":"17.24",
				"telescope":"LCOGT",
				"u_time":"MJD",
				"source":"2"
			},
			{
				"time":"57316.018",
				"band":"I",
				"e_magnitude":"0.134",
				"magnitude":"15.98",
				"telescope":"LCOGT",
				"u_time":"MJD",
				"source":"2"
			},
			{
				"time":"57318.666",
				"band":"W1",
				"e_magnitude":"0.133",
				"instrument":"UVOT",
				"magnitude":"17.55",
				"telescope":"Swift",
				"u_time":"MJD",
				"source":"2"
			},
			{
				"time":"57318.667",
				"band":"U",
				"e_magnitude":"0.161",
				"magnitude":"17.46",
				"telescope":"Swift",
				"u_time":"MJD",
				"source":"2"
			},
			{
				"time":"57318.668",
				"band":"B",
				"e_magnitude":"0.181",
				"magnitude":"18.14",
				"telescope":"Swift",
				"u_time":"MJD",
				"source":"2"
			},
			{
				"time":"57318.668",
				"band":"W2",
				"e_magnitude":"0.085",
				"instrument":"UVOT",
				"magnitude":"16.94",
				"telescope":"Swift",
				"u_time":"MJD",
				"source":"2"
			},
			{
				"time":"57318.671",
				"band":"V",
				"e_magnitude":"0.251",
				"magnitude":"17.29",
				"telescope":"Swift",
				"u_time":"MJD",
				"source":"2"
			},
			{
				"time":"57318.869",
				"band":"M2",
				"e_magnitude":"0.182",
				"instrument":"UVOT",
				"magnitude":"17.40",
				"telescope":"Swift",
				"u_time":"MJD",
				"source":"2"
			},
			{
				"time":"57319.055",
				"band":"B",
				"e_magnitude":"0.108",
				"magnitude":"18.21",
				"telescope":"LCOGT",
				"u_time":"MJD",
				"source":"2"
			},
			{
				"time":"57319.057",
				"band":"V",
				"e_magnitude":"0.059",
				"magnitude":"17.23",
				"telescope":"LCOGT",
				"u_time":"MJD",
				"source":"2"
			},
			{
				"time":"57319.059",
				"band":"I",
				"e_magnitude":"0.152",
				"magnitude":"16.05",
				"telescope":"LCOGT",
				"u_time":"MJD",
				"source":"2"
			},
			{
				"time":"57321.792",
				"band":"B",
				"e_magnitude":"0.179",
				"magnitude":"18.45",
				"telescope":"LCOGT",
				"u_time":"MJD",
				"source":"2"
			},
			{
				"time":"57321.794",
				"band":"V",
				"e_magnitude":"0.077",
				"magnitude":"17.14",
				"telescope":"LCOGT",
				"u_time":"MJD",
				"source":"2"
			},
			{
				"time":"57321.796",
				"band":"I",
				"e_magnitude":"0.116",
				"magnitude":"16.04",
				"telescope":"LCOGT",
				"u_time":"MJD",
				"source":"2"
			},
			{
				"time":"57324.047",
				"band":"W1",
				"e_magnitude":"0.192",
				"instrument":"UVOT",
				"magnitude":"17.98",
				"telescope":"Swift",
				"u_time":"MJD",
				"source":"2"
			},
			{
				"time":"57324.048",
				"band":"U",
				"e_magnitude":"0.211",
				"magnitude":"17.75",
				"telescope":"Swift",
				"u_time":"MJD",
				"source":"2"
			},
			{
				"time":"57324.049",
				"band":"B",
				"e_magnitude":"0.171",
				"magnitude":"17.92",
				"telescope":"Swift",
				"u_time":"MJD",
				"source":"2"
			},
			{
				"time":"57324.049",
				"band":"W2",
				"e_magnitude":"0.095",
				"instrument":"UVOT",
				"magnitude":"17.16",
				"telescope":"Swift",
				"u_time":"MJD",
				"source":"2"
			},
			{
				"time":"57324.051",
				"band":"V",
				"e_magnitude":"0.360",
				"magnitude":"17.85",
				"telescope":"Swift",
				"u_time":"MJD",
				"source":"2"
			},
			{
				"time":"57324.052",
				"band":"M2",
				"e_magnitude":"0.114",
				"instrument":"UVOT",
				"magnitude":"17.59",
				"telescope":"Swift",
				"u_time":"MJD",
				"source":"2"
			},
			{
				"time":[
					"57325.2",
					"57325.621"
				],
				"countrate":"0.701",
				"e_countrate":"0.00465",
				"e_lower_flux":"5.83E-14",
				"e_lower_luminosity":"3.20E+41",
				"e_upper_flux":"7.43E-14",
				"e_upper_luminosity":"4.08E+41",
				"energy":[
					"0.3",
					"2.0"
				],
				"flux":"6.72E-14",
				"instrument":"XRT",
				"luminosity":"3.69E+41",
				"mode":"PC",
				"nhmw":"0.0561",
				"photonindex":"3.905",
				"telescope":"Swift",
				"u_countrate":"s^-1",
				"u_energy":"keV",
				"u_flux":"ergs/cm^2/s",
				"u_time":"MJD",
				"source":"1"
			},
			{
				"time":"57327.124",
				"band":"B",
				"e_magnitude":"0.058",
				"magnitude":"18.12",
				"telescope":"LCOGT",
				"u_time":"MJD",
				"source":"2"
			},
			{
				"time":"57327.129",
				"band":"V",
				"e_magnitude":"0.045",
				"magnitude":"17.26",
				"telescope":"LCOGT",
				"u_time":"MJD",
				"source":"2"
			},
			{
				"time":"57327.133",
				"band":"I",
				"e_magnitude":"0.126",
				"magnitude":"16.03",
				"telescope":"LCOGT",
				"u_time":"MJD",
				"source":"2"
			},
			{
				"time":"57327.909",
				"band":"W1",
				"e_magnitude":"0.143",
				"instrument":"UVOT",
				"magnitude":"17.68",
				"telescope":"Swift",
				"u_time":"MJD",
				"source":"2"
			},
			{
				"time":"57327.910",
				"band":"U",
				"e_magnitude":"0.181",
				"magnitude":"17.68",
				"telescope":"Swift",
				"u_time":"MJD",
				"source":"2"
			},
			{
				"time":"57327.911",
				"band":"B",
				"e_magnitude":"0.232",
				"magnitude":"18.44",
				"telescope":"Swift",
				"u_time":"MJD",
				"source":"2"
			},
			{
				"time":"57327.911",
				"band":"W2",
				"e_magnitude":"0.143",
				"instrument":"UVOT",
				"magnitude":"16.94",
				"telescope":"Swift",
				"u_time":"MJD",
				"source":"2"
			},
			{
				"time":"57327.961",
				"band":"V",
				"e_magnitude":"0.154",
				"magnitude":"17.15",
				"telescope":"Swift",
				"u_time":"MJD",
				"source":"2"
			},
			{
				"time":"57327.962",
				"band":"M2",
				"e_magnitude":"0.076",
				"instrument":"UVOT",
				"magnitude":"17.56",
				"telescope":"Swift",
				"u_time":"MJD",
				"source":"2"
			},
			{
				"time":"57329.839",
				"band":"B",
				"e_magnitude":"0.049",
				"magnitude":"18.14",
				"telescope":"LCOGT",
				"u_time":"MJD",
				"source":"2"
			},
			{
				"time":"57329.844",
				"band":"V",
				"e_magnitude":"0.055",
				"magnitude":"17.25",
				"telescope":"LCOGT",
				"u_time":"MJD",
				"source":"2"
			},
			{
				"time":"57329.849",
				"band":"I",
				"e_magnitude":"0.128",
				"magnitude":"15.88",
				"telescope":"LCOGT",
				"u_time":"MJD",
				"source":"2"
			},
			{
				"time":"57330.416",
				"band":"W1",
				"e_magnitude":"0.163",
				"instrument":"UVOT",
				"magnitude":"17.63",
				"telescope":"Swift",
				"u_time":"MJD",
				"source":"2"
			},
			{
				"time":"57330.418",
				"band":"B",
				"e_magnitude":"0.221",
				"magnitude":"18.09",
				"telescope":"Swift",
				"u_time":"MJD",
				"source":"2"
			},
			{
				"time":"57330.418",
				"band":"U",
				"e_magnitude":"0.231",
				"magnitude":"17.68",
				"telescope":"Swift",
				"u_time":"MJD",
				"source":"2"
			},
			{
				"time":"57330.418",
				"band":"W2",
				"e_magnitude":"0.114",
				"instrument":"UVOT",
				"magnitude":"17.42",
				"telescope":"Swift",
				"u_time":"MJD",
				"source":"2"
			},
			{
				"time":"57330.420",
				"band":"V",
				"e_magnitude":"0.251",
				"magnitude":"17.27",
				"telescope":"Swift",
				"u_time":"MJD",
				"source":"2"
			},
			{
				"time":"57330.421",
				"band":"M2",
				"e_magnitude":"0.114",
				"instrument":"UVOT",
				"magnitude":"17.41",
				"telescope":"Swift",
				"u_time":"MJD",
				"source":"2"
			},
			{
				"time":"57332.786",
				"band":"B",
				"e_magnitude":"0.099",
				"magnitude":"18.31",
				"telescope":"LCOGT",
				"u_time":"MJD",
				"source":"2"
			},
			{
				"time":"57332.791",
				"band":"V",
				"e_magnitude":"0.051",
				"magnitude":"17.28",
				"telescope":"LCOGT",
				"u_time":"MJD",
				"source":"2"
			},
			{
				"time":"57332.796",
				"band":"I",
				"e_magnitude":"0.159",
				"magnitude":"16.02",
				"telescope":"LCOGT",
				"u_time":"MJD",
				"source":"2"
			},
			{
				"time":"57333.412",
				"band":"W1",
				"e_magnitude":"0.153",
				"instrument":"UVOT",
				"magnitude":"17.60",
				"telescope":"Swift",
				"u_time":"MJD",
				"source":"2"
			},
			{
				"time":"57333.413",
				"band":"U",
				"e_magnitude":"0.221",
				"magnitude":"17.79",
				"telescope":"Swift",
				"u_time":"MJD",
				"source":"2"
			},
			{
				"time":"57333.414",
				"band":"B",
				"e_magnitude":"0.211",
				"magnitude":"18.09",
				"telescope":"Swift",
				"u_time":"MJD",
				"source":"2"
			},
			{
				"time":"57333.480",
				"band":"V",
				"e_magnitude":"0.201",
				"magnitude":"17.31",
				"telescope":"Swift",
				"u_time":"MJD",
				"source":"2"
			},
			{
				"time":"57333.481",
				"band":"M2",
				"e_magnitude":"0.104",
				"instrument":"UVOT",
				"magnitude":"17.86",
				"telescope":"Swift",
				"u_time":"MJD",
				"source":"2"
			},
			{
				"time":"57335.812",
				"band":"B",
				"e_magnitude":"0.102",
				"magnitude":"18.18",
				"telescope":"LCOGT",
				"u_time":"MJD",
				"source":"2"
			},
			{
				"time":"57335.816",
				"band":"V",
				"e_magnitude":"0.065",
				"magnitude":"17.29",
				"telescope":"LCOGT",
				"u_time":"MJD",
				"source":"2"
			},
			{
				"time":"57335.821",
				"band":"I",
				"e_magnitude":"0.157",
				"magnitude":"16.06",
				"telescope":"LCOGT",
				"u_time":"MJD",
				"source":"2"
			},
			{
				"time":"57336.132",
				"band":"W1",
				"e_magnitude":"0.133",
				"instrument":"UVOT",
				"magnitude":"17.89",
				"telescope":"Swift",
				"u_time":"MJD",
				"source":"2"
			},
			{
				"time":"57336.134",
				"band":"U",
				"e_magnitude":"0.141",
				"magnitude":"17.47",
				"telescope":"Swift",
				"u_time":"MJD",
				"source":"2"
			},
			{
				"time":"57336.135",
				"band":"B",
				"e_magnitude":"0.181",
				"magnitude":"18.19",
				"telescope":"Swift",
				"u_time":"MJD",
				"source":"2"
			},
			{
				"time":"57336.136",
				"band":"W2",
				"e_magnitude":"0.076",
				"instrument":"UVOT",
				"magnitude":"17.29",
				"telescope":"Swift",
				"u_time":"MJD",
				"source":"2"
			},
			{
				"time":"57336.141",
				"band":"V",
				"e_magnitude":"0.220",
				"magnitude":"17.63",
				"telescope":"Swift",
				"u_time":"MJD",
				"source":"2"
			},
			{
				"time":"57336.142",
				"band":"M2",
				"e_magnitude":"0.085",
				"instrument":"UVOT",
				"magnitude":"17.82",
				"telescope":"Swift",
				"u_time":"MJD",
				"source":"2"
			},
			{
				"time":"57339.330",
				"band":"W1",
				"e_magnitude":"0.192",
				"instrument":"UVOT",
				"magnitude":"17.72",
				"telescope":"Swift",
				"u_time":"MJD",
				"source":"2"
			},
			{
				"time":"57339.331",
				"band":"U",
				"e_magnitude":"0.271",
				"magnitude":"17.81",
				"telescope":"Swift",
				"u_time":"MJD",
				"source":"2"
			},
			{
				"time":"57339.332",
				"band":"W2",
				"e_magnitude":"0.124",
				"instrument":"UVOT",
				"magnitude":"17.47",
				"telescope":"Swift",
				"u_time":"MJD",
				"source":"2"
			},
			{
				"time":"57339.334",
				"band":"M2",
				"e_magnitude":"0.143",
				"instrument":"UVOT",
				"magnitude":"17.84",
				"telescope":"Swift",
				"u_time":"MJD",
				"source":"2"
			},
			{
				"time":"57339.334",
				"band":"V",
				"e_magnitude":"0.210",
				"magnitude":"16.85",
				"telescope":"Swift",
				"u_time":"MJD",
				"source":"2"
			},
			{
				"time":"57342.064",
				"band":"W1",
				"e_magnitude":"0.202",
				"instrument":"UVOT",
				"magnitude":"18.06",
				"telescope":"Swift",
				"u_time":"MJD",
				"source":"2"
			},
			{
				"time":"57342.066",
				"band":"B",
				"e_magnitude":"0.171",
				"magnitude":"17.85",
				"telescope":"Swift",
				"u_time":"MJD",
				"source":"2"
			},
			{
				"time":"57342.066",
				"band":"U",
				"e_magnitude":"0.231",
				"magnitude":"17.84",
				"telescope":"Swift",
				"u_time":"MJD",
				"source":"2"
			},
			{
				"time":"57342.067",
				"band":"W2",
				"e_magnitude":"0.104",
				"instrument":"UVOT",
				"magnitude":"17.39",
				"telescope":"Swift",
				"u_time":"MJD",
				"source":"2"
			},
			{
				"time":"57342.069",
				"band":"M2",
				"e_magnitude":"0.124",
				"instrument":"UVOT",
				"magnitude":"17.84",
				"telescope":"Swift",
				"u_time":"MJD",
				"source":"2"
			},
			{
				"time":"57342.069",
				"band":"V",
				"e_magnitude":"0.180",
				"magnitude":"16.89",
				"telescope":"Swift",
				"u_time":"MJD",
				"source":"2"
			},
			{
				"time":"57344.411",
				"band":"B",
				"e_magnitude":"0.077",
				"magnitude":"18.25",
				"telescope":"LCOGT",
				"u_time":"MJD",
				"source":"2"
			},
			{
				"time":"57344.415",
				"band":"V",
				"e_magnitude":"0.060",
				"magnitude":"17.22",
				"telescope":"LCOGT",
				"u_time":"MJD",
				"source":"2"
			},
			{
				"time":"57345.784",
				"band":"W1",
				"e_magnitude":"0.173",
				"instrument":"UVOT",
				"magnitude":"18.26",
				"telescope":"Swift",
				"u_time":"MJD",
				"source":"2"
			},
			{
				"time":"57345.787",
				"band":"U",
				"e_magnitude":"0.201",
				"magnitude":"18.08",
				"telescope":"Swift",
				"u_time":"MJD",
				"source":"2"
			},
			{
				"time":"57345.788",
				"band":"B",
				"e_magnitude":"0.171",
				"magnitude":"18.27",
				"telescope":"Swift",
				"u_time":"MJD",
				"source":"2"
			},
			{
				"time":"57345.789",
				"band":"W2",
				"e_magnitude":"0.085",
				"instrument":"UVOT",
				"magnitude":"17.51",
				"telescope":"Swift",
				"u_time":"MJD",
				"source":"2"
			},
			{
				"time":"57345.793",
				"band":"V",
				"e_magnitude":"0.160",
				"magnitude":"17.13",
				"telescope":"Swift",
				"u_time":"MJD",
				"source":"2"
			},
			{
				"time":"57345.794",
				"band":"M2",
				"e_magnitude":"0.242",
				"instrument":"UVOT",
				"magnitude":"17.94",
				"telescope":"Swift",
				"u_time":"MJD",
				"source":"2"
			},
			{
				"time":"57346.415",
				"band":"B",
				"e_magnitude":"0.131",
				"magnitude":"18.11",
				"telescope":"LCOGT",
				"u_time":"MJD",
				"source":"2"
			},
			{
				"time":"57346.420",
				"band":"V",
				"e_magnitude":"0.066",
				"magnitude":"17.17",
				"telescope":"LCOGT",
				"u_time":"MJD",
				"source":"2"
			},
			{
				"time":"57346.424",
				"band":"I",
				"e_magnitude":"0.140",
				"magnitude":"15.83",
				"telescope":"LCOGT",
				"u_time":"MJD",
				"source":"2"
			},
			{
				"time":"57348.374",
				"band":"W1",
				"e_magnitude":"0.143",
				"instrument":"UVOT",
				"magnitude":"18.11",
				"telescope":"Swift",
				"u_time":"MJD",
				"source":"2"
			},
			{
				"time":"57348.377",
				"band":"U",
				"e_magnitude":"0.161",
				"magnitude":"17.82",
				"telescope":"Swift",
				"u_time":"MJD",
				"source":"2"
			},
			{
				"time":"57348.378",
				"band":"B",
				"e_magnitude":"0.171",
				"magnitude":"18.28",
				"telescope":"Swift",
				"u_time":"MJD",
				"source":"2"
			},
			{
				"time":"57348.379",
				"band":"W2",
				"e_magnitude":"0.085",
				"instrument":"UVOT",
				"magnitude":"17.60",
				"telescope":"Swift",
				"u_time":"MJD",
				"source":"2"
			},
			{
				"time":"57348.384",
				"band":"V",
				"e_magnitude":"0.160",
				"magnitude":"17.25",
				"telescope":"Swift",
				"u_time":"MJD",
				"source":"2"
			},
			{
				"time":"57348.385",
				"band":"M2",
				"e_magnitude":"0.095",
				"instrument":"UVOT",
				"magnitude":"17.92",
				"telescope":"Swift",
				"u_time":"MJD",
				"source":"2"
			},
			{
				"time":"57349.414",
				"band":"B",
				"e_magnitude":"0.076",
				"magnitude":"18.27",
				"telescope":"LCOGT",
				"u_time":"MJD",
				"source":"2"
			},
			{
				"time":"57349.419",
				"band":"I",
				"e_magnitude":"0.133",
				"magnitude":"15.87",
				"telescope":"LCOGT",
				"u_time":"MJD",
				"source":"2"
			},
			{
				"time":"57349.423",
				"band":"V",
				"e_magnitude":"0.056",
				"magnitude":"17.32",
				"telescope":"LCOGT",
				"u_time":"MJD",
				"source":"2"
			},
			{
				"time":"57353.420",
				"band":"B",
				"e_magnitude":"0.064",
				"magnitude":"18.24",
				"telescope":"LCOGT",
				"u_time":"MJD",
				"source":"2"
			},
			{
				"time":"57355.030",
				"band":"B",
				"e_magnitude":"0.071",
				"magnitude":"18.35",
				"telescope":"LCOGT",
				"u_time":"MJD",
				"source":"2"
			},
			{
				"time":"57355.035",
				"band":"V",
				"e_magnitude":"0.052",
				"magnitude":"17.25",
				"telescope":"LCOGT",
				"u_time":"MJD",
				"source":"2"
			},
			{
				"time":"57355.039",
				"band":"I",
				"e_magnitude":"0.121",
				"magnitude":"15.92",
				"telescope":"LCOGT",
				"u_time":"MJD",
				"source":"2"
			}
		]
	}
}