{"CXOU J0332": {"name": "CXOU J0332", "alias": [{"source": "1", "value": "CXOU J0332"}, {"source": "1", "value": "CXOU J033238.8-275134"}], "claimedtype": [{"source": "1", "value": "WD + IMBH"}], "sources": [{"alias": "1", "bibcode": "2017arXiv170204422B", "name": "2017arXiv170204422B", "reference": "Bauer et al. (2017)"}, {"alias": "2", "bibcode": "2011ApJ...737..103S", "name": "2011ApJ...737..103S", "reference": "Schlafly & Finkbeiner (2011)"}, {"bibcode": "2017ApJ...835...64G", "name": "The Open TDE Catalog", "reference": "Guillochon et al. (2017)", "url": "https://tde.space", "alias": "3", "secondary": true}], "ebv": [{"e_value": "0.0003", "derived": true, "value": "0.0066", "source": "2,3"}], "discoverdate": [{"source": "1", "value": "2014/10/01"}], "ra": [{"source": "1", "u_value": "hours", "value": "03:32:38.8"}], "dec": [{"source": "1", "u_value": "degrees", "value": "-27:51:34"}], "schema": "https://github.com/astrocatalogs/tidaldisruptions/blob/f405406/SCHEMA.md"}}