{
	"CXOU J0332":{
		"schema":"https://github.com/astrocatalogs/tidaldisruptions/blob/f405406/SCHEMA.md",
		"name":"CXOU J0332",
		"sources":[
			{
				"name":"2017arXiv170204422B",
				"bibcode":"2017arXiv170204422B",
				"reference":"Bauer et al. (2017)",
				"alias":"1"
			},
			{
				"name":"2011ApJ...737..103S",
				"bibcode":"2011ApJ...737..103S",
				"reference":"Schlafly & Finkbeiner (2011)",
				"alias":"2"
			},
			{
				"name":"The Open TDE Catalog",
				"bibcode":"2017ApJ...835...64G",
				"reference":"Guillochon et al. (2017)",
				"secondary":true,
				"url":"https://tde.space",
				"alias":"3"
			}
		],
		"alias":[
			{
				"value":"CXOU J0332",
				"source":"1"
			},
			{
				"value":"CXOU J033238.8-275134",
				"source":"1"
			}
		],
		"claimedtype":[
			{
				"value":"WD + IMBH",
				"source":"1"
			}
		],
		"dec":[
			{
				"value":"-27:51:34",
				"u_value":"degrees",
				"source":"1"
			}
		],
		"discoverdate":[
			{
				"value":"2014/10/01",
				"source":"1"
			}
		],
		"ebv":[
			{
				"value":"0.0066",
				"derived":true,
				"e_value":"0.0003",
				"source":"2,3"
			}
		],
		"ra":[
			{
				"value":"03:32:38.8",
				"u_value":"hours",
				"source":"1"
			}
		]
	}
}