{
	"D1-9":{
		"schema":"https://github.com/astrocatalogs/tidaldisruptions/blob/f405406/SCHEMA.md",
		"name":"D1-9",
		"sources":[
			{
				"name":"2017ApJ...838..149A",
				"bibcode":"2017ApJ...838..149A",
				"reference":"Auchettl, Guillochon, & Ramirez-Ruiz (2017)",
				"alias":"1"
			},
			{
				"name":"2016A&A...594A..13P",
				"bibcode":"2016A&A...594A..13P",
				"reference":"Planck Collaboration et al. (2016)",
				"alias":"2"
			},
			{
				"name":"2011ApJ...737..103S",
				"bibcode":"2011ApJ...737..103S",
				"reference":"Schlafly & Finkbeiner (2011)",
				"alias":"3"
			},
			{
				"name":"2008ApJ...676..944G",
				"bibcode":"2008ApJ...676..944G",
				"reference":"Gezari et al. (2008)",
				"alias":"4"
			},
			{
				"name":"The Open TDE Catalog",
				"bibcode":"2017ApJ...835...64G",
				"reference":"Guillochon et al. (2017)",
				"secondary":true,
				"url":"https://tde.space",
				"alias":"5"
			}
		],
		"alias":[
			{
				"value":"D1-9",
				"source":"1"
			}
		],
		"citations":[
			{
				"value":"<a href='http://adsabs.harvard.edu/abs/2008ApJ...676..944G'>Gezari et al. 2008</a>*&Dagger;",
				"source":"4"
			}
		],
		"comovingdist":[
			{
				"value":"1330",
				"derived":true,
				"u_value":"Mpc",
				"source":"1,2,4,5"
			}
		],
		"dec":[
			{
				"value":"-04:32:58.92",
				"u_value":"degrees",
				"source":"4"
			}
		],
		"discoverdate":[
			{
				"value":"2004/08/12",
				"derived":true,
				"source":"4,5"
			}
		],
		"ebv":[
			{
				"value":"0.0209",
				"derived":true,
				"e_value":"0.0004",
				"source":"3,5"
			}
		],
		"host":[
			{
				"value":"GALEX J022517.0&#8209;043258",
				"source":"4"
			},
			{
				"value":"GALEX J022517.0-043258",
				"source":"1"
			}
		],
		"hostdec":[
			{
				"value":"-04:32:59.00",
				"u_value":"degrees",
				"source":"1"
			}
		],
		"hostoffsetang":[
			{
				"value":"0.4866",
				"derived":true,
				"u_value":"arcseconds",
				"source":"1,4,5"
			}
		],
		"hostoffsetdist":[
			{
				"value":"2.366",
				"source":"1,2,4,5"
			}
		],
		"hostra":[
			{
				"value":"02:25:17.00",
				"u_value":"hours",
				"source":"1"
			}
		],
		"lumdist":[
			{
				"value":"1760",
				"derived":true,
				"u_value":"Mpc",
				"source":"1,2,4,5"
			}
		],
		"maxabsmag":[
			{
				"value":"-18.21",
				"derived":true,
				"source":"1,2,4,5"
			}
		],
		"maxappmag":[
			{
				"value":"22.71",
				"derived":true,
				"source":"4,5"
			}
		],
		"maxband":[
			{
				"value":"NUV",
				"derived":true,
				"source":"4,5"
			}
		],
		"maxdate":[
			{
				"value":"2004/12/17",
				"derived":true,
				"source":"4,5"
			}
		],
		"maxvisualappmag":[
			{
				"value":"23.28",
				"derived":true,
				"source":"4,5"
			}
		],
		"maxvisualband":[
			{
				"value":"g",
				"derived":true,
				"source":"4,5"
			}
		],
		"maxvisualdate":[
			{
				"value":"2004/08/15",
				"derived":true,
				"source":"4,5"
			}
		],
		"nhhost":[
			{
				"value":"2.6e+20",
				"source":"4"
			}
		],
		"ra":[
			{
				"value":"02:25:16.968",
				"u_value":"hours",
				"source":"4"
			}
		],
		"redshift":[
			{
				"value":"0.326",
				"source":"1,4"
			}
		],
		"velocity":[
			{
				"value":"82400",
				"derived":true,
				"u_value":"km/s",
				"source":"5"
			}
		],
		"photometry":[
			{
				"time":[
					"48262.3",
					"48262.302"
				],
				"countrate":"0.0308981",
				"energy":[
					"0.3",
					"2.0"
				],
				"flux":"1.15E-13",
				"instrument":"PSPC",
				"luminosity":"4.57E+43",
				"nhmw":"0.0249",
				"photonindex":"4.5",
				"telescope":"ROSAT",
				"u_countrate":"s^-1",
				"u_energy":"keV",
				"u_flux":"ergs/cm^2/s",
				"u_time":"MJD",
				"upperlimit":true,
				"source":"1"
			},
			{
				"time":[
					"52304.7",
					"52305.093"
				],
				"countrate":"0.0276843",
				"energy":[
					"0.3",
					"2.0"
				],
				"flux":"1.70E-14",
				"instrument":"PN",
				"luminosity":"6.76E+42",
				"nhmw":"0.0249",
				"photonindex":"4.5",
				"telescope":"XMM",
				"u_countrate":"s^-1",
				"u_energy":"keV",
				"u_flux":"ergs/cm^2/s",
				"u_time":"MJD",
				"upperlimit":true,
				"source":"1"
			},
			{
				"time":"52954.36499999996",
				"band":"FUV",
				"instrument":"GALEX",
				"magnitude":"25.270",
				"u_time":"MJD",
				"upperlimit":true,
				"source":"4"
			},
			{
				"time":"52954.36499999996",
				"band":"NUV",
				"instrument":"GALEX",
				"magnitude":"24.600",
				"u_time":"MJD",
				"upperlimit":true,
				"source":"4"
			},
			{
				"time":"52994.54250000001",
				"band":"FUV",
				"instrument":"GALEX",
				"magnitude":"25.150",
				"u_time":"MJD",
				"upperlimit":true,
				"source":"4"
			},
			{
				"time":"52994.54250000001",
				"band":"NUV",
				"instrument":"GALEX",
				"magnitude":"24.300",
				"u_time":"MJD",
				"upperlimit":true,
				"source":"4"
			},
			{
				"time":"53229.03300000003",
				"band":"r",
				"e_magnitude":"0.075",
				"instrument":"MegaCam",
				"magnitude":"23.867",
				"u_time":"MJD",
				"source":"4"
			},
			{
				"time":"53230.85924999999",
				"band":"g",
				"e_magnitude":"0.031",
				"instrument":"MegaCam",
				"magnitude":"23.472",
				"u_time":"MJD",
				"source":"4"
			},
			{
				"time":"53232.68550000003",
				"band":"g",
				"e_magnitude":"0.026",
				"instrument":"MegaCam",
				"magnitude":"23.278",
				"u_time":"MJD",
				"source":"4"
			},
			{
				"time":"53232.68550000003",
				"band":"i",
				"e_magnitude":"0.096",
				"instrument":"MegaCam",
				"magnitude":"24.009",
				"u_time":"MJD",
				"source":"4"
			},
			{
				"time":"53232.68550000003",
				"band":"r",
				"e_magnitude":"0.046",
				"instrument":"MegaCam",
				"magnitude":"23.673",
				"u_time":"MJD",
				"source":"4"
			},
			{
				"time":"53235.97275000003",
				"band":"i",
				"e_magnitude":"0.066",
				"instrument":"MegaCam",
				"magnitude":"24.201",
				"u_time":"MJD",
				"source":"4"
			},
			{
				"time":"53237.798999999985",
				"band":"g",
				"e_magnitude":"0.028",
				"instrument":"MegaCam",
				"magnitude":"23.428",
				"u_time":"MJD",
				"source":"4"
			},
			{
				"time":"53237.798999999985",
				"band":"r",
				"e_magnitude":"0.065",
				"instrument":"MegaCam",
				"magnitude":"23.901",
				"u_time":"MJD",
				"source":"4"
			},
			{
				"time":"53240.721000000005",
				"band":"i",
				"e_magnitude":"0.096",
				"instrument":"MegaCam",
				"magnitude":"24.311",
				"u_time":"MJD",
				"source":"4"
			},
			{
				"time":"53240.721000000005",
				"band":"r",
				"e_magnitude":"0.058",
				"instrument":"MegaCam",
				"magnitude":"23.857",
				"u_time":"MJD",
				"source":"4"
			},
			{
				"time":"53254.60050000001",
				"band":"i",
				"e_magnitude":"0.077",
				"instrument":"MegaCam",
				"magnitude":"24.154",
				"u_time":"MJD",
				"source":"4"
			},
			{
				"time":"53254.965749999996",
				"band":"r",
				"e_magnitude":"0.083",
				"instrument":"MegaCam",
				"magnitude":"23.932",
				"u_time":"MJD",
				"source":"4"
			},
			{
				"time":"53258.61824999999",
				"band":"i",
				"e_magnitude":"0.110",
				"instrument":"MegaCam",
				"magnitude":"24.394",
				"u_time":"MJD",
				"source":"4"
			},
			{
				"time":"53258.61824999999",
				"band":"r",
				"e_magnitude":"0.083",
				"instrument":"MegaCam",
				"magnitude":"24.088",
				"u_time":"MJD",
				"source":"4"
			},
			{
				"time":"53258.98349999999",
				"band":"g",
				"e_magnitude":"0.041",
				"instrument":"MegaCam",
				"magnitude":"23.647",
				"u_time":"MJD",
				"source":"4"
			},
			{
				"time":"53262.635999999984",
				"band":"g",
				"e_magnitude":"0.039",
				"instrument":"MegaCam",
				"magnitude":"23.623",
				"u_time":"MJD",
				"source":"4"
			},
			{
				"time":"53262.635999999984",
				"band":"i",
				"e_magnitude":"0.128",
				"instrument":"MegaCam",
				"magnitude":"24.490",
				"u_time":"MJD",
				"source":"4"
			},
			{
				"time":"53262.635999999984",
				"band":"r",
				"e_magnitude":"0.068",
				"instrument":"MegaCam",
				"magnitude":"24.091",
				"u_time":"MJD",
				"source":"4"
			},
			{
				"time":"53266.65374999997",
				"band":"r",
				"e_magnitude":"0.139",
				"instrument":"MegaCam",
				"magnitude":"24.270",
				"u_time":"MJD",
				"source":"4"
			},
			{
				"time":"53267.74950000003",
				"band":"g",
				"e_magnitude":"0.057",
				"instrument":"MegaCam",
				"magnitude":"23.613",
				"u_time":"MJD",
				"source":"4"
			},
			{
				"time":"53267.74950000003",
				"band":"i",
				"e_magnitude":"0.132",
				"instrument":"MegaCam",
				"magnitude":"24.316",
				"u_time":"MJD",
				"source":"4"
			},
			{
				"time":"53267.74950000003",
				"band":"r",
				"e_magnitude":"0.079",
				"instrument":"MegaCam",
				"magnitude":"24.207",
				"u_time":"MJD",
				"source":"4"
			},
			{
				"time":"53268.84525",
				"band":"g",
				"e_magnitude":"0.035",
				"instrument":"MegaCam",
				"magnitude":"23.720",
				"u_time":"MJD",
				"source":"4"
			},
			{
				"time":"53271.76725000002",
				"band":"r",
				"e_magnitude":"0.067",
				"instrument":"MegaCam",
				"magnitude":"24.031",
				"u_time":"MJD",
				"source":"4"
			},
			{
				"time":"53283.82049999998",
				"band":"r",
				"e_magnitude":"0.107",
				"instrument":"MegaCam",
				"magnitude":"24.231",
				"u_time":"MJD",
				"source":"4"
			},
			{
				"time":"53288.568750000035",
				"band":"g",
				"e_magnitude":"0.042",
				"instrument":"MegaCam",
				"magnitude":"23.663",
				"u_time":"MJD",
				"source":"4"
			},
			{
				"time":"53288.568750000035",
				"band":"i",
				"e_magnitude":"0.104",
				"instrument":"MegaCam",
				"magnitude":"24.269",
				"u_time":"MJD",
				"source":"4"
			},
			{
				"time":"53288.568750000035",
				"band":"r",
				"e_magnitude":"0.072",
				"instrument":"MegaCam",
				"magnitude":"24.151",
				"u_time":"MJD",
				"source":"4"
			},
			{
				"time":"53294.77799999997",
				"band":"g",
				"e_magnitude":"0.032",
				"instrument":"MegaCam",
				"magnitude":"23.761",
				"u_time":"MJD",
				"source":"4"
			},
			{
				"time":"53294.77799999997",
				"band":"r",
				"e_magnitude":"0.096",
				"instrument":"MegaCam",
				"magnitude":"24.166",
				"u_time":"MJD",
				"source":"4"
			},
			{
				"time":"53298.430499999966",
				"band":"r",
				"e_magnitude":"0.079",
				"instrument":"MegaCam",
				"magnitude":"24.224",
				"u_time":"MJD",
				"source":"4"
			},
			{
				"time":"53298.79575000004",
				"band":"g",
				"e_magnitude":"0.037",
				"instrument":"MegaCam",
				"magnitude":"23.740",
				"u_time":"MJD",
				"source":"4"
			},
			{
				"time":"53301.717749999974",
				"band":"r",
				"e_magnitude":"0.098",
				"instrument":"MegaCam",
				"magnitude":"24.156",
				"u_time":"MJD",
				"source":"4"
			},
			{
				"time":"53312.675249999964",
				"band":"r",
				"e_magnitude":"0.124",
				"instrument":"MegaCam",
				"magnitude":"24.402",
				"u_time":"MJD",
				"source":"4"
			},
			{
				"time":"53317.78875000001",
				"band":"g",
				"e_magnitude":"0.024",
				"instrument":"MegaCam",
				"magnitude":"23.802",
				"u_time":"MJD",
				"source":"4"
			},
			{
				"time":"53317.78875000001",
				"band":"r",
				"e_magnitude":"0.083",
				"instrument":"MegaCam",
				"magnitude":"24.323",
				"u_time":"MJD",
				"source":"4"
			},
			{
				"time":"53323.63275000003",
				"band":"r",
				"e_magnitude":"0.079",
				"instrument":"MegaCam",
				"magnitude":"24.153",
				"u_time":"MJD",
				"source":"4"
			},
			{
				"time":"53329.47674999998",
				"band":"i",
				"e_magnitude":"0.152",
				"instrument":"MegaCam",
				"magnitude":"24.477",
				"u_time":"MJD",
				"source":"4"
			},
			{
				"time":"53329.47674999998",
				"band":"r",
				"e_magnitude":"0.134",
				"instrument":"MegaCam",
				"magnitude":"24.567",
				"u_time":"MJD",
				"source":"4"
			},
			{
				"time":"53351.39174999996",
				"band":"r",
				"e_magnitude":"0.120",
				"instrument":"MegaCam",
				"magnitude":"24.558",
				"u_time":"MJD",
				"source":"4"
			},
			{
				"time":"53351.757000000034",
				"band":"g",
				"e_magnitude":"0.055",
				"instrument":"MegaCam",
				"magnitude":"24.262",
				"u_time":"MJD",
				"source":"4"
			},
			{
				"time":"53354.67899999997",
				"band":"g",
				"e_magnitude":"0.063",
				"instrument":"MegaCam",
				"magnitude":"24.143",
				"u_time":"MJD",
				"source":"4"
			},
			{
				"time":"53356.140000000014",
				"band":"FUV",
				"e_magnitude":"0.32",
				"instrument":"GALEX",
				"magnitude":"22.960",
				"u_time":"MJD",
				"source":"4"
			},
			{
				"time":"53356.140000000014",
				"band":"NUV",
				"e_magnitude":"0.26",
				"instrument":"GALEX",
				"magnitude":"22.710",
				"u_time":"MJD",
				"source":"4"
			},
			{
				"time":"53357.60099999998",
				"band":"g",
				"e_magnitude":"0.078",
				"instrument":"MegaCam",
				"magnitude":"24.316",
				"u_time":"MJD",
				"source":"4"
			},
			{
				"time":"53377.689750000005",
				"band":"g",
				"e_magnitude":"0.104",
				"instrument":"MegaCam",
				"magnitude":"24.676",
				"u_time":"MJD",
				"source":"4"
			},
			{
				"time":"53588.804249999994",
				"band":"g",
				"e_magnitude":"0.054",
				"instrument":"MegaCam",
				"magnitude":"24.169",
				"u_time":"MJD",
				"source":"4"
			},
			{
				"time":"53593.91775000004",
				"band":"g",
				"e_magnitude":"0.061",
				"instrument":"MegaCam",
				"magnitude":"24.219",
				"u_time":"MJD",
				"source":"4"
			},
			{
				"time":"53610.71924999997",
				"band":"r",
				"e_magnitude":"0.163",
				"instrument":"MegaCam",
				"magnitude":"24.674",
				"u_time":"MJD",
				"source":"4"
			},
			{
				"time":"53614.736999999965",
				"band":"g",
				"e_magnitude":"0.048",
				"instrument":"MegaCam",
				"magnitude":"24.057",
				"u_time":"MJD",
				"source":"4"
			},
			{
				"time":"53618.75475000003",
				"band":"g",
				"e_magnitude":"0.045",
				"instrument":"MegaCam",
				"magnitude":"23.934",
				"u_time":"MJD",
				"source":"4"
			},
			{
				"time":"53623.86824999999",
				"band":"g",
				"e_magnitude":"0.093",
				"instrument":"MegaCam",
				"magnitude":"24.178",
				"u_time":"MJD",
				"source":"4"
			},
			{
				"time":"53625.694500000034",
				"band":"g",
				"e_magnitude":"0.048",
				"instrument":"MegaCam",
				"magnitude":"24.031",
				"u_time":"MJD",
				"source":"4"
			},
			{
				"time":"53625.694500000034",
				"band":"r",
				"e_magnitude":"0.128",
				"instrument":"MegaCam",
				"magnitude":"24.667",
				"u_time":"MJD",
				"source":"4"
			},
			{
				"time":"53668.42875000002",
				"band":"FUV",
				"e_magnitude":"0.10",
				"instrument":"GALEX",
				"magnitude":"23.420",
				"u_time":"MJD",
				"source":"4"
			},
			{
				"time":"53668.42875000002",
				"band":"NUV",
				"e_magnitude":"0.08",
				"instrument":"GALEX",
				"magnitude":"23.310",
				"u_time":"MJD",
				"source":"4"
			},
			{
				"time":[
					"54051.2",
					"54051.544"
				],
				"countrate":"3.08E-04",
				"energy":[
					"0.3",
					"2.0"
				],
				"flux":"2.46E-15",
				"instrument":"ACIS-S",
				"luminosity":"9.78E+41",
				"nhmw":"0.0249",
				"photonindex":"4.5",
				"telescope":"Chandra",
				"u_countrate":"s^-1",
				"u_energy":"keV",
				"u_flux":"ergs/cm^2/s",
				"u_time":"MJD",
				"upperlimit":true,
				"source":"1"
			},
			{
				"time":"54058.51575000001",
				"band":"FUV",
				"e_magnitude":"0.21",
				"instrument":"GALEX",
				"magnitude":"24.360",
				"u_time":"MJD",
				"source":"4"
			},
			{
				"time":"54058.51575000001",
				"band":"NUV",
				"e_magnitude":"0.17",
				"instrument":"GALEX",
				"magnitude":"23.970",
				"u_time":"MJD",
				"source":"4"
			}
		]
	}
}