{
	"D1-9": {
		"ebv": [
				{
					"e_value": "0.0004", 
					"derived": true, 
					"value": "0.0209", 
					"source": "3,5"
				}
		], 
		"redshift": [
				{
					"source": "1,4", 
					"value": "0.326"
				}
		], 
		"maxvisualdate": [
				{
					"source": "4,5", 
					"derived": true, 
					"value": "2004/08/15"
				}
		], 
		"sources": [
				{
					"alias": "1", 
					"bibcode": "2017ApJ...838..149A", 
					"name": "2017ApJ...838..149A", 
					"reference": "Auchettl, Guillochon, & Ramirez-Ruiz (2017)"
				}, 
				{
					"alias": "2", 
					"bibcode": "2016A&A...594A..13P", 
					"name": "2016A&A...594A..13P", 
					"reference": "Planck Collaboration et al. (2016)"
				}, 
				{
					"alias": "3", 
					"bibcode": "2011ApJ...737..103S", 
					"name": "2011ApJ...737..103S", 
					"reference": "Schlafly & Finkbeiner (2011)"
				}, 
				{
					"alias": "4", 
					"bibcode": "2008ApJ...676..944G", 
					"name": "2008ApJ...676..944G", 
					"reference": "Gezari et al. (2008)"
				}, 
				{
					"bibcode": "2017ApJ...835...64G", 
					"name": "The Open TDE Catalog", 
					"reference": "Guillochon et al. (2017)", 
					"url": "https://tde.space", 
					"alias": "5", 
					"secondary": true
				}
		], 
		"maxabsmag": [
				{
					"source": "1,2,4,5", 
					"derived": true, 
					"value": "-18.21"
				}
		], 
		"hostdec": [
				{
					"source": "1", 
					"u_value": "degrees", 
					"value": "-04:32:59.00"
				}
		], 
		"comovingdist": [
				{
					"u_value": "Mpc", 
					"derived": true, 
					"value": "1330", 
					"source": "1,2,4,5"
				}
		], 
		"maxappmag": [
				{
					"source": "4,5", 
					"derived": true, 
					"value": "22.71"
				}
		], 
		"maxdate": [
				{
					"source": "4,5", 
					"derived": true, 
					"value": "2004/12/17"
				}
		], 
		"maxvisualband": [
				{
					"source": "4,5", 
					"derived": true, 
					"value": "g"
				}
		], 
		"citations": [
				{
					"source": "4", 
					"value": "<a href='http://adsabs.harvard.edu/abs/2008ApJ...676..944G'>Gezari et al. 2008</a>*&Dagger;"
				}
		], 
		"ra": [
				{
					"source": "4", 
					"u_value": "hours", 
					"value": "02:25:16.968"
				}
		], 
		"maxvisualappmag": [
				{
					"source": "4,5", 
					"derived": true, 
					"value": "23.28"
				}
		], 
		"schema": "https://github.com/astrocatalogs/tidaldisruptions/blob/f405406/SCHEMA.md", 
		"hostra": [
				{
					"source": "1", 
					"u_value": "hours", 
					"value": "02:25:17.00"
				}
		], 
		"lumdist": [
				{
					"u_value": "Mpc", 
					"derived": true, 
					"value": "1760", 
					"source": "1,2,4,5"
				}
		], 
		"maxband": [
				{
					"source": "4,5", 
					"derived": true, 
					"value": "NUV"
				}
		], 
		"host": [
				{
					"source": "4", 
					"value": "GALEX J022517.0&#8209;043258"
				}, 
				{
					"source": "1", 
					"value": "GALEX J022517.0-043258"
				}
		], 
		"discoverdate": [
				{
					"source": "4,5", 
					"derived": true, 
					"value": "2004/08/12"
				}
		], 
		"photometry": [
				{
					"u_energy": "keV", 
					"telescope": "ROSAT", 
					"instrument": "PSPC", 
					"source": "1", 
					"luminosity": "4.57E+43", 
					"energy": [
						"0.3", 
						"2.0"
					], 
					"u_countrate": "s^-1", 
					"photonindex": "4.5", 
					"countrate": "0.0308981", 
					"flux": "1.15E-13", 
					"nhmw": "0.0249", 
					"u_flux": "ergs/cm^2/s", 
					"u_time": "MJD", 
					"time": [
						"48262.3", 
						"48262.302"
					], 
					"upperlimit": true
				}, 
				{
					"u_energy": "keV", 
					"telescope": "XMM", 
					"instrument": "PN", 
					"source": "1", 
					"luminosity": "6.76E+42", 
					"energy": [
						"0.3", 
						"2.0"
					], 
					"u_countrate": "s^-1", 
					"photonindex": "4.5", 
					"countrate": "0.0276843", 
					"flux": "1.70E-14", 
					"nhmw": "0.0249", 
					"u_flux": "ergs/cm^2/s", 
					"u_time": "MJD", 
					"time": [
						"52304.7", 
						"52305.093"
					], 
					"upperlimit": true
				}, 
				{
					"instrument": "GALEX", 
					"source": "4", 
					"band": "FUV", 
					"magnitude": "25.270", 
					"u_time": "MJD", 
					"time": "52954.36499999996", 
					"upperlimit": true
				}, 
				{
					"instrument": "GALEX", 
					"source": "4", 
					"band": "NUV", 
					"magnitude": "24.600", 
					"u_time": "MJD", 
					"time": "52954.36499999996", 
					"upperlimit": true
				}, 
				{
					"instrument": "GALEX", 
					"source": "4", 
					"band": "FUV", 
					"magnitude": "25.150", 
					"u_time": "MJD", 
					"time": "52994.54250000001", 
					"upperlimit": true
				}, 
				{
					"instrument": "GALEX", 
					"source": "4", 
					"band": "NUV", 
					"magnitude": "24.300", 
					"u_time": "MJD", 
					"time": "52994.54250000001", 
					"upperlimit": true
				}, 
				{
					"e_magnitude": "0.075", 
					"instrument": "MegaCam", 
					"band": "r", 
					"magnitude": "23.867", 
					"u_time": "MJD", 
					"time": "53229.03300000003", 
					"source": "4"
				}, 
				{
					"e_magnitude": "0.031", 
					"instrument": "MegaCam", 
					"band": "g", 
					"magnitude": "23.472", 
					"u_time": "MJD", 
					"time": "53230.85924999999", 
					"source": "4"
				}, 
				{
					"e_magnitude": "0.026", 
					"instrument": "MegaCam", 
					"band": "g", 
					"magnitude": "23.278", 
					"u_time": "MJD", 
					"time": "53232.68550000003", 
					"source": "4"
				}, 
				{
					"e_magnitude": "0.096", 
					"instrument": "MegaCam", 
					"band": "i", 
					"magnitude": "24.009", 
					"u_time": "MJD", 
					"time": "53232.68550000003", 
					"source": "4"
				}, 
				{
					"e_magnitude": "0.046", 
					"instrument": "MegaCam", 
					"band": "r", 
					"magnitude": "23.673", 
					"u_time": "MJD", 
					"time": "53232.68550000003", 
					"source": "4"
				}, 
				{
					"e_magnitude": "0.066", 
					"instrument": "MegaCam", 
					"band": "i", 
					"magnitude": "24.201", 
					"u_time": "MJD", 
					"time": "53235.97275000003", 
					"source": "4"
				}, 
				{
					"e_magnitude": "0.028", 
					"instrument": "MegaCam", 
					"band": "g", 
					"magnitude": "23.428", 
					"u_time": "MJD", 
					"time": "53237.798999999985", 
					"source": "4"
				}, 
				{
					"e_magnitude": "0.065", 
					"instrument": "MegaCam", 
					"band": "r", 
					"magnitude": "23.901", 
					"u_time": "MJD", 
					"time": "53237.798999999985", 
					"source": "4"
				}, 
				{
					"e_magnitude": "0.096", 
					"instrument": "MegaCam", 
					"band": "i", 
					"magnitude": "24.311", 
					"u_time": "MJD", 
					"time": "53240.721000000005", 
					"source": "4"
				}, 
				{
					"e_magnitude": "0.058", 
					"instrument": "MegaCam", 
					"band": "r", 
					"magnitude": "23.857", 
					"u_time": "MJD", 
					"time": "53240.721000000005", 
					"source": "4"
				}, 
				{
					"e_magnitude": "0.077", 
					"instrument": "MegaCam", 
					"band": "i", 
					"magnitude": "24.154", 
					"u_time": "MJD", 
					"time": "53254.60050000001", 
					"source": "4"
				}, 
				{
					"e_magnitude": "0.083", 
					"instrument": "MegaCam", 
					"band": "r", 
					"magnitude": "23.932", 
					"u_time": "MJD", 
					"time": "53254.965749999996", 
					"source": "4"
				}, 
				{
					"e_magnitude": "0.110", 
					"instrument": "MegaCam", 
					"band": "i", 
					"magnitude": "24.394", 
					"u_time": "MJD", 
					"time": "53258.61824999999", 
					"source": "4"
				}, 
				{
					"e_magnitude": "0.083", 
					"instrument": "MegaCam", 
					"band": "r", 
					"magnitude": "24.088", 
					"u_time": "MJD", 
					"time": "53258.61824999999", 
					"source": "4"
				}, 
				{
					"e_magnitude": "0.041", 
					"instrument": "MegaCam", 
					"band": "g", 
					"magnitude": "23.647", 
					"u_time": "MJD", 
					"time": "53258.98349999999", 
					"source": "4"
				}, 
				{
					"e_magnitude": "0.039", 
					"instrument": "MegaCam", 
					"band": "g", 
					"magnitude": "23.623", 
					"u_time": "MJD", 
					"time": "53262.635999999984", 
					"source": "4"
				}, 
				{
					"e_magnitude": "0.128", 
					"instrument": "MegaCam", 
					"band": "i", 
					"magnitude": "24.490", 
					"u_time": "MJD", 
					"time": "53262.635999999984", 
					"source": "4"
				}, 
				{
					"e_magnitude": "0.068", 
					"instrument": "MegaCam", 
					"band": "r", 
					"magnitude": "24.091", 
					"u_time": "MJD", 
					"time": "53262.635999999984", 
					"source": "4"
				}, 
				{
					"e_magnitude": "0.139", 
					"instrument": "MegaCam", 
					"band": "r", 
					"magnitude": "24.270", 
					"u_time": "MJD", 
					"time": "53266.65374999997", 
					"source": "4"
				}, 
				{
					"e_magnitude": "0.057", 
					"instrument": "MegaCam", 
					"band": "g", 
					"magnitude": "23.613", 
					"u_time": "MJD", 
					"time": "53267.74950000003", 
					"source": "4"
				}, 
				{
					"e_magnitude": "0.132", 
					"instrument": "MegaCam", 
					"band": "i", 
					"magnitude": "24.316", 
					"u_time": "MJD", 
					"time": "53267.74950000003", 
					"source": "4"
				}, 
				{
					"e_magnitude": "0.079", 
					"instrument": "MegaCam", 
					"band": "r", 
					"magnitude": "24.207", 
					"u_time": "MJD", 
					"time": "53267.74950000003", 
					"source": "4"
				}, 
				{
					"e_magnitude": "0.035", 
					"instrument": "MegaCam", 
					"band": "g", 
					"magnitude": "23.720", 
					"u_time": "MJD", 
					"time": "53268.84525", 
					"source": "4"
				}, 
				{
					"e_magnitude": "0.067", 
					"instrument": "MegaCam", 
					"band": "r", 
					"magnitude": "24.031", 
					"u_time": "MJD", 
					"time": "53271.76725000002", 
					"source": "4"
				}, 
				{
					"e_magnitude": "0.107", 
					"instrument": "MegaCam", 
					"band": "r", 
					"magnitude": "24.231", 
					"u_time": "MJD", 
					"time": "53283.82049999998", 
					"source": "4"
				}, 
				{
					"e_magnitude": "0.042", 
					"instrument": "MegaCam", 
					"band": "g", 
					"magnitude": "23.663", 
					"u_time": "MJD", 
					"time": "53288.568750000035", 
					"source": "4"
				}, 
				{
					"e_magnitude": "0.104", 
					"instrument": "MegaCam", 
					"band": "i", 
					"magnitude": "24.269", 
					"u_time": "MJD", 
					"time": "53288.568750000035", 
					"source": "4"
				}, 
				{
					"e_magnitude": "0.072", 
					"instrument": "MegaCam", 
					"band": "r", 
					"magnitude": "24.151", 
					"u_time": "MJD", 
					"time": "53288.568750000035", 
					"source": "4"
				}, 
				{
					"e_magnitude": "0.032", 
					"instrument": "MegaCam", 
					"band": "g", 
					"magnitude": "23.761", 
					"u_time": "MJD", 
					"time": "53294.77799999997", 
					"source": "4"
				}, 
				{
					"e_magnitude": "0.096", 
					"instrument": "MegaCam", 
					"band": "r", 
					"magnitude": "24.166", 
					"u_time": "MJD", 
					"time": "53294.77799999997", 
					"source": "4"
				}, 
				{
					"e_magnitude": "0.079", 
					"instrument": "MegaCam", 
					"band": "r", 
					"magnitude": "24.224", 
					"u_time": "MJD", 
					"time": "53298.430499999966", 
					"source": "4"
				}, 
				{
					"e_magnitude": "0.037", 
					"instrument": "MegaCam", 
					"band": "g", 
					"magnitude": "23.740", 
					"u_time": "MJD", 
					"time": "53298.79575000004", 
					"source": "4"
				}, 
				{
					"e_magnitude": "0.098", 
					"instrument": "MegaCam", 
					"band": "r", 
					"magnitude": "24.156", 
					"u_time": "MJD", 
					"time": "53301.717749999974", 
					"source": "4"
				}, 
				{
					"e_magnitude": "0.124", 
					"instrument": "MegaCam", 
					"band": "r", 
					"magnitude": "24.402", 
					"u_time": "MJD", 
					"time": "53312.675249999964", 
					"source": "4"
				}, 
				{
					"e_magnitude": "0.024", 
					"instrument": "MegaCam", 
					"band": "g", 
					"magnitude": "23.802", 
					"u_time": "MJD", 
					"time": "53317.78875000001", 
					"source": "4"
				}, 
				{
					"e_magnitude": "0.083", 
					"instrument": "MegaCam", 
					"band": "r", 
					"magnitude": "24.323", 
					"u_time": "MJD", 
					"time": "53317.78875000001", 
					"source": "4"
				}, 
				{
					"e_magnitude": "0.079", 
					"instrument": "MegaCam", 
					"band": "r", 
					"magnitude": "24.153", 
					"u_time": "MJD", 
					"time": "53323.63275000003", 
					"source": "4"
				}, 
				{
					"e_magnitude": "0.152", 
					"instrument": "MegaCam", 
					"band": "i", 
					"magnitude": "24.477", 
					"u_time": "MJD", 
					"time": "53329.47674999998", 
					"source": "4"
				}, 
				{
					"e_magnitude": "0.134", 
					"instrument": "MegaCam", 
					"band": "r", 
					"magnitude": "24.567", 
					"u_time": "MJD", 
					"time": "53329.47674999998", 
					"source": "4"
				}, 
				{
					"e_magnitude": "0.120", 
					"instrument": "MegaCam", 
					"band": "r", 
					"magnitude": "24.558", 
					"u_time": "MJD", 
					"time": "53351.39174999996", 
					"source": "4"
				}, 
				{
					"e_magnitude": "0.055", 
					"instrument": "MegaCam", 
					"band": "g", 
					"magnitude": "24.262", 
					"u_time": "MJD", 
					"time": "53351.757000000034", 
					"source": "4"
				}, 
				{
					"e_magnitude": "0.063", 
					"instrument": "MegaCam", 
					"band": "g", 
					"magnitude": "24.143", 
					"u_time": "MJD", 
					"time": "53354.67899999997", 
					"source": "4"
				}, 
				{
					"e_magnitude": "0.32", 
					"instrument": "GALEX", 
					"band": "FUV", 
					"magnitude": "22.960", 
					"u_time": "MJD", 
					"time": "53356.140000000014", 
					"source": "4"
				}, 
				{
					"e_magnitude": "0.26", 
					"instrument": "GALEX", 
					"band": "NUV", 
					"magnitude": "22.710", 
					"u_time": "MJD", 
					"time": "53356.140000000014", 
					"source": "4"
				}, 
				{
					"e_magnitude": "0.078", 
					"instrument": "MegaCam", 
					"band": "g", 
					"magnitude": "24.316", 
					"u_time": "MJD", 
					"time": "53357.60099999998", 
					"source": "4"
				}, 
				{
					"e_magnitude": "0.104", 
					"instrument": "MegaCam", 
					"band": "g", 
					"magnitude": "24.676", 
					"u_time": "MJD", 
					"time": "53377.689750000005", 
					"source": "4"
				}, 
				{
					"e_magnitude": "0.054", 
					"instrument": "MegaCam", 
					"band": "g", 
					"magnitude": "24.169", 
					"u_time": "MJD", 
					"time": "53588.804249999994", 
					"source": "4"
				}, 
				{
					"e_magnitude": "0.061", 
					"instrument": "MegaCam", 
					"band": "g", 
					"magnitude": "24.219", 
					"u_time": "MJD", 
					"time": "53593.91775000004", 
					"source": "4"
				}, 
				{
					"e_magnitude": "0.163", 
					"instrument": "MegaCam", 
					"band": "r", 
					"magnitude": "24.674", 
					"u_time": "MJD", 
					"time": "53610.71924999997", 
					"source": "4"
				}, 
				{
					"e_magnitude": "0.048", 
					"instrument": "MegaCam", 
					"band": "g", 
					"magnitude": "24.057", 
					"u_time": "MJD", 
					"time": "53614.736999999965", 
					"source": "4"
				}, 
				{
					"e_magnitude": "0.045", 
					"instrument": "MegaCam", 
					"band": "g", 
					"magnitude": "23.934", 
					"u_time": "MJD", 
					"time": "53618.75475000003", 
					"source": "4"
				}, 
				{
					"e_magnitude": "0.093", 
					"instrument": "MegaCam", 
					"band": "g", 
					"magnitude": "24.178", 
					"u_time": "MJD", 
					"time": "53623.86824999999", 
					"source": "4"
				}, 
				{
					"e_magnitude": "0.048", 
					"instrument": "MegaCam", 
					"band": "g", 
					"magnitude": "24.031", 
					"u_time": "MJD", 
					"time": "53625.694500000034", 
					"source": "4"
				}, 
				{
					"e_magnitude": "0.128", 
					"instrument": "MegaCam", 
					"band": "r", 
					"magnitude": "24.667", 
					"u_time": "MJD", 
					"time": "53625.694500000034", 
					"source": "4"
				}, 
				{
					"e_magnitude": "0.10", 
					"instrument": "GALEX", 
					"band": "FUV", 
					"magnitude": "23.420", 
					"u_time": "MJD", 
					"time": "53668.42875000002", 
					"source": "4"
				}, 
				{
					"e_magnitude": "0.08", 
					"instrument": "GALEX", 
					"band": "NUV", 
					"magnitude": "23.310", 
					"u_time": "MJD", 
					"time": "53668.42875000002", 
					"source": "4"
				}, 
				{
					"u_energy": "keV", 
					"telescope": "Chandra", 
					"instrument": "ACIS-S", 
					"source": "1", 
					"luminosity": "9.78E+41", 
					"energy": [
						"0.3", 
						"2.0"
					], 
					"u_countrate": "s^-1", 
					"photonindex": "4.5", 
					"countrate": "3.08E-04", 
					"flux": "2.46E-15", 
					"nhmw": "0.0249", 
					"u_flux": "ergs/cm^2/s", 
					"u_time": "MJD", 
					"time": [
						"54051.2", 
						"54051.544"
					], 
					"upperlimit": true
				}, 
				{
					"e_magnitude": "0.21", 
					"instrument": "GALEX", 
					"band": "FUV", 
					"magnitude": "24.360", 
					"u_time": "MJD", 
					"time": "54058.51575000001", 
					"source": "4"
				}, 
				{
					"e_magnitude": "0.17", 
					"instrument": "GALEX", 
					"band": "NUV", 
					"magnitude": "23.970", 
					"u_time": "MJD", 
					"time": "54058.51575000001", 
					"source": "4"
				}
		], 
		"name": "D1-9", 
		"hostoffsetdist": [
				{
					"source": "1,2,4,5", 
					"value": "2.366"
				}
		], 
		"alias": [
				{
					"source": "1", 
					"value": "D1-9"
				}
		], 
		"velocity": [
				{
					"u_value": "km/s", 
					"derived": true, 
					"value": "82400", 
					"source": "5"
				}
		], 
		"dec": [
				{
					"source": "4", 
					"u_value": "degrees", 
					"value": "-04:32:58.92"
				}
		], 
		"hostoffsetang": [
				{
					"u_value": "arcseconds", 
					"derived": true, 
					"value": "0.4866", 
					"source": "1,4,5"
				}
		], 
		"nhhost": [
				{
					"source": "4", 
					"value": "2.6e+20"
				}
		]
	}
}