{
	"D23H-1":{
		"schema":"https://github.com/astrocatalogs/tidaldisruptions/blob/f405406/SCHEMA.md",
		"name":"D23H-1",
		"sources":[
			{
				"name":"2017ApJ...838..149A",
				"bibcode":"2017ApJ...838..149A",
				"reference":"Auchettl, Guillochon, & Ramirez-Ruiz (2017)",
				"alias":"1"
			},
			{
				"name":"2016A&A...594A..13P",
				"bibcode":"2016A&A...594A..13P",
				"reference":"Planck Collaboration et al. (2016)",
				"alias":"2"
			},
			{
				"name":"2011ApJ...737..103S",
				"bibcode":"2011ApJ...737..103S",
				"reference":"Schlafly & Finkbeiner (2011)",
				"alias":"3"
			},
			{
				"name":"2009ApJ...698.1367G",
				"bibcode":"2009ApJ...698.1367G",
				"reference":"Gezari et al. (2009)",
				"alias":"4"
			},
			{
				"name":"The Open TDE Catalog",
				"bibcode":"2017ApJ...835...64G",
				"reference":"Guillochon et al. (2017)",
				"secondary":true,
				"url":"https://tde.space",
				"alias":"5"
			}
		],
		"alias":[
			{
				"value":"D23H-1",
				"source":"1"
			}
		],
		"citations":[
			{
				"value":"<a href='http://adsabs.harvard.edu/abs/2009ApJ...698.1367G'>Gezari et al. 2009</a>*&Dagger;",
				"source":"4"
			}
		],
		"comovingdist":[
			{
				"value":"784.6",
				"derived":true,
				"u_value":"Mpc",
				"source":"1,2,4,5"
			}
		],
		"dec":[
			{
				"value":"+00:17:14.57",
				"u_value":"degrees",
				"source":"4"
			}
		],
		"discoverdate":[
			{
				"value":"2007/09/04",
				"derived":true,
				"source":"4,5"
			}
		],
		"ebv":[
			{
				"value":"0.0308",
				"derived":true,
				"e_value":"0.0005",
				"source":"3,5"
			}
		],
		"host":[
			{
				"value":"SDSS J233159.53+001714.5",
				"source":"1,4"
			}
		],
		"hostdec":[
			{
				"value":"+00:17:14.58",
				"u_value":"degrees",
				"source":"1"
			}
		],
		"hostoffsetang":[
			{
				"value":"0.1503",
				"derived":true,
				"u_value":"arcseconds",
				"source":"1,4,5"
			}
		],
		"hostoffsetdist":[
			{
				"value":"0.4823",
				"source":"1,2,4,5"
			}
		],
		"hostra":[
			{
				"value":"23:31:59.54",
				"u_value":"hours",
				"source":"1"
			}
		],
		"lumdist":[
			{
				"value":"930.2",
				"derived":true,
				"u_value":"Mpc",
				"source":"1,2,4,5"
			}
		],
		"maxabsmag":[
			{
				"value":"-18.798",
				"derived":true,
				"source":"1,2,4,5"
			}
		],
		"maxappmag":[
			{
				"value":"20.86",
				"derived":true,
				"source":"4,5"
			}
		],
		"maxband":[
			{
				"value":"FUV",
				"derived":true,
				"source":"4,5"
			}
		],
		"maxdate":[
			{
				"value":"2007/09/29",
				"derived":true,
				"source":"4,5"
			}
		],
		"maxvisualappmag":[
			{
				"value":"22.25",
				"derived":true,
				"source":"4,5"
			}
		],
		"maxvisualband":[
			{
				"value":"g",
				"derived":true,
				"source":"4,5"
			}
		],
		"maxvisualdate":[
			{
				"value":"2007/10/15",
				"derived":true,
				"source":"4,5"
			}
		],
		"nhhost":[
			{
				"value":"2.03e+20",
				"source":"4"
			}
		],
		"notes":[
			{
				"value":"Star-forming host",
				"source":"4"
			}
		],
		"ra":[
			{
				"value":"23:31:59.53",
				"u_value":"hours",
				"source":"4"
			}
		],
		"redshift":[
			{
				"value":"0.1855",
				"source":"1,4"
			}
		],
		"velocity":[
			{
				"value":"50530",
				"derived":true,
				"u_value":"km/s",
				"source":"5"
			}
		],
		"photometry":[
			{
				"time":[
					"48200",
					"48200.004"
				],
				"countrate":"0.0293373",
				"energy":[
					"0.3",
					"2.0"
				],
				"flux":"2.04E-13",
				"instrument":"PSPC",
				"luminosity":"2.10E+43",
				"nhmw":"0.04",
				"photonindex":"4.5",
				"telescope":"ROSAT",
				"u_countrate":"s^-1",
				"u_energy":"keV",
				"u_flux":"ergs/cm^2/s",
				"u_time":"MJD",
				"upperlimit":true,
				"source":"1"
			},
			{
				"time":"54347.06325",
				"band":"FUV",
				"e_magnitude":"0.07",
				"instrument":"GALEX",
				"magnitude":"21.49",
				"u_time":"MJD",
				"source":"4"
			},
			{
				"time":"54347.06325",
				"band":"NUV",
				"e_magnitude":"0.19",
				"instrument":"GALEX",
				"magnitude":"21.79",
				"u_time":"MJD",
				"source":"4"
			},
			{
				"time":"54372.99599999997",
				"band":"FUV",
				"e_magnitude":"0.09",
				"instrument":"GALEX",
				"magnitude":"20.86",
				"u_time":"MJD",
				"source":"4"
			},
			{
				"time":"54372.99599999997",
				"band":"NUV",
				"e_magnitude":"0.19",
				"instrument":"GALEX",
				"magnitude":"20.93",
				"u_time":"MJD",
				"source":"4"
			},
			{
				"time":"54388.33650000002",
				"band":"g",
				"e_magnitude":"0.12",
				"instrument":"Pan-STARRS1",
				"magnitude":"22.25",
				"u_time":"MJD",
				"source":"4"
			},
			{
				"time":"54391.25850000003",
				"band":"FUV",
				"e_magnitude":"0.06",
				"instrument":"GALEX",
				"magnitude":"21.03",
				"u_time":"MJD",
				"source":"4"
			},
			{
				"time":"54391.25850000003",
				"band":"NUV",
				"e_magnitude":"0.20",
				"instrument":"GALEX",
				"magnitude":"21.18",
				"u_time":"MJD",
				"source":"4"
			},
			{
				"time":[
					"54400",
					"54400.692"
				],
				"countrate":"0.000263374",
				"energy":[
					"0.3",
					"2.0"
				],
				"flux":"2.70E-15",
				"instrument":"ACIS-S",
				"luminosity":"2.78E+41",
				"nhmw":"0.04",
				"photonindex":"4.5",
				"telescope":"Chandra",
				"u_countrate":"s^-1",
				"u_energy":"keV",
				"u_flux":"ergs/cm^2/s",
				"u_time":"MJD",
				"upperlimit":true,
				"source":"1"
			},
			{
				"time":"54418.286999999975",
				"band":"g",
				"e_magnitude":"0.17",
				"instrument":"Pan-STARRS1",
				"magnitude":"22.37",
				"u_time":"MJD",
				"source":"4"
			},
			{
				"time":[
					"54683.2",
					"54683.304"
				],
				"countrate":"0.000379141",
				"energy":[
					"0.3",
					"2.0"
				],
				"flux":"3.89E-15",
				"instrument":"ACIS-S",
				"luminosity":"4.01E+41",
				"nhmw":"0.04",
				"photonindex":"4.5",
				"telescope":"Chandra",
				"u_countrate":"s^-1",
				"u_energy":"keV",
				"u_flux":"ergs/cm^2/s",
				"u_time":"MJD",
				"upperlimit":true,
				"source":"1"
			},
			{
				"time":"54716.69624999998",
				"band":"FUV",
				"e_magnitude":"0.09",
				"instrument":"GALEX",
				"magnitude":"23.17",
				"u_time":"MJD",
				"source":"4"
			},
			{
				"time":"54716.69624999998",
				"band":"NUV",
				"e_magnitude":"0.20",
				"instrument":"GALEX",
				"magnitude":"23.62",
				"u_time":"MJD",
				"source":"4"
			},
			{
				"time":"54730.94099999998",
				"band":"FUV",
				"e_magnitude":"0.10",
				"instrument":"GALEX",
				"magnitude":"22.84",
				"u_time":"MJD",
				"source":"4"
			},
			{
				"time":"54730.94099999998",
				"band":"NUV",
				"e_magnitude":"0.20",
				"instrument":"GALEX",
				"magnitude":"23.43",
				"u_time":"MJD",
				"source":"4"
			},
			{
				"time":"54769.65749999997",
				"band":"FUV",
				"e_magnitude":"0.08",
				"instrument":"GALEX",
				"magnitude":"22.92",
				"u_time":"MJD",
				"source":"4"
			},
			{
				"time":"54769.65749999997",
				"band":"NUV",
				"e_magnitude":"0.20",
				"instrument":"GALEX",
				"magnitude":"23.43",
				"u_time":"MJD",
				"source":"4"
			},
			{
				"time":[
					"55559.7",
					"55560.112"
				],
				"countrate":"0.00972363",
				"energy":[
					"0.3",
					"2.0"
				],
				"flux":"7.51E-15",
				"instrument":"PN",
				"luminosity":"7.74E+41",
				"nhmw":"0.04",
				"photonindex":"4.5",
				"telescope":"XMM",
				"u_countrate":"s^-1",
				"u_energy":"keV",
				"u_flux":"ergs/cm^2/s",
				"u_time":"MJD",
				"upperlimit":true,
				"source":"1"
			},
			{
				"time":[
					"55560.2",
					"55560.200"
				],
				"countrate":"1.55",
				"energy":[
					"0.3",
					"2.0"
				],
				"flux":"7.66E-12",
				"instrument":"PN",
				"luminosity":"7.89E+44",
				"nhmw":"0.04",
				"photonindex":"4.5",
				"telescope":"XMM",
				"u_countrate":"s^-1",
				"u_energy":"keV",
				"u_flux":"ergs/cm^2/s",
				"u_time":"MJD",
				"upperlimit":true,
				"source":"1"
			}
		]
	}
}