{"D23H-1": {"ebv": [{"e_value": "0.0005", "derived": true, "value": "0.0308", "source": "3,5"}], "redshift": [{"source": "1,4", "value": "0.1855"}], "maxvisualdate": [{"source": "4,5", "derived": true, "value": "2007/10/15"}], "sources": [{"alias": "1", "bibcode": "2017ApJ...838..149A", "name": "2017ApJ...838..149A", "reference": "Auchettl, Guillochon, & Ramirez-Ruiz (2017)"}, {"alias": "2", "bibcode": "2016A&A...594A..13P", "name": "2016A&A...594A..13P", "reference": "Planck Collaboration et al. (2016)"}, {"alias": "3", "bibcode": "2011ApJ...737..103S", "name": "2011ApJ...737..103S", "reference": "Schlafly & Finkbeiner (2011)"}, {"alias": "4", "bibcode": "2009ApJ...698.1367G", "name": "2009ApJ...698.1367G", "reference": "Gezari et al. (2009)"}, {"bibcode": "2017ApJ...835...64G", "name": "The Open TDE Catalog", "reference": "Guillochon et al. (2017)", "url": "https://tde.space", "alias": "5", "secondary": true}], "maxabsmag": [{"source": "1,2,4,5", "derived": true, "value": "-18.798"}], "hostdec": [{"source": "1", "u_value": "degrees", "value": "+00:17:14.58"}], "comovingdist": [{"u_value": "Mpc", "derived": true, "value": "784.6", "source": "1,2,4,5"}], "maxappmag": [{"source": "4,5", "derived": true, "value": "20.86"}], "maxdate": [{"source": "4,5", "derived": true, "value": "2007/09/29"}], "maxvisualband": [{"source": "4,5", "derived": true, "value": "g"}], "citations": [{"source": "4", "value": "<a href='http://adsabs.harvard.edu/abs/2009ApJ...698.1367G'>Gezari et al. 2009</a>*&Dagger;"}], "ra": [{"source": "4", "u_value": "hours", "value": "23:31:59.53"}], "maxvisualappmag": [{"source": "4,5", "derived": true, "value": "22.25"}], "schema": "https://github.com/astrocatalogs/tidaldisruptions/blob/f405406/SCHEMA.md", "hostra": [{"source": "1", "u_value": "hours", "value": "23:31:59.54"}], "lumdist": [{"u_value": "Mpc", "derived": true, "value": "930.2", "source": "1,2,4,5"}], "maxband": [{"source": "4,5", "derived": true, "value": "FUV"}], "host": [{"source": "1,4", "value": "SDSS J233159.53+001714.5"}], "discoverdate": [{"source": "4,5", "derived": true, "value": "2007/09/04"}], "photometry": [{"u_energy": "keV", "telescope": "ROSAT", "instrument": "PSPC", "source": "1", "luminosity": "2.10E+43", "energy": ["0.3", "2.0"], "u_countrate": "s^-1", "photonindex": "4.5", "countrate": "0.0293373", "flux": "2.04E-13", "nhmw": "0.04", "u_flux": "ergs/cm^2/s", "u_time": "MJD", "time": ["48200", "48200.004"], "upperlimit": true}, {"e_magnitude": "0.07", "instrument": "GALEX", "band": "FUV", "magnitude": "21.49", "u_time": "MJD", "time": "54347.06325", "source": "4"}, {"e_magnitude": "0.19", "instrument": "GALEX", "band": "NUV", "magnitude": "21.79", "u_time": "MJD", "time": "54347.06325", "source": "4"}, {"e_magnitude": "0.09", "instrument": "GALEX", "band": "FUV", "magnitude": "20.86", "u_time": "MJD", "time": "54372.99599999997", "source": "4"}, {"e_magnitude": "0.19", "instrument": "GALEX", "band": "NUV", "magnitude": "20.93", "u_time": "MJD", "time": "54372.99599999997", "source": "4"}, {"e_magnitude": "0.12", "instrument": "Pan-STARRS1", "band": "g", "magnitude": "22.25", "u_time": "MJD", "time": "54388.33650000002", "source": "4"}, {"e_magnitude": "0.06", "instrument": "GALEX", "band": "FUV", "magnitude": "21.03", "u_time": "MJD", "time": "54391.25850000003", "source": "4"}, {"e_magnitude": "0.20", "instrument": "GALEX", "band": "NUV", "magnitude": "21.18", "u_time": "MJD", "time": "54391.25850000003", "source": "4"}, {"u_energy": "keV", "telescope": "Chandra", "instrument": "ACIS-S", "source": "1", "luminosity": "2.78E+41", "energy": ["0.3", "2.0"], "u_countrate": "s^-1", "photonindex": "4.5", "countrate": "0.000263374", "flux": "2.70E-15", "nhmw": "0.04", "u_flux": "ergs/cm^2/s", "u_time": "MJD", "time": ["54400", "54400.692"], "upperlimit": true}, {"e_magnitude": "0.17", "instrument": "Pan-STARRS1", "band": "g", "magnitude": "22.37", "u_time": "MJD", "time": "54418.286999999975", "source": "4"}, {"u_energy": "keV", "telescope": "Chandra", "instrument": "ACIS-S", "source": "1", "luminosity": "4.01E+41", "energy": ["0.3", "2.0"], "u_countrate": "s^-1", "photonindex": "4.5", "countrate": "0.000379141", "flux": "3.89E-15", "nhmw": "0.04", "u_flux": "ergs/cm^2/s", "u_time": "MJD", "time": ["54683.2", "54683.304"], "upperlimit": true}, {"e_magnitude": "0.09", "instrument": "GALEX", "band": "FUV", "magnitude": "23.17", "u_time": "MJD", "time": "54716.69624999998", "source": "4"}, {"e_magnitude": "0.20", "instrument": "GALEX", "band": "NUV", "magnitude": "23.62", "u_time": "MJD", "time": "54716.69624999998", "source": "4"}, {"e_magnitude": "0.10", "instrument": "GALEX", "band": "FUV", "magnitude": "22.84", "u_time": "MJD", "time": "54730.94099999998", "source": "4"}, {"e_magnitude": "0.20", "instrument": "GALEX", "band": "NUV", "magnitude": "23.43", "u_time": "MJD", "time": "54730.94099999998", "source": "4"}, {"e_magnitude": "0.08", "instrument": "GALEX", "band": "FUV", "magnitude": "22.92", "u_time": "MJD", "time": "54769.65749999997", "source": "4"}, {"e_magnitude": "0.20", "instrument": "GALEX", "band": "NUV", "magnitude": "23.43", "u_time": "MJD", "time": "54769.65749999997", "source": "4"}, {"u_energy": "keV", "telescope": "XMM", "instrument": "PN", "source": "1", "luminosity": "7.74E+41", "energy": ["0.3", "2.0"], "u_countrate": "s^-1", "photonindex": "4.5", "countrate": "0.00972363", "flux": "7.51E-15", "nhmw": "0.04", "u_flux": "ergs/cm^2/s", "u_time": "MJD", "time": ["55559.7", "55560.112"], "upperlimit": true}, {"u_energy": "keV", "telescope": "XMM", "instrument": "PN", "source": "1", "luminosity": "7.89E+44", "energy": ["0.3", "2.0"], "u_countrate": "s^-1", "photonindex": "4.5", "countrate": "1.55", "flux": "7.66E-12", "nhmw": "0.04", "u_flux": "ergs/cm^2/s", "u_time": "MJD", "time": ["55560.2", "55560.200"], "upperlimit": true}], "name": "D23H-1", "notes": [{"source": "4", "value": "Star-forming host"}], "hostoffsetdist": [{"source": "1,2,4,5", "value": "0.4823"}], "alias": [{"source": "1", "value": "D23H-1"}], "velocity": [{"u_value": "km/s", "derived": true, "value": "50530", "source": "5"}], "dec": [{"source": "4", "u_value": "degrees", "value": "+00:17:14.57"}], "hostoffsetang": [{"u_value": "arcseconds", "derived": true, "value": "0.1503", "source": "1,4,5"}], "nhhost": [{"source": "4", "value": "2.03e+20"}]}}