{
	"D3-13":{
		"schema":"https://github.com/astrocatalogs/tidaldisruptions/blob/f405406/SCHEMA.md",
		"name":"D3-13",
		"sources":[
			{
				"name":"2017ApJ...838..149A",
				"bibcode":"2017ApJ...838..149A",
				"reference":"Auchettl, Guillochon, & Ramirez-Ruiz (2017)",
				"alias":"1"
			},
			{
				"name":"2016A&A...594A..13P",
				"bibcode":"2016A&A...594A..13P",
				"reference":"Planck Collaboration et al. (2016)",
				"alias":"2"
			},
			{
				"name":"2011ApJ...737..103S",
				"bibcode":"2011ApJ...737..103S",
				"reference":"Schlafly & Finkbeiner (2011)",
				"alias":"3"
			},
			{
				"name":"2008ApJ...676..944G",
				"bibcode":"2008ApJ...676..944G",
				"reference":"Gezari et al. (2008)",
				"alias":"4"
			},
			{
				"name":"2006ApJ...653L..25G",
				"bibcode":"2006ApJ...653L..25G",
				"reference":"Gezari et al. (2006)",
				"alias":"5"
			},
			{
				"name":"The Open TDE Catalog",
				"bibcode":"2017ApJ...835...64G",
				"reference":"Guillochon et al. (2017)",
				"secondary":true,
				"url":"https://tde.space",
				"alias":"6"
			}
		],
		"alias":[
			{
				"value":"D3-13",
				"source":"1"
			}
		],
		"citations":[
			{
				"value":"<a href='http://adsabs.harvard.edu/abs/2006ApJ...653L..25G'>Gezari et al. 2006</a>*&Dagger;, <a href='http://adsabs.harvard.edu/abs/2008ApJ...676..944G'>Gezari et al. 2008</a>",
				"source":"5"
			}
		],
		"claimedtype":[
			{
				"value":"TDE?",
				"source":"1"
			}
		],
		"comovingdist":[
			{
				"value":"1491",
				"derived":true,
				"u_value":"Mpc",
				"source":"1,2,5,6"
			}
		],
		"dec":[
			{
				"value":"+52:52:06.24",
				"u_value":"degrees",
				"source":"4"
			}
		],
		"discoverdate":[
			{
				"value":"2004/01/15",
				"derived":true,
				"source":"5,6"
			}
		],
		"ebv":[
			{
				"value":"0.0067",
				"derived":true,
				"e_value":"0.0006",
				"source":"3,6"
			}
		],
		"host":[
			{
				"value":"GALEX J141929.8+525206",
				"source":"1,5"
			}
		],
		"hostdec":[
			{
				"value":"+52:52:06.37",
				"u_value":"degrees",
				"source":"1"
			}
		],
		"hostoffsetang":[
			{
				"value":"0.7612",
				"derived":true,
				"u_value":"arcseconds",
				"source":"1,4,6"
			}
		],
		"hostoffsetdist":[
			{
				"value":"4.017",
				"source":"1,2,4,5,6"
			}
		],
		"hostra":[
			{
				"value":"14:19:29.81",
				"u_value":"hours",
				"source":"1"
			}
		],
		"lumdist":[
			{
				"value":"2042",
				"derived":true,
				"u_value":"Mpc",
				"source":"1,2,5,6"
			}
		],
		"maxabsmag":[
			{
				"value":"-18.548",
				"derived":true,
				"source":"1,2,5,6"
			}
		],
		"maxappmag":[
			{
				"value":"22.66",
				"derived":true,
				"source":"5,6"
			}
		],
		"maxband":[
			{
				"value":"FUV",
				"derived":true,
				"source":"5,6"
			}
		],
		"maxdate":[
			{
				"value":"2004/05/09",
				"derived":true,
				"source":"5,6"
			}
		],
		"maxvisualappmag":[
			{
				"value":"23.76",
				"derived":true,
				"source":"5,6"
			}
		],
		"maxvisualband":[
			{
				"value":"g",
				"derived":true,
				"source":"5,6"
			}
		],
		"maxvisualdate":[
			{
				"value":"2004/03/20",
				"derived":true,
				"source":"5,6"
			}
		],
		"nhhost":[
			{
				"value":"1.3e+20",
				"source":"5"
			}
		],
		"ra":[
			{
				"value":"14:19:29.76",
				"u_value":"hours",
				"source":"4"
			}
		],
		"redshift":[
			{
				"value":"0.3698",
				"source":"1,5"
			}
		],
		"velocity":[
			{
				"value":"91340",
				"derived":true,
				"u_value":"km/s",
				"source":"6"
			}
		],
		"photometry":[
			{
				"time":[
					"48083.6",
					"48083.608"
				],
				"countrate":"0.0348557",
				"energy":[
					"0.3",
					"2.0"
				],
				"flux":"6.56E-14",
				"instrument":"PSPC",
				"luminosity":"3.58E+43",
				"nhmw":"0.0134",
				"photonindex":"4.5",
				"telescope":"ROSAT",
				"u_countrate":"s^-1",
				"u_energy":"keV",
				"u_flux":"ergs/cm^2/s",
				"u_time":"MJD",
				"upperlimit":true,
				"source":"1"
			},
			{
				"time":[
					"52808.8",
					"52808.800"
				],
				"countrate":"0.575",
				"energy":[
					"0.3",
					"2.0"
				],
				"flux":"2.06E-12",
				"instrument":"PN",
				"luminosity":"1.12E+45",
				"nhmw":"0.0134",
				"photonindex":"4.5",
				"telescope":"XMM",
				"u_countrate":"s^-1",
				"u_energy":"keV",
				"u_flux":"ergs/cm^2/s",
				"u_time":"MJD",
				"upperlimit":true,
				"source":"1"
			},
			{
				"time":"52815.57000000001",
				"band":"FUV",
				"instrument":"GALEX",
				"magnitude":"24.370",
				"u_time":"MJD",
				"upperlimit":true,
				"source":"5"
			},
			{
				"time":"52815.57000000001",
				"band":"NUV",
				"instrument":"GALEX",
				"magnitude":"24.400",
				"u_time":"MJD",
				"upperlimit":true,
				"source":"5"
			},
			{
				"time":"53019.014250000015",
				"band":"i",
				"e_magnitude":"0.048",
				"instrument":"MegaCam",
				"magnitude":"23.148",
				"u_time":"MJD",
				"source":"5"
			},
			{
				"time":"53019.014250000015",
				"band":"r",
				"e_magnitude":"0.046",
				"instrument":"MegaCam",
				"magnitude":"23.021",
				"u_time":"MJD",
				"source":"5"
			},
			{
				"time":"53023.76249999998",
				"band":"i",
				"e_magnitude":"0.196",
				"instrument":"MegaCam",
				"magnitude":"23.692",
				"u_time":"MJD",
				"source":"5"
			},
			{
				"time":"53024.85825000004",
				"band":"i",
				"e_magnitude":"0.048",
				"instrument":"MegaCam",
				"magnitude":"23.105",
				"u_time":"MJD",
				"source":"5"
			},
			{
				"time":"53024.85825000004",
				"band":"r",
				"e_magnitude":"0.029",
				"instrument":"MegaCam",
				"magnitude":"23.029",
				"u_time":"MJD",
				"source":"5"
			},
			{
				"time":"53032.89375000002",
				"band":"i",
				"e_magnitude":"0.100",
				"instrument":"MegaCam",
				"magnitude":"23.533",
				"u_time":"MJD",
				"source":"5"
			},
			{
				"time":"53081.83725000002",
				"band":"i",
				"e_magnitude":"0.109",
				"instrument":"MegaCam",
				"magnitude":"24.157",
				"u_time":"MJD",
				"source":"5"
			},
			{
				"time":"53082.933",
				"band":"r",
				"e_magnitude":"0.058",
				"instrument":"MegaCam",
				"magnitude":"23.817",
				"u_time":"MJD",
				"source":"5"
			},
			{
				"time":"53084.75925000004",
				"band":"g",
				"e_magnitude":"0.037",
				"instrument":"MegaCam",
				"magnitude":"23.756",
				"u_time":"MJD",
				"source":"5"
			},
			{
				"time":"53084.75925000004",
				"band":"i",
				"e_magnitude":"0.131",
				"instrument":"MegaCam",
				"magnitude":"24.352",
				"u_time":"MJD",
				"source":"5"
			},
			{
				"time":"53084.75925000004",
				"band":"r",
				"e_magnitude":"0.078",
				"instrument":"MegaCam",
				"magnitude":"23.886",
				"u_time":"MJD",
				"source":"5"
			},
			{
				"time":"53095.71675000003",
				"band":"i",
				"e_magnitude":"0.101",
				"instrument":"MegaCam",
				"magnitude":"23.974",
				"u_time":"MJD",
				"source":"5"
			},
			{
				"time":"53095.71675000003",
				"band":"r",
				"e_magnitude":"0.068",
				"instrument":"MegaCam",
				"magnitude":"23.934",
				"u_time":"MJD",
				"source":"5"
			},
			{
				"time":"53110.692",
				"band":"g",
				"e_magnitude":"0.053",
				"instrument":"MegaCam",
				"magnitude":"23.862",
				"u_time":"MJD",
				"source":"5"
			},
			{
				"time":"53110.692",
				"band":"i",
				"e_magnitude":"0.102",
				"instrument":"MegaCam",
				"magnitude":"24.048",
				"u_time":"MJD",
				"source":"5"
			},
			{
				"time":"53110.692",
				"band":"r",
				"e_magnitude":"0.064",
				"instrument":"MegaCam",
				"magnitude":"23.848",
				"u_time":"MJD",
				"source":"5"
			},
			{
				"time":"53118.72749999998",
				"band":"g",
				"e_magnitude":"0.039",
				"instrument":"MegaCam",
				"magnitude":"23.911",
				"u_time":"MJD",
				"source":"5"
			},
			{
				"time":"53118.72749999998",
				"band":"i",
				"e_magnitude":"0.274",
				"instrument":"MegaCam",
				"magnitude":"24.283",
				"u_time":"MJD",
				"source":"5"
			},
			{
				"time":"53118.72749999998",
				"band":"r",
				"e_magnitude":"0.081",
				"instrument":"MegaCam",
				"magnitude":"24.189",
				"u_time":"MJD",
				"source":"5"
			},
			{
				"time":"53122.74524999997",
				"band":"g",
				"e_magnitude":"0.043",
				"instrument":"MegaCam",
				"magnitude":"23.982",
				"u_time":"MJD",
				"source":"5"
			},
			{
				"time":"53122.74524999997",
				"band":"i",
				"e_magnitude":"0.161",
				"instrument":"MegaCam",
				"magnitude":"24.400",
				"u_time":"MJD",
				"source":"5"
			},
			{
				"time":"53122.74524999997",
				"band":"r",
				"e_magnitude":"0.080",
				"instrument":"MegaCam",
				"magnitude":"24.070",
				"u_time":"MJD",
				"source":"5"
			},
			{
				"time":"53124.571500000005",
				"band":"i",
				"e_magnitude":"0.119",
				"instrument":"MegaCam",
				"magnitude":"24.451",
				"u_time":"MJD",
				"source":"5"
			},
			{
				"time":"53124.571500000005",
				"band":"r",
				"e_magnitude":"0.082",
				"instrument":"MegaCam",
				"magnitude":"24.102",
				"u_time":"MJD",
				"source":"5"
			},
			{
				"time":"53134.79850000002",
				"band":"FUV",
				"e_magnitude":"0.10",
				"instrument":"GALEX",
				"magnitude":"22.660",
				"u_time":"MJD",
				"source":"5"
			},
			{
				"time":"53134.79850000002",
				"band":"NUV",
				"e_magnitude":"0.08",
				"instrument":"GALEX",
				"magnitude":"22.860",
				"u_time":"MJD",
				"source":"5"
			},
			{
				"time":"53135.528999999995",
				"band":"i",
				"e_magnitude":"0.122",
				"instrument":"MegaCam",
				"magnitude":"24.425",
				"u_time":"MJD",
				"source":"5"
			},
			{
				"time":"53135.528999999995",
				"band":"r",
				"e_magnitude":"0.106",
				"instrument":"MegaCam",
				"magnitude":"24.253",
				"u_time":"MJD",
				"source":"5"
			},
			{
				"time":"53139.54674999999",
				"band":"g",
				"e_magnitude":"0.051",
				"instrument":"MegaCam",
				"magnitude":"24.127",
				"u_time":"MJD",
				"source":"5"
			},
			{
				"time":"53139.54674999999",
				"band":"r",
				"e_magnitude":"0.093",
				"instrument":"MegaCam",
				"magnitude":"24.360",
				"u_time":"MJD",
				"source":"5"
			},
			{
				"time":"53147.58224999996",
				"band":"g",
				"e_magnitude":"0.047",
				"instrument":"MegaCam",
				"magnitude":"24.055",
				"u_time":"MJD",
				"source":"5"
			},
			{
				"time":"53147.58224999996",
				"band":"r",
				"e_magnitude":"0.146",
				"instrument":"MegaCam",
				"magnitude":"24.685",
				"u_time":"MJD",
				"source":"5"
			},
			{
				"time":"53152.695750000006",
				"band":"r",
				"e_magnitude":"0.103",
				"instrument":"MegaCam",
				"magnitude":"24.185",
				"u_time":"MJD",
				"source":"5"
			},
			{
				"time":"53166.57525000001",
				"band":"i",
				"e_magnitude":"0.102",
				"instrument":"MegaCam",
				"magnitude":"24.346",
				"u_time":"MJD",
				"source":"5"
			},
			{
				"time":"53170.593",
				"band":"r",
				"e_magnitude":"0.112",
				"instrument":"MegaCam",
				"magnitude":"24.514",
				"u_time":"MJD",
				"source":"5"
			},
			{
				"time":"53176.43700000003",
				"band":"i",
				"e_magnitude":"0.174",
				"instrument":"MegaCam",
				"magnitude":"24.461",
				"u_time":"MJD",
				"source":"5"
			},
			{
				"time":"53176.802250000015",
				"band":"g",
				"e_magnitude":"0.044",
				"instrument":"MegaCam",
				"magnitude":"24.023",
				"u_time":"MJD",
				"source":"5"
			},
			{
				"time":"53176.802250000015",
				"band":"r",
				"e_magnitude":"0.094",
				"instrument":"MegaCam",
				"magnitude":"24.268",
				"u_time":"MJD",
				"source":"5"
			},
			{
				"time":"53179.724250000036",
				"band":"g",
				"e_magnitude":"0.046",
				"instrument":"MegaCam",
				"magnitude":"24.092",
				"u_time":"MJD",
				"source":"5"
			},
			{
				"time":"53179.724250000036",
				"band":"i",
				"e_magnitude":"0.163",
				"instrument":"MegaCam",
				"magnitude":"24.353",
				"u_time":"MJD",
				"source":"5"
			},
			{
				"time":"53179.724250000036",
				"band":"r",
				"e_magnitude":"0.071",
				"instrument":"MegaCam",
				"magnitude":"24.172",
				"u_time":"MJD",
				"source":"5"
			},
			{
				"time":"53183.74200000002",
				"band":"r",
				"e_magnitude":"0.119",
				"instrument":"MegaCam",
				"magnitude":"24.485",
				"u_time":"MJD",
				"source":"5"
			},
			{
				"time":"53194.69950000001",
				"band":"r",
				"e_magnitude":"0.141",
				"instrument":"MegaCam",
				"magnitude":"24.413",
				"u_time":"MJD",
				"source":"5"
			},
			{
				"time":"53196.525749999964",
				"band":"g",
				"e_magnitude":"0.054",
				"instrument":"MegaCam",
				"magnitude":"24.138",
				"u_time":"MJD",
				"source":"5"
			},
			{
				"time":"53198.71725",
				"band":"r",
				"e_magnitude":"0.098",
				"instrument":"MegaCam",
				"magnitude":"24.207",
				"u_time":"MJD",
				"source":"5"
			},
			{
				"time":"53199.447749999985",
				"band":"g",
				"e_magnitude":"0.712",
				"instrument":"MegaCam",
				"magnitude":"24.989",
				"u_time":"MJD",
				"source":"5"
			},
			{
				"time":"53199.447749999985",
				"band":"r",
				"e_magnitude":"0.103",
				"instrument":"MegaCam",
				"magnitude":"24.408",
				"u_time":"MJD",
				"source":"5"
			},
			{
				"time":"53201.639250000015",
				"band":"g",
				"e_magnitude":"0.057",
				"instrument":"MegaCam",
				"magnitude":"24.262",
				"u_time":"MJD",
				"source":"5"
			},
			{
				"time":"53203.46549999997",
				"band":"i",
				"e_magnitude":"0.121",
				"instrument":"MegaCam",
				"magnitude":"24.431",
				"u_time":"MJD",
				"source":"5"
			},
			{
				"time":"53205.657",
				"band":"r",
				"e_magnitude":"0.087",
				"instrument":"MegaCam",
				"magnitude":"24.281",
				"u_time":"MJD",
				"source":"5"
			},
			{
				"time":"53229.39825000002",
				"band":"r",
				"e_magnitude":"0.120",
				"instrument":"MegaCam",
				"magnitude":"24.477",
				"u_time":"MJD",
				"source":"5"
			},
			{
				"time":"53412.75375",
				"band":"r",
				"e_magnitude":"0.165",
				"instrument":"MegaCam",
				"magnitude":"24.779",
				"u_time":"MJD",
				"source":"5"
			},
			{
				"time":"53445.62624999997",
				"band":"FUV",
				"e_magnitude":"0.07",
				"instrument":"GALEX",
				"magnitude":"23.490",
				"u_time":"MJD",
				"source":"5"
			},
			{
				"time":"53445.62624999997",
				"band":"NUV",
				"e_magnitude":"0.04",
				"instrument":"GALEX",
				"magnitude":"23.360",
				"u_time":"MJD",
				"source":"5"
			},
			{
				"time":"53445.99149999997",
				"band":"NUV",
				"e_magnitude":"0.07",
				"instrument":"GALEX",
				"magnitude":"23.460",
				"u_time":"MJD",
				"source":"5"
			},
			{
				"time":"53489.45625000002",
				"band":"NUV",
				"e_magnitude":"0.07",
				"instrument":"GALEX",
				"magnitude":"23.590",
				"u_time":"MJD",
				"source":"5"
			},
			{
				"time":"53501.50949999998",
				"band":"g",
				"e_magnitude":"0.093",
				"instrument":"MegaCam",
				"magnitude":"24.913",
				"u_time":"MJD",
				"source":"5"
			},
			{
				"time":"53531.46000000002",
				"band":"NUV",
				"e_magnitude":"0.15",
				"instrument":"GALEX",
				"magnitude":"23.980",
				"u_time":"MJD",
				"source":"5"
			},
			{
				"time":[
					"53556.3",
					"53558.429"
				],
				"countrate":"0.000106453",
				"e_countrate":"0.0000289876",
				"e_lower_flux":"4.32E-15",
				"e_lower_luminosity":"2.36E+42",
				"e_upper_flux":"7.53E-15",
				"e_upper_luminosity":"4.11E+42",
				"energy":[
					"0.3",
					"2.0"
				],
				"flux":"5.91E-15",
				"instrument":"ACIS-S",
				"luminosity":"3.22E+42",
				"nhmw":"0.0134",
				"photonindex":"4.5",
				"telescope":"Chandra",
				"u_countrate":"s^-1",
				"u_energy":"keV",
				"u_flux":"ergs/cm^2/s",
				"u_time":"MJD",
				"source":"1"
			},
			{
				"time":"53848.13175000001",
				"band":"FUV",
				"e_magnitude":"0.14",
				"instrument":"GALEX",
				"magnitude":"24.330",
				"u_time":"MJD",
				"source":"5"
			},
			{
				"time":"53848.13175000001",
				"band":"NUV",
				"e_magnitude":"0.09",
				"instrument":"GALEX",
				"magnitude":"24.150",
				"u_time":"MJD",
				"source":"5"
			},
			{
				"time":"54199.86749999999",
				"band":"FUV",
				"e_magnitude":"0.25",
				"instrument":"GALEX",
				"magnitude":"24.340",
				"u_time":"MJD",
				"source":"5"
			},
			{
				"time":"54199.86749999999",
				"band":"NUV",
				"e_magnitude":"0.16",
				"instrument":"GALEX",
				"magnitude":"24.010",
				"u_time":"MJD",
				"source":"5"
			},
			{
				"time":[
					"54700",
					"54706.858"
				],
				"countrate":"0.0000633976",
				"energy":[
					"0.3",
					"2.0"
				],
				"flux":"3.54E-15",
				"instrument":"ACIS-S",
				"luminosity":"1.93E+42",
				"nhmw":"0.0134",
				"photonindex":"4.5",
				"telescope":"Chandra",
				"u_countrate":"s^-1",
				"u_energy":"keV",
				"u_flux":"ergs/cm^2/s",
				"u_time":"MJD",
				"upperlimit":true,
				"source":"1"
			},
			{
				"time":[
					"56475.2",
					"56475.200"
				],
				"countrate":"0.501",
				"energy":[
					"0.3",
					"2.0"
				],
				"flux":"1.80E-12",
				"instrument":"PN",
				"luminosity":"9.82E+44",
				"nhmw":"0.0134",
				"photonindex":"4.5",
				"telescope":"XMM",
				"u_countrate":"s^-1",
				"u_energy":"keV",
				"u_flux":"ergs/cm^2/s",
				"u_time":"MJD",
				"upperlimit":true,
				"source":"1"
			},
			{
				"time":[
					"56797.2",
					"56797.241"
				],
				"countrate":"0.00424594",
				"energy":[
					"0.3",
					"2.0"
				],
				"flux":"1.01E-13",
				"instrument":"XRT",
				"luminosity":"5.51E+43",
				"mode":"PC",
				"nhmw":"0.0134",
				"photonindex":"4.5",
				"telescope":"Swift",
				"u_countrate":"s^-1",
				"u_energy":"keV",
				"u_flux":"ergs/cm^2/s",
				"u_time":"MJD",
				"upperlimit":true,
				"source":"1"
			},
			{
				"time":[
					"56800.4",
					"56800.426"
				],
				"countrate":"0.0127885",
				"energy":[
					"0.3",
					"2.0"
				],
				"flux":"3.05E-13",
				"instrument":"XRT",
				"luminosity":"1.66E+44",
				"mode":"PC",
				"nhmw":"0.0134",
				"photonindex":"4.5",
				"telescope":"Swift",
				"u_countrate":"s^-1",
				"u_energy":"keV",
				"u_flux":"ergs/cm^2/s",
				"u_time":"MJD",
				"upperlimit":true,
				"source":"1"
			},
			{
				"time":[
					"56904.2",
					"56904.214"
				],
				"countrate":"0.00351683",
				"energy":[
					"0.3",
					"2.0"
				],
				"flux":"8.39E-14",
				"instrument":"XRT",
				"luminosity":"4.58E+43",
				"mode":"PC",
				"nhmw":"0.0134",
				"photonindex":"4.5",
				"telescope":"Swift",
				"u_countrate":"s^-1",
				"u_energy":"keV",
				"u_flux":"ergs/cm^2/s",
				"u_time":"MJD",
				"upperlimit":true,
				"source":"1"
			}
		]
	}
}