{
	"D3-13": {
		"ebv": [
				{
					"e_value": "0.0006", 
					"derived": true, 
					"value": "0.0067", 
					"source": "3,6"
				}
		], 
		"redshift": [
				{
					"source": "1,5", 
					"value": "0.3698"
				}
		], 
		"claimedtype": [
				{
					"source": "1", 
					"value": "TDE?"
				}
		], 
		"maxvisualdate": [
				{
					"source": "5,6", 
					"derived": true, 
					"value": "2004/03/20"
				}
		], 
		"sources": [
				{
					"alias": "1", 
					"bibcode": "2017ApJ...838..149A", 
					"name": "2017ApJ...838..149A", 
					"reference": "Auchettl, Guillochon, & Ramirez-Ruiz (2017)"
				}, 
				{
					"alias": "2", 
					"bibcode": "2016A&A...594A..13P", 
					"name": "2016A&A...594A..13P", 
					"reference": "Planck Collaboration et al. (2016)"
				}, 
				{
					"alias": "3", 
					"bibcode": "2011ApJ...737..103S", 
					"name": "2011ApJ...737..103S", 
					"reference": "Schlafly & Finkbeiner (2011)"
				}, 
				{
					"alias": "4", 
					"bibcode": "2008ApJ...676..944G", 
					"name": "2008ApJ...676..944G", 
					"reference": "Gezari et al. (2008)"
				}, 
				{
					"alias": "5", 
					"bibcode": "2006ApJ...653L..25G", 
					"name": "2006ApJ...653L..25G", 
					"reference": "Gezari et al. (2006)"
				}, 
				{
					"bibcode": "2017ApJ...835...64G", 
					"name": "The Open TDE Catalog", 
					"reference": "Guillochon et al. (2017)", 
					"url": "https://tde.space", 
					"alias": "6", 
					"secondary": true
				}
		], 
		"maxabsmag": [
				{
					"source": "1,2,5,6", 
					"derived": true, 
					"value": "-18.548"
				}
		], 
		"hostdec": [
				{
					"source": "1", 
					"u_value": "degrees", 
					"value": "+52:52:06.37"
				}
		], 
		"comovingdist": [
				{
					"u_value": "Mpc", 
					"derived": true, 
					"value": "1491", 
					"source": "1,2,5,6"
				}
		], 
		"maxappmag": [
				{
					"source": "5,6", 
					"derived": true, 
					"value": "22.66"
				}
		], 
		"maxdate": [
				{
					"source": "5,6", 
					"derived": true, 
					"value": "2004/05/09"
				}
		], 
		"maxvisualband": [
				{
					"source": "5,6", 
					"derived": true, 
					"value": "g"
				}
		], 
		"citations": [
				{
					"source": "5", 
					"value": "<a href='http://adsabs.harvard.edu/abs/2006ApJ...653L..25G'>Gezari et al. 2006</a>*&Dagger;, <a href='http://adsabs.harvard.edu/abs/2008ApJ...676..944G'>Gezari et al. 2008</a>"
				}
		], 
		"ra": [
				{
					"source": "4", 
					"u_value": "hours", 
					"value": "14:19:29.76"
				}
		], 
		"maxvisualappmag": [
				{
					"source": "5,6", 
					"derived": true, 
					"value": "23.76"
				}
		], 
		"schema": "https://github.com/astrocatalogs/tidaldisruptions/blob/f405406/SCHEMA.md", 
		"hostra": [
				{
					"source": "1", 
					"u_value": "hours", 
					"value": "14:19:29.81"
				}
		], 
		"lumdist": [
				{
					"u_value": "Mpc", 
					"derived": true, 
					"value": "2042", 
					"source": "1,2,5,6"
				}
		], 
		"maxband": [
				{
					"source": "5,6", 
					"derived": true, 
					"value": "FUV"
				}
		], 
		"host": [
				{
					"source": "1,5", 
					"value": "GALEX J141929.8+525206"
				}
		], 
		"discoverdate": [
				{
					"source": "5,6", 
					"derived": true, 
					"value": "2004/01/15"
				}
		], 
		"photometry": [
				{
					"u_energy": "keV", 
					"telescope": "ROSAT", 
					"instrument": "PSPC", 
					"source": "1", 
					"luminosity": "3.58E+43", 
					"energy": [
						"0.3", 
						"2.0"
					], 
					"u_countrate": "s^-1", 
					"photonindex": "4.5", 
					"countrate": "0.0348557", 
					"flux": "6.56E-14", 
					"nhmw": "0.0134", 
					"u_flux": "ergs/cm^2/s", 
					"u_time": "MJD", 
					"time": [
						"48083.6", 
						"48083.608"
					], 
					"upperlimit": true
				}, 
				{
					"u_energy": "keV", 
					"telescope": "XMM", 
					"instrument": "PN", 
					"source": "1", 
					"luminosity": "1.12E+45", 
					"energy": [
						"0.3", 
						"2.0"
					], 
					"u_countrate": "s^-1", 
					"photonindex": "4.5", 
					"countrate": "0.575", 
					"flux": "2.06E-12", 
					"nhmw": "0.0134", 
					"u_flux": "ergs/cm^2/s", 
					"u_time": "MJD", 
					"time": [
						"52808.8", 
						"52808.800"
					], 
					"upperlimit": true
				}, 
				{
					"instrument": "GALEX", 
					"source": "5", 
					"band": "FUV", 
					"magnitude": "24.370", 
					"u_time": "MJD", 
					"time": "52815.57000000001", 
					"upperlimit": true
				}, 
				{
					"instrument": "GALEX", 
					"source": "5", 
					"band": "NUV", 
					"magnitude": "24.400", 
					"u_time": "MJD", 
					"time": "52815.57000000001", 
					"upperlimit": true
				}, 
				{
					"e_magnitude": "0.048", 
					"instrument": "MegaCam", 
					"band": "i", 
					"magnitude": "23.148", 
					"u_time": "MJD", 
					"time": "53019.014250000015", 
					"source": "5"
				}, 
				{
					"e_magnitude": "0.046", 
					"instrument": "MegaCam", 
					"band": "r", 
					"magnitude": "23.021", 
					"u_time": "MJD", 
					"time": "53019.014250000015", 
					"source": "5"
				}, 
				{
					"e_magnitude": "0.196", 
					"instrument": "MegaCam", 
					"band": "i", 
					"magnitude": "23.692", 
					"u_time": "MJD", 
					"time": "53023.76249999998", 
					"source": "5"
				}, 
				{
					"e_magnitude": "0.048", 
					"instrument": "MegaCam", 
					"band": "i", 
					"magnitude": "23.105", 
					"u_time": "MJD", 
					"time": "53024.85825000004", 
					"source": "5"
				}, 
				{
					"e_magnitude": "0.029", 
					"instrument": "MegaCam", 
					"band": "r", 
					"magnitude": "23.029", 
					"u_time": "MJD", 
					"time": "53024.85825000004", 
					"source": "5"
				}, 
				{
					"e_magnitude": "0.100", 
					"instrument": "MegaCam", 
					"band": "i", 
					"magnitude": "23.533", 
					"u_time": "MJD", 
					"time": "53032.89375000002", 
					"source": "5"
				}, 
				{
					"e_magnitude": "0.109", 
					"instrument": "MegaCam", 
					"band": "i", 
					"magnitude": "24.157", 
					"u_time": "MJD", 
					"time": "53081.83725000002", 
					"source": "5"
				}, 
				{
					"e_magnitude": "0.058", 
					"instrument": "MegaCam", 
					"band": "r", 
					"magnitude": "23.817", 
					"u_time": "MJD", 
					"time": "53082.933", 
					"source": "5"
				}, 
				{
					"e_magnitude": "0.037", 
					"instrument": "MegaCam", 
					"band": "g", 
					"magnitude": "23.756", 
					"u_time": "MJD", 
					"time": "53084.75925000004", 
					"source": "5"
				}, 
				{
					"e_magnitude": "0.131", 
					"instrument": "MegaCam", 
					"band": "i", 
					"magnitude": "24.352", 
					"u_time": "MJD", 
					"time": "53084.75925000004", 
					"source": "5"
				}, 
				{
					"e_magnitude": "0.078", 
					"instrument": "MegaCam", 
					"band": "r", 
					"magnitude": "23.886", 
					"u_time": "MJD", 
					"time": "53084.75925000004", 
					"source": "5"
				}, 
				{
					"e_magnitude": "0.101", 
					"instrument": "MegaCam", 
					"band": "i", 
					"magnitude": "23.974", 
					"u_time": "MJD", 
					"time": "53095.71675000003", 
					"source": "5"
				}, 
				{
					"e_magnitude": "0.068", 
					"instrument": "MegaCam", 
					"band": "r", 
					"magnitude": "23.934", 
					"u_time": "MJD", 
					"time": "53095.71675000003", 
					"source": "5"
				}, 
				{
					"e_magnitude": "0.053", 
					"instrument": "MegaCam", 
					"band": "g", 
					"magnitude": "23.862", 
					"u_time": "MJD", 
					"time": "53110.692", 
					"source": "5"
				}, 
				{
					"e_magnitude": "0.102", 
					"instrument": "MegaCam", 
					"band": "i", 
					"magnitude": "24.048", 
					"u_time": "MJD", 
					"time": "53110.692", 
					"source": "5"
				}, 
				{
					"e_magnitude": "0.064", 
					"instrument": "MegaCam", 
					"band": "r", 
					"magnitude": "23.848", 
					"u_time": "MJD", 
					"time": "53110.692", 
					"source": "5"
				}, 
				{
					"e_magnitude": "0.039", 
					"instrument": "MegaCam", 
					"band": "g", 
					"magnitude": "23.911", 
					"u_time": "MJD", 
					"time": "53118.72749999998", 
					"source": "5"
				}, 
				{
					"e_magnitude": "0.274", 
					"instrument": "MegaCam", 
					"band": "i", 
					"magnitude": "24.283", 
					"u_time": "MJD", 
					"time": "53118.72749999998", 
					"source": "5"
				}, 
				{
					"e_magnitude": "0.081", 
					"instrument": "MegaCam", 
					"band": "r", 
					"magnitude": "24.189", 
					"u_time": "MJD", 
					"time": "53118.72749999998", 
					"source": "5"
				}, 
				{
					"e_magnitude": "0.043", 
					"instrument": "MegaCam", 
					"band": "g", 
					"magnitude": "23.982", 
					"u_time": "MJD", 
					"time": "53122.74524999997", 
					"source": "5"
				}, 
				{
					"e_magnitude": "0.161", 
					"instrument": "MegaCam", 
					"band": "i", 
					"magnitude": "24.400", 
					"u_time": "MJD", 
					"time": "53122.74524999997", 
					"source": "5"
				}, 
				{
					"e_magnitude": "0.080", 
					"instrument": "MegaCam", 
					"band": "r", 
					"magnitude": "24.070", 
					"u_time": "MJD", 
					"time": "53122.74524999997", 
					"source": "5"
				}, 
				{
					"e_magnitude": "0.119", 
					"instrument": "MegaCam", 
					"band": "i", 
					"magnitude": "24.451", 
					"u_time": "MJD", 
					"time": "53124.571500000005", 
					"source": "5"
				}, 
				{
					"e_magnitude": "0.082", 
					"instrument": "MegaCam", 
					"band": "r", 
					"magnitude": "24.102", 
					"u_time": "MJD", 
					"time": "53124.571500000005", 
					"source": "5"
				}, 
				{
					"e_magnitude": "0.10", 
					"instrument": "GALEX", 
					"band": "FUV", 
					"magnitude": "22.660", 
					"u_time": "MJD", 
					"time": "53134.79850000002", 
					"source": "5"
				}, 
				{
					"e_magnitude": "0.08", 
					"instrument": "GALEX", 
					"band": "NUV", 
					"magnitude": "22.860", 
					"u_time": "MJD", 
					"time": "53134.79850000002", 
					"source": "5"
				}, 
				{
					"e_magnitude": "0.122", 
					"instrument": "MegaCam", 
					"band": "i", 
					"magnitude": "24.425", 
					"u_time": "MJD", 
					"time": "53135.528999999995", 
					"source": "5"
				}, 
				{
					"e_magnitude": "0.106", 
					"instrument": "MegaCam", 
					"band": "r", 
					"magnitude": "24.253", 
					"u_time": "MJD", 
					"time": "53135.528999999995", 
					"source": "5"
				}, 
				{
					"e_magnitude": "0.051", 
					"instrument": "MegaCam", 
					"band": "g", 
					"magnitude": "24.127", 
					"u_time": "MJD", 
					"time": "53139.54674999999", 
					"source": "5"
				}, 
				{
					"e_magnitude": "0.093", 
					"instrument": "MegaCam", 
					"band": "r", 
					"magnitude": "24.360", 
					"u_time": "MJD", 
					"time": "53139.54674999999", 
					"source": "5"
				}, 
				{
					"e_magnitude": "0.047", 
					"instrument": "MegaCam", 
					"band": "g", 
					"magnitude": "24.055", 
					"u_time": "MJD", 
					"time": "53147.58224999996", 
					"source": "5"
				}, 
				{
					"e_magnitude": "0.146", 
					"instrument": "MegaCam", 
					"band": "r", 
					"magnitude": "24.685", 
					"u_time": "MJD", 
					"time": "53147.58224999996", 
					"source": "5"
				}, 
				{
					"e_magnitude": "0.103", 
					"instrument": "MegaCam", 
					"band": "r", 
					"magnitude": "24.185", 
					"u_time": "MJD", 
					"time": "53152.695750000006", 
					"source": "5"
				}, 
				{
					"e_magnitude": "0.102", 
					"instrument": "MegaCam", 
					"band": "i", 
					"magnitude": "24.346", 
					"u_time": "MJD", 
					"time": "53166.57525000001", 
					"source": "5"
				}, 
				{
					"e_magnitude": "0.112", 
					"instrument": "MegaCam", 
					"band": "r", 
					"magnitude": "24.514", 
					"u_time": "MJD", 
					"time": "53170.593", 
					"source": "5"
				}, 
				{
					"e_magnitude": "0.174", 
					"instrument": "MegaCam", 
					"band": "i", 
					"magnitude": "24.461", 
					"u_time": "MJD", 
					"time": "53176.43700000003", 
					"source": "5"
				}, 
				{
					"e_magnitude": "0.044", 
					"instrument": "MegaCam", 
					"band": "g", 
					"magnitude": "24.023", 
					"u_time": "MJD", 
					"time": "53176.802250000015", 
					"source": "5"
				}, 
				{
					"e_magnitude": "0.094", 
					"instrument": "MegaCam", 
					"band": "r", 
					"magnitude": "24.268", 
					"u_time": "MJD", 
					"time": "53176.802250000015", 
					"source": "5"
				}, 
				{
					"e_magnitude": "0.046", 
					"instrument": "MegaCam", 
					"band": "g", 
					"magnitude": "24.092", 
					"u_time": "MJD", 
					"time": "53179.724250000036", 
					"source": "5"
				}, 
				{
					"e_magnitude": "0.163", 
					"instrument": "MegaCam", 
					"band": "i", 
					"magnitude": "24.353", 
					"u_time": "MJD", 
					"time": "53179.724250000036", 
					"source": "5"
				}, 
				{
					"e_magnitude": "0.071", 
					"instrument": "MegaCam", 
					"band": "r", 
					"magnitude": "24.172", 
					"u_time": "MJD", 
					"time": "53179.724250000036", 
					"source": "5"
				}, 
				{
					"e_magnitude": "0.119", 
					"instrument": "MegaCam", 
					"band": "r", 
					"magnitude": "24.485", 
					"u_time": "MJD", 
					"time": "53183.74200000002", 
					"source": "5"
				}, 
				{
					"e_magnitude": "0.141", 
					"instrument": "MegaCam", 
					"band": "r", 
					"magnitude": "24.413", 
					"u_time": "MJD", 
					"time": "53194.69950000001", 
					"source": "5"
				}, 
				{
					"e_magnitude": "0.054", 
					"instrument": "MegaCam", 
					"band": "g", 
					"magnitude": "24.138", 
					"u_time": "MJD", 
					"time": "53196.525749999964", 
					"source": "5"
				}, 
				{
					"e_magnitude": "0.098", 
					"instrument": "MegaCam", 
					"band": "r", 
					"magnitude": "24.207", 
					"u_time": "MJD", 
					"time": "53198.71725", 
					"source": "5"
				}, 
				{
					"e_magnitude": "0.712", 
					"instrument": "MegaCam", 
					"band": "g", 
					"magnitude": "24.989", 
					"u_time": "MJD", 
					"time": "53199.447749999985", 
					"source": "5"
				}, 
				{
					"e_magnitude": "0.103", 
					"instrument": "MegaCam", 
					"band": "r", 
					"magnitude": "24.408", 
					"u_time": "MJD", 
					"time": "53199.447749999985", 
					"source": "5"
				}, 
				{
					"e_magnitude": "0.057", 
					"instrument": "MegaCam", 
					"band": "g", 
					"magnitude": "24.262", 
					"u_time": "MJD", 
					"time": "53201.639250000015", 
					"source": "5"
				}, 
				{
					"e_magnitude": "0.121", 
					"instrument": "MegaCam", 
					"band": "i", 
					"magnitude": "24.431", 
					"u_time": "MJD", 
					"time": "53203.46549999997", 
					"source": "5"
				}, 
				{
					"e_magnitude": "0.087", 
					"instrument": "MegaCam", 
					"band": "r", 
					"magnitude": "24.281", 
					"u_time": "MJD", 
					"time": "53205.657", 
					"source": "5"
				}, 
				{
					"e_magnitude": "0.120", 
					"instrument": "MegaCam", 
					"band": "r", 
					"magnitude": "24.477", 
					"u_time": "MJD", 
					"time": "53229.39825000002", 
					"source": "5"
				}, 
				{
					"e_magnitude": "0.165", 
					"instrument": "MegaCam", 
					"band": "r", 
					"magnitude": "24.779", 
					"u_time": "MJD", 
					"time": "53412.75375", 
					"source": "5"
				}, 
				{
					"e_magnitude": "0.07", 
					"instrument": "GALEX", 
					"band": "FUV", 
					"magnitude": "23.490", 
					"u_time": "MJD", 
					"time": "53445.62624999997", 
					"source": "5"
				}, 
				{
					"e_magnitude": "0.04", 
					"instrument": "GALEX", 
					"band": "NUV", 
					"magnitude": "23.360", 
					"u_time": "MJD", 
					"time": "53445.62624999997", 
					"source": "5"
				}, 
				{
					"e_magnitude": "0.07", 
					"instrument": "GALEX", 
					"band": "NUV", 
					"magnitude": "23.460", 
					"u_time": "MJD", 
					"time": "53445.99149999997", 
					"source": "5"
				}, 
				{
					"e_magnitude": "0.07", 
					"instrument": "GALEX", 
					"band": "NUV", 
					"magnitude": "23.590", 
					"u_time": "MJD", 
					"time": "53489.45625000002", 
					"source": "5"
				}, 
				{
					"e_magnitude": "0.093", 
					"instrument": "MegaCam", 
					"band": "g", 
					"magnitude": "24.913", 
					"u_time": "MJD", 
					"time": "53501.50949999998", 
					"source": "5"
				}, 
				{
					"e_magnitude": "0.15", 
					"instrument": "GALEX", 
					"band": "NUV", 
					"magnitude": "23.980", 
					"u_time": "MJD", 
					"time": "53531.46000000002", 
					"source": "5"
				}, 
				{
					"e_upper_luminosity": "4.11E+42", 
					"u_energy": "keV", 
					"telescope": "Chandra", 
					"instrument": "ACIS-S", 
					"luminosity": "3.22E+42", 
					"energy": [
						"0.3", 
						"2.0"
					], 
					"e_lower_luminosity": "2.36E+42", 
					"u_countrate": "s^-1", 
					"photonindex": "4.5", 
					"countrate": "0.000106453", 
					"e_lower_flux": "4.32E-15", 
					"flux": "5.91E-15", 
					"nhmw": "0.0134", 
					"u_flux": "ergs/cm^2/s", 
					"u_time": "MJD", 
					"e_upper_flux": "7.53E-15", 
					"time": [
						"53556.3", 
						"53558.429"
					], 
					"e_countrate": "0.0000289876", 
					"source": "1"
				}, 
				{
					"e_magnitude": "0.14", 
					"instrument": "GALEX", 
					"band": "FUV", 
					"magnitude": "24.330", 
					"u_time": "MJD", 
					"time": "53848.13175000001", 
					"source": "5"
				}, 
				{
					"e_magnitude": "0.09", 
					"instrument": "GALEX", 
					"band": "NUV", 
					"magnitude": "24.150", 
					"u_time": "MJD", 
					"time": "53848.13175000001", 
					"source": "5"
				}, 
				{
					"e_magnitude": "0.25", 
					"instrument": "GALEX", 
					"band": "FUV", 
					"magnitude": "24.340", 
					"u_time": "MJD", 
					"time": "54199.86749999999", 
					"source": "5"
				}, 
				{
					"e_magnitude": "0.16", 
					"instrument": "GALEX", 
					"band": "NUV", 
					"magnitude": "24.010", 
					"u_time": "MJD", 
					"time": "54199.86749999999", 
					"source": "5"
				}, 
				{
					"u_energy": "keV", 
					"telescope": "Chandra", 
					"instrument": "ACIS-S", 
					"source": "1", 
					"luminosity": "1.93E+42", 
					"energy": [
						"0.3", 
						"2.0"
					], 
					"u_countrate": "s^-1", 
					"photonindex": "4.5", 
					"countrate": "0.0000633976", 
					"flux": "3.54E-15", 
					"nhmw": "0.0134", 
					"u_flux": "ergs/cm^2/s", 
					"u_time": "MJD", 
					"time": [
						"54700", 
						"54706.858"
					], 
					"upperlimit": true
				}, 
				{
					"u_energy": "keV", 
					"telescope": "XMM", 
					"instrument": "PN", 
					"source": "1", 
					"luminosity": "9.82E+44", 
					"energy": [
						"0.3", 
						"2.0"
					], 
					"u_countrate": "s^-1", 
					"photonindex": "4.5", 
					"countrate": "0.501", 
					"flux": "1.80E-12", 
					"nhmw": "0.0134", 
					"u_flux": "ergs/cm^2/s", 
					"u_time": "MJD", 
					"time": [
						"56475.2", 
						"56475.200"
					], 
					"upperlimit": true
				}, 
				{
					"u_energy": "keV", 
					"telescope": "Swift", 
					"instrument": "XRT", 
					"source": "1", 
					"luminosity": "5.51E+43", 
					"energy": [
						"0.3", 
						"2.0"
					], 
					"u_countrate": "s^-1", 
					"photonindex": "4.5", 
					"countrate": "0.00424594", 
					"flux": "1.01E-13", 
					"nhmw": "0.0134", 
					"u_flux": "ergs/cm^2/s", 
					"mode": "PC", 
					"time": [
						"56797.2", 
						"56797.241"
					], 
					"upperlimit": true, 
					"u_time": "MJD"
				}, 
				{
					"u_energy": "keV", 
					"telescope": "Swift", 
					"instrument": "XRT", 
					"source": "1", 
					"luminosity": "1.66E+44", 
					"energy": [
						"0.3", 
						"2.0"
					], 
					"u_countrate": "s^-1", 
					"photonindex": "4.5", 
					"countrate": "0.0127885", 
					"flux": "3.05E-13", 
					"nhmw": "0.0134", 
					"u_flux": "ergs/cm^2/s", 
					"mode": "PC", 
					"time": [
						"56800.4", 
						"56800.426"
					], 
					"upperlimit": true, 
					"u_time": "MJD"
				}, 
				{
					"u_energy": "keV", 
					"telescope": "Swift", 
					"instrument": "XRT", 
					"source": "1", 
					"luminosity": "4.58E+43", 
					"energy": [
						"0.3", 
						"2.0"
					], 
					"u_countrate": "s^-1", 
					"photonindex": "4.5", 
					"countrate": "0.00351683", 
					"flux": "8.39E-14", 
					"nhmw": "0.0134", 
					"u_flux": "ergs/cm^2/s", 
					"mode": "PC", 
					"time": [
						"56904.2", 
						"56904.214"
					], 
					"upperlimit": true, 
					"u_time": "MJD"
				}
		], 
		"name": "D3-13", 
		"hostoffsetdist": [
				{
					"source": "1,2,4,5,6", 
					"value": "4.017"
				}
		], 
		"alias": [
				{
					"source": "1", 
					"value": "D3-13"
				}
		], 
		"velocity": [
				{
					"u_value": "km/s", 
					"derived": true, 
					"value": "91340", 
					"source": "6"
				}
		], 
		"dec": [
				{
					"source": "4", 
					"u_value": "degrees", 
					"value": "+52:52:06.24"
				}
		], 
		"hostoffsetang": [
				{
					"u_value": "arcseconds", 
					"derived": true, 
					"value": "0.7612", 
					"source": "1,4,6"
				}
		], 
		"nhhost": [
				{
					"source": "5", 
					"value": "1.3e+20"
				}
		]
	}
}