{
	"DES14C1kia":{
		"schema":"https://github.com/astrocatalogs/tidaldisruptions/blob/f405406/SCHEMA.md",
		"name":"DES14C1kia",
		"sources":[
			{
				"name":"2017ApJ...838..149A",
				"bibcode":"2017ApJ...838..149A",
				"reference":"Auchettl, Guillochon, & Ramirez-Ruiz (2017)",
				"alias":"1"
			},
			{
				"name":"2016A&A...594A..13P",
				"bibcode":"2016A&A...594A..13P",
				"reference":"Planck Collaboration et al. (2016)",
				"alias":"2"
			},
			{
				"name":"2015ATel.6877....1F",
				"bibcode":"2015ATel.6877....1F",
				"reference":"Foley et al. (2015)",
				"alias":"3"
			},
			{
				"name":"2011ApJ...737..103S",
				"bibcode":"2011ApJ...737..103S",
				"reference":"Schlafly & Finkbeiner (2011)",
				"alias":"4"
			},
			{
				"name":"Swift TOOs",
				"url":"https://www.swift.psu.edu/secure/toop/summary.php",
				"alias":"5"
			},
			{
				"name":"The Open TDE Catalog",
				"bibcode":"2017ApJ...835...64G",
				"reference":"Guillochon et al. (2017)",
				"secondary":true,
				"url":"https://tde.space",
				"alias":"6"
			},
			{
				"name":"SIMBAD astronomical database",
				"bibcode":"2000A&AS..143....9W",
				"reference":"Wenger et al. (2000)",
				"secondary":true,
				"url":"http://simbad.u-strasbg.fr/",
				"alias":"7"
			}
		],
		"alias":[
			{
				"value":"DES14C1kia",
				"source":"1,7"
			}
		],
		"citations":[
			{
				"value":"<a href='http://adsabs.harvard.edu/abs/2015ATel.6877....1F'>ATEL 6877</a>*",
				"source":"3"
			}
		],
		"comovingdist":[
			{
				"value":"689",
				"derived":true,
				"u_value":"Mpc",
				"source":"1,2,3,6"
			}
		],
		"dec":[
			{
				"value":"-26:19:33.6",
				"u_value":"degrees",
				"source":"5"
			},
			{
				"value":"-26:19:35.0",
				"u_value":"degrees",
				"source":"3,7"
			}
		],
		"discoverdate":[
			{
				"value":"2014",
				"derived":true,
				"source":"6"
			}
		],
		"ebv":[
			{
				"value":"0.0095",
				"derived":true,
				"e_value":"0.0003",
				"source":"4,6"
			}
		],
		"host":[
			{
				"value":"Uncatalogued, 03:34:47.49 -26:19:35.0",
				"source":"1,3"
			}
		],
		"hostdec":[
			{
				"value":"-26:19:35.00",
				"u_value":"degrees",
				"source":"1"
			}
		],
		"hostoffsetang":[
			{
				"value":"1.471",
				"derived":true,
				"u_value":"arcseconds",
				"source":"1,5,6"
			}
		],
		"hostoffsetdist":[
			{
				"value":"4.229",
				"source":"1,2,3,5,6"
			}
		],
		"hostra":[
			{
				"value":"03:34:47.49",
				"u_value":"hours",
				"source":"1"
			}
		],
		"lumdist":[
			{
				"value":"801",
				"derived":true,
				"u_value":"Mpc",
				"source":"1,2,3,6"
			}
		],
		"notes":[
			{
				"value":"HeII and HeI emission lines, no X-rays or radio",
				"source":"3"
			}
		],
		"ra":[
			{
				"value":"03:34:47.52",
				"u_value":"hours",
				"source":"5"
			},
			{
				"value":"03:34:47.49",
				"u_value":"hours",
				"source":"3,7"
			}
		],
		"redshift":[
			{
				"value":"0.162",
				"source":"1,3"
			}
		],
		"velocity":[
			{
				"value":"44700",
				"derived":true,
				"u_value":"km/s",
				"source":"6"
			}
		],
		"photometry":[
			{
				"time":[
					"48090.3",
					"48090.303"
				],
				"countrate":"0.3",
				"energy":[
					"0.3",
					"2.0"
				],
				"flux":"2.10E-13",
				"instrument":"PSPC",
				"luminosity":"1.59E+43",
				"nhmw":"0.00791",
				"photonindex":"4.5",
				"telescope":"ROSAT",
				"u_countrate":"s^-1",
				"u_energy":"keV",
				"u_flux":"ergs/cm^2/s",
				"u_time":"MJD",
				"upperlimit":true,
				"source":"1"
			},
			{
				"time":[
					"48102.3",
					"48102.303"
				],
				"countrate":"0.0056",
				"energy":[
					"0.3",
					"2.0"
				],
				"flux":"3.93E-15",
				"instrument":"PSPC",
				"luminosity":"2.97E+41",
				"nhmw":"0.00791",
				"photonindex":"4.5",
				"telescope":"ROSAT",
				"u_countrate":"s^-1",
				"u_energy":"keV",
				"u_flux":"ergs/cm^2/s",
				"u_time":"MJD",
				"upperlimit":true,
				"source":"1"
			},
			{
				"time":[
					"50487.4",
					"50487.403"
				],
				"countrate":"0.152",
				"energy":[
					"0.3",
					"2.0"
				],
				"flux":"1.07E-13",
				"instrument":"PSPC",
				"luminosity":"8.09E+42",
				"nhmw":"0.00791",
				"photonindex":"4.5",
				"telescope":"ROSAT",
				"u_countrate":"s^-1",
				"u_energy":"keV",
				"u_flux":"ergs/cm^2/s",
				"u_time":"MJD",
				"upperlimit":true,
				"source":"1"
			},
			{
				"time":[
					"50495.5",
					"50495.503"
				],
				"countrate":"0.0844",
				"energy":[
					"0.3",
					"2.0"
				],
				"flux":"5.92E-14",
				"instrument":"PSPC",
				"luminosity":"4.47E+42",
				"nhmw":"0.00791",
				"photonindex":"4.5",
				"telescope":"ROSAT",
				"u_countrate":"s^-1",
				"u_energy":"keV",
				"u_flux":"ergs/cm^2/s",
				"u_time":"MJD",
				"upperlimit":true,
				"source":"1"
			},
			{
				"time":[
					"57034.5",
					"57034.500"
				],
				"countrate":"0.355",
				"energy":[
					"0.3",
					"2.0"
				],
				"flux":"1.09E-12",
				"instrument":"PN",
				"luminosity":"8.24E+43",
				"nhmw":"0.00791",
				"photonindex":"4.5",
				"telescope":"XMM",
				"u_countrate":"s^-1",
				"u_energy":"keV",
				"u_flux":"ergs/cm^2/s",
				"u_time":"MJD",
				"upperlimit":true,
				"source":"1"
			},
			{
				"time":[
					"57063.6",
					"57063.904"
				],
				"countrate":"0.00223",
				"energy":[
					"0.3",
					"2.0"
				],
				"flux":"2.13E-14",
				"instrument":"XRT",
				"luminosity":"1.61E+42",
				"mode":"PC",
				"nhmw":"0.00791",
				"photonindex":"4.5",
				"telescope":"Swift",
				"u_countrate":"s^-1",
				"u_energy":"keV",
				"u_flux":"ergs/cm^2/s",
				"u_time":"MJD",
				"upperlimit":true,
				"source":"1"
			},
			{
				"time":[
					"57079.9",
					"57079.900"
				],
				"countrate":"1.24",
				"energy":[
					"0.3",
					"2.0"
				],
				"flux":"3.82E-12",
				"instrument":"PN",
				"luminosity":"2.89E+44",
				"nhmw":"0.00791",
				"photonindex":"4.5",
				"telescope":"XMM",
				"u_countrate":"s^-1",
				"u_energy":"keV",
				"u_flux":"ergs/cm^2/s",
				"u_time":"MJD",
				"upperlimit":true,
				"source":"1"
			},
			{
				"time":[
					"57119.7",
					"57119.804"
				],
				"countrate":"0.00308",
				"energy":[
					"0.3",
					"2.0"
				],
				"flux":"2.94E-14",
				"instrument":"XRT",
				"luminosity":"2.22E+42",
				"mode":"PC",
				"nhmw":"0.00791",
				"photonindex":"4.5",
				"telescope":"Swift",
				"u_countrate":"s^-1",
				"u_energy":"keV",
				"u_flux":"ergs/cm^2/s",
				"u_time":"MJD",
				"upperlimit":true,
				"source":"1"
			}
		]
	}
}