{
	"DES14C1kia": {
		"hostdec": [
				{
					"source": "1", 
					"u_value": "degrees", 
					"value": "-26:19:35.00"
				}
		], 
		"lumdist": [
				{
					"u_value": "Mpc", 
					"derived": true, 
					"value": "801", 
					"source": "1,2,3,6"
				}
		], 
		"photometry": [
				{
					"u_energy": "keV", 
					"telescope": "ROSAT", 
					"instrument": "PSPC", 
					"source": "1", 
					"luminosity": "1.59E+43", 
					"energy": [
						"0.3", 
						"2.0"
					], 
					"u_countrate": "s^-1", 
					"photonindex": "4.5", 
					"countrate": "0.3", 
					"flux": "2.10E-13", 
					"nhmw": "0.00791", 
					"u_flux": "ergs/cm^2/s", 
					"u_time": "MJD", 
					"time": [
						"48090.3", 
						"48090.303"
					], 
					"upperlimit": true
				}, 
				{
					"u_energy": "keV", 
					"telescope": "ROSAT", 
					"instrument": "PSPC", 
					"source": "1", 
					"luminosity": "2.97E+41", 
					"energy": [
						"0.3", 
						"2.0"
					], 
					"u_countrate": "s^-1", 
					"photonindex": "4.5", 
					"countrate": "0.0056", 
					"flux": "3.93E-15", 
					"nhmw": "0.00791", 
					"u_flux": "ergs/cm^2/s", 
					"u_time": "MJD", 
					"time": [
						"48102.3", 
						"48102.303"
					], 
					"upperlimit": true
				}, 
				{
					"u_energy": "keV", 
					"telescope": "ROSAT", 
					"instrument": "PSPC", 
					"source": "1", 
					"luminosity": "8.09E+42", 
					"energy": [
						"0.3", 
						"2.0"
					], 
					"u_countrate": "s^-1", 
					"photonindex": "4.5", 
					"countrate": "0.152", 
					"flux": "1.07E-13", 
					"nhmw": "0.00791", 
					"u_flux": "ergs/cm^2/s", 
					"u_time": "MJD", 
					"time": [
						"50487.4", 
						"50487.403"
					], 
					"upperlimit": true
				}, 
				{
					"u_energy": "keV", 
					"telescope": "ROSAT", 
					"instrument": "PSPC", 
					"source": "1", 
					"luminosity": "4.47E+42", 
					"energy": [
						"0.3", 
						"2.0"
					], 
					"u_countrate": "s^-1", 
					"photonindex": "4.5", 
					"countrate": "0.0844", 
					"flux": "5.92E-14", 
					"nhmw": "0.00791", 
					"u_flux": "ergs/cm^2/s", 
					"u_time": "MJD", 
					"time": [
						"50495.5", 
						"50495.503"
					], 
					"upperlimit": true
				}, 
				{
					"u_energy": "keV", 
					"telescope": "XMM", 
					"instrument": "PN", 
					"source": "1", 
					"luminosity": "8.24E+43", 
					"energy": [
						"0.3", 
						"2.0"
					], 
					"u_countrate": "s^-1", 
					"photonindex": "4.5", 
					"countrate": "0.355", 
					"flux": "1.09E-12", 
					"nhmw": "0.00791", 
					"u_flux": "ergs/cm^2/s", 
					"u_time": "MJD", 
					"time": [
						"57034.5", 
						"57034.500"
					], 
					"upperlimit": true
				}, 
				{
					"u_energy": "keV", 
					"telescope": "Swift", 
					"instrument": "XRT", 
					"source": "1", 
					"luminosity": "1.61E+42", 
					"energy": [
						"0.3", 
						"2.0"
					], 
					"u_countrate": "s^-1", 
					"photonindex": "4.5", 
					"countrate": "0.00223", 
					"flux": "2.13E-14", 
					"nhmw": "0.00791", 
					"u_flux": "ergs/cm^2/s", 
					"mode": "PC", 
					"time": [
						"57063.6", 
						"57063.904"
					], 
					"upperlimit": true, 
					"u_time": "MJD"
				}, 
				{
					"u_energy": "keV", 
					"telescope": "XMM", 
					"instrument": "PN", 
					"source": "1", 
					"luminosity": "2.89E+44", 
					"energy": [
						"0.3", 
						"2.0"
					], 
					"u_countrate": "s^-1", 
					"photonindex": "4.5", 
					"countrate": "1.24", 
					"flux": "3.82E-12", 
					"nhmw": "0.00791", 
					"u_flux": "ergs/cm^2/s", 
					"u_time": "MJD", 
					"time": [
						"57079.9", 
						"57079.900"
					], 
					"upperlimit": true
				}, 
				{
					"u_energy": "keV", 
					"telescope": "Swift", 
					"instrument": "XRT", 
					"source": "1", 
					"luminosity": "2.22E+42", 
					"energy": [
						"0.3", 
						"2.0"
					], 
					"u_countrate": "s^-1", 
					"photonindex": "4.5", 
					"countrate": "0.00308", 
					"flux": "2.94E-14", 
					"nhmw": "0.00791", 
					"u_flux": "ergs/cm^2/s", 
					"mode": "PC", 
					"time": [
						"57119.7", 
						"57119.804"
					], 
					"upperlimit": true, 
					"u_time": "MJD"
				}
		], 
		"comovingdist": [
				{
					"u_value": "Mpc", 
					"derived": true, 
					"value": "689", 
					"source": "1,2,3,6"
				}
		], 
		"name": "DES14C1kia", 
		"alias": [
				{
					"source": "1,7", 
					"value": "DES14C1kia"
				}
		], 
		"notes": [
				{
					"source": "3", 
					"value": "HeII and HeI emission lines, no X-rays or radio"
				}
		], 
		"redshift": [
				{
					"source": "1,3", 
					"value": "0.162"
				}
		], 
		"host": [
				{
					"source": "1,3", 
					"value": "Uncatalogued, 03:34:47.49 -26:19:35.0"
				}
		], 
		"hostoffsetdist": [
				{
					"source": "1,2,3,5,6", 
					"value": "4.229"
				}
		], 
		"sources": [
				{
					"alias": "1", 
					"bibcode": "2017ApJ...838..149A", 
					"name": "2017ApJ...838..149A", 
					"reference": "Auchettl, Guillochon, & Ramirez-Ruiz (2017)"
				}, 
				{
					"alias": "2", 
					"bibcode": "2016A&A...594A..13P", 
					"name": "2016A&A...594A..13P", 
					"reference": "Planck Collaboration et al. (2016)"
				}, 
				{
					"alias": "3", 
					"bibcode": "2015ATel.6877....1F", 
					"name": "2015ATel.6877....1F", 
					"reference": "Foley et al. (2015)"
				}, 
				{
					"alias": "4", 
					"bibcode": "2011ApJ...737..103S", 
					"name": "2011ApJ...737..103S", 
					"reference": "Schlafly & Finkbeiner (2011)"
				}, 
				{
					"url": "https://www.swift.psu.edu/secure/toop/summary.php", 
					"alias": "5", 
					"name": "Swift TOOs"
				}, 
				{
					"bibcode": "2017ApJ...835...64G", 
					"name": "The Open TDE Catalog", 
					"reference": "Guillochon et al. (2017)", 
					"url": "https://tde.space", 
					"alias": "6", 
					"secondary": true
				}, 
				{
					"bibcode": "2000A&AS..143....9W", 
					"name": "SIMBAD astronomical database", 
					"reference": "Wenger et al. (2000)", 
					"url": "http://simbad.u-strasbg.fr/", 
					"alias": "7", 
					"secondary": true
				}
		], 
		"ebv": [
				{
					"e_value": "0.0003", 
					"derived": true, 
					"value": "0.0095", 
					"source": "4,6"
				}
		], 
		"citations": [
				{
					"source": "3", 
					"value": "<a href='http://adsabs.harvard.edu/abs/2015ATel.6877....1F'>ATEL 6877</a>*"
				}
		], 
		"discoverdate": [
				{
					"source": "6", 
					"derived": true, 
					"value": "2014"
				}
		], 
		"ra": [
				{
					"source": "5", 
					"u_value": "hours", 
					"value": "03:34:47.52"
				}, 
				{
					"source": "3,7", 
					"u_value": "hours", 
					"value": "03:34:47.49"
				}
		], 
		"hostra": [
				{
					"source": "1", 
					"u_value": "hours", 
					"value": "03:34:47.49"
				}
		], 
		"velocity": [
				{
					"u_value": "km/s", 
					"derived": true, 
					"value": "44700", 
					"source": "6"
				}
		], 
		"dec": [
				{
					"source": "5", 
					"u_value": "degrees", 
					"value": "-26:19:33.6"
				}, 
				{
					"source": "3,7", 
					"u_value": "degrees", 
					"value": "-26:19:35.0"
				}
		], 
		"hostoffsetang": [
				{
					"u_value": "arcseconds", 
					"derived": true, 
					"value": "1.471", 
					"source": "1,5,6"
				}
		], 
		"schema": "https://github.com/astrocatalogs/tidaldisruptions/blob/f405406/SCHEMA.md"
	}
}