{
	"Dougie":{
		"schema":"https://github.com/astrocatalogs/tidaldisruptions/blob/f405406/SCHEMA.md",
		"name":"Dougie",
		"sources":[
			{
				"name":"2017ApJ...838..149A",
				"bibcode":"2017ApJ...838..149A",
				"reference":"Auchettl, Guillochon, & Ramirez-Ruiz (2017)",
				"alias":"1"
			},
			{
				"name":"2016A&A...594A..13P",
				"bibcode":"2016A&A...594A..13P",
				"reference":"Planck Collaboration et al. (2016)",
				"alias":"2"
			},
			{
				"name":"2015ApJ...798...12V",
				"bibcode":"2015ApJ...798...12V",
				"reference":"Vinkó et al. (2015)",
				"alias":"3"
			},
			{
				"name":"2014arXiv1410.6014V",
				"bibcode":"2014arXiv1410.6014V",
				"reference":"Vinko et al. (2014)",
				"alias":"4"
			},
			{
				"name":"2011ApJ...737..103S",
				"bibcode":"2011ApJ...737..103S",
				"reference":"Schlafly & Finkbeiner (2011)",
				"alias":"5"
			},
			{
				"name":"The Open TDE Catalog",
				"bibcode":"2017ApJ...835...64G",
				"reference":"Guillochon et al. (2017)",
				"secondary":true,
				"url":"https://tde.space",
				"alias":"6"
			}
		],
		"alias":[
			{
				"value":"Dougie",
				"source":"1,3"
			}
		],
		"citations":[
			{
				"value":"<a href='http://adsabs.harvard.edu/abs/2014arXiv1410.6014V'>Vinko et al. 2014</a>*&Dagger;",
				"source":"4"
			}
		],
		"claimedtype":[
			{
				"value":"MS + SMBH",
				"source":"3"
			}
		],
		"comovingdist":[
			{
				"value":"807",
				"derived":true,
				"u_value":"Mpc",
				"source":"1,2,4,6"
			}
		],
		"dec":[
			{
				"value":"+43:01:20.1",
				"e_value":"0.09",
				"u_value":"degrees",
				"source":"3"
			},
			{
				"value":"+43:01:20.01",
				"u_value":"degrees",
				"source":"1"
			}
		],
		"discoverdate":[
			{
				"value":"2009/01/17",
				"derived":true,
				"source":"4,6"
			}
		],
		"ebv":[
			{
				"value":"0.0117",
				"derived":true,
				"e_value":"0.0002",
				"source":"5,6"
			}
		],
		"host":[
			{
				"value":"SDSS J120847.77+430120.1",
				"source":"1,4"
			}
		],
		"hostdec":[
			{
				"value":"+43:01:20.27",
				"u_value":"degrees",
				"source":"1"
			}
		],
		"hostoffsetang":[
			{
				"value":"1.361",
				"derived":true,
				"u_value":"arcseconds",
				"source":"1,3,6"
			}
		],
		"hostoffsetdist":[
			{
				"value":"4.471",
				"source":"1,2,3,4,6"
			}
		],
		"hostra":[
			{
				"value":"12:08:47.78",
				"u_value":"hours",
				"source":"1"
			}
		],
		"lumdist":[
			{
				"value":"961",
				"derived":true,
				"u_value":"Mpc",
				"source":"1,2,4,6"
			}
		],
		"maxabsmag":[
			{
				"value":"-22.54",
				"derived":true,
				"source":"1,2,4,6"
			}
		],
		"maxappmag":[
			{
				"value":"17.18",
				"derived":true,
				"source":"4,6"
			}
		],
		"maxband":[
			{
				"value":"U",
				"derived":true,
				"source":"4,6"
			}
		],
		"maxdate":[
			{
				"value":"2009/01/31",
				"derived":true,
				"source":"4,6"
			}
		],
		"maxvisualappmag":[
			{
				"value":"17.32",
				"derived":true,
				"source":"4,6"
			}
		],
		"maxvisualband":[
			{
				"value":"B",
				"derived":true,
				"source":"4,6"
			}
		],
		"maxvisualdate":[
			{
				"value":"2009/01/31",
				"derived":true,
				"source":"4,6"
			}
		],
		"nhhost":[
			{
				"value":"1.28e+20",
				"source":"4"
			}
		],
		"notes":[
			{
				"value":"1 kpc off-center, super-Eddington, no emission lines.",
				"source":"4"
			}
		],
		"ra":[
			{
				"value":"12:08:47.87",
				"e_value":"0.02",
				"u_value":"hours",
				"source":"3"
			},
			{
				"value":"12:08:47.87",
				"u_value":"hours",
				"source":"1"
			}
		],
		"redshift":[
			{
				"value":"0.191",
				"source":"1,4"
			}
		],
		"velocity":[
			{
				"value":"51900",
				"derived":true,
				"u_value":"km/s",
				"source":"6"
			}
		],
		"photometry":[
			{
				"time":"54848.34",
				"band":"i",
				"e_magnitude":"0.138358",
				"instrument":"ROTSE",
				"magnitude":"19.3297",
				"u_time":"MJD",
				"source":"4"
			},
			{
				"time":"54849.34",
				"band":"i",
				"e_magnitude":"0.164089",
				"instrument":"ROTSE",
				"magnitude":"18.7386",
				"u_time":"MJD",
				"source":"4"
			},
			{
				"time":"54850.33",
				"band":"i",
				"e_magnitude":"0.0769648",
				"instrument":"ROTSE",
				"magnitude":"18.1311",
				"u_time":"MJD",
				"source":"4"
			},
			{
				"time":"54851.32",
				"band":"i",
				"e_magnitude":"0.064354",
				"instrument":"ROTSE",
				"magnitude":"17.5841",
				"u_time":"MJD",
				"source":"4"
			},
			{
				"time":"54852.32",
				"band":"i",
				"e_magnitude":"0.0583813",
				"instrument":"ROTSE",
				"magnitude":"17.6513",
				"u_time":"MJD",
				"source":"4"
			},
			{
				"time":"54853.32",
				"band":"i",
				"e_magnitude":"0.0601064",
				"instrument":"ROTSE",
				"magnitude":"17.5535",
				"u_time":"MJD",
				"source":"4"
			},
			{
				"time":"54854.32",
				"band":"i",
				"e_magnitude":"0.0656883",
				"instrument":"ROTSE",
				"magnitude":"17.5489",
				"u_time":"MJD",
				"source":"4"
			},
			{
				"time":"54855.31",
				"band":"i",
				"e_magnitude":"0.0861164",
				"instrument":"ROTSE",
				"magnitude":"17.1993",
				"u_time":"MJD",
				"source":"4"
			},
			{
				"time":"54859.26",
				"band":"W1",
				"e_magnitude":"0.1",
				"instrument":"UVOT",
				"magnitude":"17.26",
				"telescope":"Swift",
				"u_time":"MJD",
				"source":"4"
			},
			{
				"time":"54859.26",
				"band":"W2",
				"e_magnitude":"0.1",
				"instrument":"UVOT",
				"magnitude":"18.04",
				"telescope":"Swift",
				"u_time":"MJD",
				"source":"4"
			},
			{
				"time":"54859.30",
				"band":"W2",
				"countrate":"0.002259000000414234946663065620",
				"instrument":"XRT",
				"telescope":"Swift",
				"u_countrate":"s^-1",
				"u_time":"MJD",
				"upperlimit":true,
				"source":"4"
			},
			{
				"time":"54859.38",
				"band":"i",
				"e_magnitude":"0.0826895",
				"instrument":"ROTSE",
				"magnitude":"17.5106",
				"u_time":"MJD",
				"source":"4"
			},
			{
				"time":"54859.60",
				"band":"W2",
				"countrate":"0.003030000003472334737474903287",
				"instrument":"XRT",
				"telescope":"Swift",
				"u_countrate":"s^-1",
				"u_time":"MJD",
				"upperlimit":true,
				"source":"4"
			},
			{
				"time":"54859.65",
				"band":"M2",
				"e_magnitude":"0.1",
				"instrument":"UVOT",
				"magnitude":"17.86",
				"telescope":"Swift",
				"u_time":"MJD",
				"source":"4"
			},
			{
				"time":"54859.65",
				"band":"V",
				"e_magnitude":"0.1",
				"instrument":"UVOT",
				"magnitude":"17.32",
				"u_time":"MJD",
				"source":"4"
			},
			{
				"time":"54860.32",
				"band":"i",
				"e_magnitude":"0.0447464",
				"instrument":"ROTSE",
				"magnitude":"17.4774",
				"u_time":"MJD",
				"source":"4"
			},
			{
				"time":"54861.29",
				"band":"i",
				"e_magnitude":"0.118852",
				"instrument":"ROTSE",
				"magnitude":"17.5384",
				"u_time":"MJD",
				"source":"4"
			},
			{
				"time":"54862.70",
				"band":"W2",
				"countrate":"0.005339999999648875879455697324",
				"instrument":"XRT",
				"telescope":"Swift",
				"u_countrate":"s^-1",
				"u_time":"MJD",
				"upperlimit":true,
				"source":"4"
			},
			{
				"time":"54862.73",
				"band":"W2",
				"e_magnitude":"0.1",
				"instrument":"UVOT",
				"magnitude":"18.52",
				"telescope":"Swift",
				"u_time":"MJD",
				"source":"4"
			},
			{
				"time":"54862.74",
				"band":"B",
				"e_magnitude":"0.1",
				"instrument":"UVOT",
				"magnitude":"17.3219",
				"u_time":"MJD",
				"source":"4"
			},
			{
				"time":"54862.74",
				"band":"M2",
				"e_magnitude":"0.1",
				"instrument":"UVOT",
				"magnitude":"18.24",
				"telescope":"Swift",
				"u_time":"MJD",
				"source":"4"
			},
			{
				"time":"54862.74",
				"band":"U",
				"e_magnitude":"0.1",
				"instrument":"UVOT",
				"magnitude":"17.18",
				"u_time":"MJD",
				"source":"4"
			},
			{
				"time":"54862.74",
				"band":"V",
				"e_magnitude":"0.1",
				"instrument":"UVOT",
				"magnitude":"17.34",
				"u_time":"MJD",
				"source":"4"
			},
			{
				"time":"54862.74",
				"band":"W1",
				"e_magnitude":"0.1",
				"instrument":"UVOT",
				"magnitude":"17.92",
				"telescope":"Swift",
				"u_time":"MJD",
				"source":"4"
			},
			{
				"time":"54863.29",
				"band":"i",
				"e_magnitude":"0.0579426",
				"instrument":"ROTSE",
				"magnitude":"17.7421",
				"u_time":"MJD",
				"source":"4"
			},
			{
				"time":"54865.00",
				"band":"W2",
				"countrate":"0.001559999998726762337480531433",
				"instrument":"XRT",
				"telescope":"Swift",
				"u_countrate":"s^-1",
				"u_time":"MJD",
				"upperlimit":true,
				"source":"4"
			},
			{
				"time":"54865.02",
				"band":"V",
				"e_magnitude":"0.11",
				"instrument":"UVOT",
				"magnitude":"17.6",
				"u_time":"MJD",
				"source":"4"
			},
			{
				"time":"54865.02",
				"band":"W2",
				"e_magnitude":"0.1",
				"instrument":"UVOT",
				"magnitude":"19.05",
				"telescope":"Swift",
				"u_time":"MJD",
				"source":"4"
			},
			{
				"time":"54865.03",
				"band":"B",
				"e_magnitude":"0.1",
				"instrument":"UVOT",
				"magnitude":"17.4795",
				"u_time":"MJD",
				"source":"4"
			},
			{
				"time":"54865.03",
				"band":"M2",
				"e_magnitude":"0.1",
				"instrument":"UVOT",
				"magnitude":"18.66",
				"telescope":"Swift",
				"u_time":"MJD",
				"source":"4"
			},
			{
				"time":"54865.03",
				"band":"U",
				"e_magnitude":"0.1",
				"instrument":"UVOT",
				"magnitude":"17.48",
				"u_time":"MJD",
				"source":"4"
			},
			{
				"time":"54865.03",
				"band":"W1",
				"e_magnitude":"0.1",
				"instrument":"UVOT",
				"magnitude":"18.17",
				"telescope":"Swift",
				"u_time":"MJD",
				"source":"4"
			},
			{
				"time":"54868.28",
				"band":"i",
				"e_magnitude":"0.130078",
				"instrument":"ROTSE",
				"magnitude":"18.03",
				"u_time":"MJD",
				"source":"4"
			},
			{
				"time":"54868.48",
				"band":"W2",
				"e_magnitude":"0.1",
				"instrument":"UVOT",
				"magnitude":"19.49",
				"telescope":"Swift",
				"u_time":"MJD",
				"source":"4"
			},
			{
				"time":"54868.49",
				"band":"M2",
				"e_magnitude":"0.15",
				"instrument":"UVOT",
				"magnitude":"19.07",
				"telescope":"Swift",
				"u_time":"MJD",
				"source":"4"
			},
			{
				"time":"54868.49",
				"band":"V",
				"e_magnitude":"0.11",
				"instrument":"UVOT",
				"magnitude":"18.02",
				"u_time":"MJD",
				"source":"4"
			},
			{
				"time":"54868.50",
				"band":"W2",
				"countrate":"0.003119999999867505773428233431",
				"instrument":"XRT",
				"telescope":"Swift",
				"u_countrate":"s^-1",
				"u_time":"MJD",
				"upperlimit":true,
				"source":"4"
			},
			{
				"time":"54869.27",
				"band":"i",
				"e_magnitude":"0.101536",
				"instrument":"ROTSE",
				"magnitude":"17.7135",
				"u_time":"MJD",
				"source":"4"
			},
			{
				"time":"54871.33",
				"band":"i",
				"e_magnitude":"0.137802",
				"instrument":"ROTSE",
				"magnitude":"17.9638",
				"u_time":"MJD",
				"source":"4"
			},
			{
				"time":[
					"54873.8",
					"54874.012"
				],
				"countrate":"0.00169",
				"energy":[
					"0.3",
					"2.0"
				],
				"flux":"1.95E-14",
				"instrument":"XRT",
				"luminosity":"2.15E+42",
				"mode":"PC",
				"nhmw":"0.013",
				"photonindex":"4.5",
				"telescope":"Swift",
				"u_countrate":"s^-1",
				"u_energy":"keV",
				"u_flux":"ergs/cm^2/s",
				"u_time":"MJD",
				"upperlimit":true,
				"source":"1"
			},
			{
				"time":"54874.27",
				"band":"i",
				"e_magnitude":"0.298125",
				"instrument":"ROTSE",
				"magnitude":"18.9751",
				"u_time":"MJD",
				"source":"4"
			},
			{
				"time":"54876.92",
				"band":"M2",
				"e_magnitude":"0.18",
				"instrument":"UVOT",
				"magnitude":"20.51",
				"telescope":"Swift",
				"u_time":"MJD",
				"source":"4"
			},
			{
				"time":"54876.92",
				"band":"V",
				"e_magnitude":"0.15",
				"instrument":"UVOT",
				"magnitude":"18.49",
				"u_time":"MJD",
				"source":"4"
			},
			{
				"time":"54876.92",
				"band":"W1",
				"e_magnitude":"0.14",
				"instrument":"UVOT",
				"magnitude":"20.2",
				"telescope":"Swift",
				"u_time":"MJD",
				"source":"4"
			},
			{
				"time":"54876.92",
				"band":"W2",
				"e_magnitude":"0.15",
				"instrument":"UVOT",
				"magnitude":"20.7",
				"telescope":"Swift",
				"u_time":"MJD",
				"source":"4"
			},
			{
				"time":"54876.93",
				"band":"B",
				"e_magnitude":"0.11",
				"instrument":"UVOT",
				"magnitude":"18.6195",
				"u_time":"MJD",
				"source":"4"
			},
			{
				"time":"54876.93",
				"band":"U",
				"e_magnitude":"0.11",
				"instrument":"UVOT",
				"magnitude":"19.29",
				"u_time":"MJD",
				"source":"4"
			},
			{
				"time":"54877.30",
				"band":"i",
				"e_magnitude":"0.180555",
				"instrument":"ROTSE",
				"magnitude":"18.7949",
				"u_time":"MJD",
				"source":"4"
			},
			{
				"time":"54882.00",
				"band":"W2",
				"countrate":"0.003689999998648537371929341899",
				"instrument":"XRT",
				"telescope":"Swift",
				"u_countrate":"s^-1",
				"u_time":"MJD",
				"upperlimit":true,
				"source":"4"
			},
			{
				"time":"54882.02",
				"band":"M2",
				"e_magnitude":"0.32",
				"instrument":"UVOT",
				"magnitude":"20.88",
				"telescope":"Swift",
				"u_time":"MJD",
				"source":"4"
			},
			{
				"time":"54882.02",
				"band":"V",
				"e_magnitude":"0.28",
				"instrument":"UVOT",
				"magnitude":"18.97",
				"u_time":"MJD",
				"source":"4"
			},
			{
				"time":"54882.02",
				"band":"W1",
				"e_magnitude":"0.23",
				"instrument":"UVOT",
				"magnitude":"20.64",
				"telescope":"Swift",
				"u_time":"MJD",
				"source":"4"
			},
			{
				"time":"54882.02",
				"band":"W2",
				"e_magnitude":"0.27",
				"instrument":"UVOT",
				"magnitude":"20.97",
				"telescope":"Swift",
				"u_time":"MJD",
				"source":"4"
			},
			{
				"time":"54882.03",
				"band":"B",
				"e_magnitude":"0.18",
				"instrument":"UVOT",
				"magnitude":"19.1983",
				"u_time":"MJD",
				"source":"4"
			},
			{
				"time":"54882.03",
				"band":"U",
				"e_magnitude":"0.14",
				"instrument":"UVOT",
				"magnitude":"20.05",
				"u_time":"MJD",
				"source":"4"
			},
			{
				"time":"54890.58",
				"band":"M2",
				"e_magnitude":"0.44",
				"instrument":"UVOT",
				"magnitude":"21.99",
				"telescope":"Swift",
				"u_time":"MJD",
				"source":"4"
			},
			{
				"time":"54890.58",
				"band":"W2",
				"e_magnitude":"0.48",
				"instrument":"UVOT",
				"magnitude":"22.77",
				"telescope":"Swift",
				"u_time":"MJD",
				"source":"4"
			},
			{
				"time":"54890.59",
				"band":"U",
				"e_magnitude":"0.25",
				"instrument":"UVOT",
				"magnitude":"21.34",
				"u_time":"MJD",
				"source":"4"
			},
			{
				"time":"54890.59",
				"band":"W1",
				"e_magnitude":"0.22",
				"instrument":"UVOT",
				"magnitude":"21.75",
				"telescope":"Swift",
				"u_time":"MJD",
				"source":"4"
			},
			{
				"time":"54890.60",
				"band":"W2",
				"countrate":"0.005520000003441954997809172417",
				"instrument":"XRT",
				"telescope":"Swift",
				"u_countrate":"s^-1",
				"u_time":"MJD",
				"upperlimit":true,
				"source":"4"
			},
			{
				"time":"54902.00",
				"band":"W2",
				"countrate":"0.001769999998525429732147809053",
				"instrument":"XRT",
				"telescope":"Swift",
				"u_countrate":"s^-1",
				"u_time":"MJD",
				"upperlimit":true,
				"source":"4"
			},
			{
				"time":"54902.03",
				"band":"M2",
				"e_magnitude":"0.43",
				"instrument":"UVOT",
				"magnitude":"21.95",
				"telescope":"Swift",
				"u_time":"MJD",
				"source":"4"
			},
			{
				"time":"54902.03",
				"band":"V",
				"e_magnitude":"0.28",
				"instrument":"UVOT",
				"magnitude":"19.7",
				"u_time":"MJD",
				"source":"4"
			},
			{
				"time":"54902.03",
				"band":"W1",
				"e_magnitude":"0.39",
				"instrument":"UVOT",
				"magnitude":"21.92",
				"telescope":"Swift",
				"u_time":"MJD",
				"source":"4"
			},
			{
				"time":"54902.03",
				"band":"W2",
				"e_magnitude":"0.45",
				"instrument":"UVOT",
				"magnitude":"22.77",
				"telescope":"Swift",
				"u_time":"MJD",
				"source":"4"
			},
			{
				"time":"54916.28",
				"band":"V",
				"e_magnitude":"0.34",
				"instrument":"UVOT",
				"magnitude":"19.96",
				"u_time":"MJD",
				"source":"4"
			},
			{
				"time":"54916.29",
				"band":"M2",
				"e_magnitude":"0.62",
				"instrument":"UVOT",
				"magnitude":"23.33",
				"telescope":"Swift",
				"u_time":"MJD",
				"source":"4"
			},
			{
				"time":"54916.29",
				"band":"W1",
				"e_magnitude":"0.51",
				"instrument":"UVOT",
				"magnitude":"22.28",
				"telescope":"Swift",
				"u_time":"MJD",
				"source":"4"
			},
			{
				"time":"54916.30",
				"band":"W2",
				"countrate":"0.002984999996801288261068991951",
				"instrument":"XRT",
				"telescope":"Swift",
				"u_countrate":"s^-1",
				"u_time":"MJD",
				"upperlimit":true,
				"source":"4"
			},
			{
				"time":[
					"55323.6",
					"55323.643"
				],
				"countrate":"0.0146702",
				"energy":[
					"0.3",
					"2.0"
				],
				"flux":"6.41E-15",
				"instrument":"PN",
				"luminosity":"7.07E+41",
				"nhmw":"0.0128",
				"photonindex":"4.5",
				"telescope":"XMM",
				"u_countrate":"s^-1",
				"u_energy":"keV",
				"u_flux":"ergs/cm^2/s",
				"u_time":"MJD",
				"upperlimit":true,
				"source":"1"
			},
			{
				"time":[
					"55583.9",
					"55583.986"
				],
				"countrate":"0.00221",
				"energy":[
					"0.3",
					"2.0"
				],
				"flux":"2.55E-14",
				"instrument":"XRT",
				"luminosity":"2.81E+42",
				"mode":"PC",
				"nhmw":"0.013",
				"photonindex":"4.5",
				"telescope":"Swift",
				"u_countrate":"s^-1",
				"u_energy":"keV",
				"u_flux":"ergs/cm^2/s",
				"u_time":"MJD",
				"upperlimit":true,
				"source":"1"
			}
		]
	}
}