{
	"Dougie": {
		"ebv": [
				{
					"e_value": "0.0002", 
					"derived": true, 
					"value": "0.0117", 
					"source": "5,6"
				}
		], 
		"redshift": [
				{
					"source": "1,4", 
					"value": "0.191"
				}
		], 
		"claimedtype": [
				{
					"source": "3", 
					"value": "MS + SMBH"
				}
		], 
		"maxvisualdate": [
				{
					"source": "4,6", 
					"derived": true, 
					"value": "2009/01/31"
				}
		], 
		"sources": [
				{
					"alias": "1", 
					"bibcode": "2017ApJ...838..149A", 
					"name": "2017ApJ...838..149A", 
					"reference": "Auchettl, Guillochon, & Ramirez-Ruiz (2017)"
				}, 
				{
					"alias": "2", 
					"bibcode": "2016A&A...594A..13P", 
					"name": "2016A&A...594A..13P", 
					"reference": "Planck Collaboration et al. (2016)"
				}, 
				{
					"alias": "3", 
					"bibcode": "2015ApJ...798...12V", 
					"name": "2015ApJ...798...12V", 
					"reference": "Vink\u00f3 et al. (2015)"
				}, 
				{
					"alias": "4", 
					"bibcode": "2014arXiv1410.6014V", 
					"name": "2014arXiv1410.6014V", 
					"reference": "Vinko et al. (2014)"
				}, 
				{
					"alias": "5", 
					"bibcode": "2011ApJ...737..103S", 
					"name": "2011ApJ...737..103S", 
					"reference": "Schlafly & Finkbeiner (2011)"
				}, 
				{
					"bibcode": "2017ApJ...835...64G", 
					"name": "The Open TDE Catalog", 
					"reference": "Guillochon et al. (2017)", 
					"url": "https://tde.space", 
					"alias": "6", 
					"secondary": true
				}
		], 
		"maxabsmag": [
				{
					"source": "1,2,4,6", 
					"derived": true, 
					"value": "-22.54"
				}
		], 
		"hostdec": [
				{
					"source": "1", 
					"u_value": "degrees", 
					"value": "+43:01:20.27"
				}
		], 
		"comovingdist": [
				{
					"u_value": "Mpc", 
					"derived": true, 
					"value": "807", 
					"source": "1,2,4,6"
				}
		], 
		"maxappmag": [
				{
					"source": "4,6", 
					"derived": true, 
					"value": "17.18"
				}
		], 
		"maxdate": [
				{
					"source": "4,6", 
					"derived": true, 
					"value": "2009/01/31"
				}
		], 
		"maxvisualband": [
				{
					"source": "4,6", 
					"derived": true, 
					"value": "B"
				}
		], 
		"citations": [
				{
					"source": "4", 
					"value": "<a href='http://adsabs.harvard.edu/abs/2014arXiv1410.6014V'>Vinko et al. 2014</a>*&Dagger;"
				}
		], 
		"ra": [
				{
					"u_value": "hours", 
					"e_value": "0.02", 
					"value": "12:08:47.87", 
					"source": "3"
				}, 
				{
					"source": "1", 
					"u_value": "hours", 
					"value": "12:08:47.87"
				}
		], 
		"maxvisualappmag": [
				{
					"source": "4,6", 
					"derived": true, 
					"value": "17.32"
				}
		], 
		"schema": "https://github.com/astrocatalogs/tidaldisruptions/blob/f405406/SCHEMA.md", 
		"hostra": [
				{
					"source": "1", 
					"u_value": "hours", 
					"value": "12:08:47.78"
				}
		], 
		"lumdist": [
				{
					"u_value": "Mpc", 
					"derived": true, 
					"value": "961", 
					"source": "1,2,4,6"
				}
		], 
		"maxband": [
				{
					"source": "4,6", 
					"derived": true, 
					"value": "U"
				}
		], 
		"host": [
				{
					"source": "1,4", 
					"value": "SDSS J120847.77+430120.1"
				}
		], 
		"discoverdate": [
				{
					"source": "4,6", 
					"derived": true, 
					"value": "2009/01/17"
				}
		], 
		"photometry": [
				{
					"e_magnitude": "0.138358", 
					"instrument": "ROTSE", 
					"band": "i", 
					"magnitude": "19.3297", 
					"u_time": "MJD", 
					"time": "54848.34", 
					"source": "4"
				}, 
				{
					"e_magnitude": "0.164089", 
					"instrument": "ROTSE", 
					"band": "i", 
					"magnitude": "18.7386", 
					"u_time": "MJD", 
					"time": "54849.34", 
					"source": "4"
				}, 
				{
					"e_magnitude": "0.0769648", 
					"instrument": "ROTSE", 
					"band": "i", 
					"magnitude": "18.1311", 
					"u_time": "MJD", 
					"time": "54850.33", 
					"source": "4"
				}, 
				{
					"e_magnitude": "0.064354", 
					"instrument": "ROTSE", 
					"band": "i", 
					"magnitude": "17.5841", 
					"u_time": "MJD", 
					"time": "54851.32", 
					"source": "4"
				}, 
				{
					"e_magnitude": "0.0583813", 
					"instrument": "ROTSE", 
					"band": "i", 
					"magnitude": "17.6513", 
					"u_time": "MJD", 
					"time": "54852.32", 
					"source": "4"
				}, 
				{
					"e_magnitude": "0.0601064", 
					"instrument": "ROTSE", 
					"band": "i", 
					"magnitude": "17.5535", 
					"u_time": "MJD", 
					"time": "54853.32", 
					"source": "4"
				}, 
				{
					"e_magnitude": "0.0656883", 
					"instrument": "ROTSE", 
					"band": "i", 
					"magnitude": "17.5489", 
					"u_time": "MJD", 
					"time": "54854.32", 
					"source": "4"
				}, 
				{
					"e_magnitude": "0.0861164", 
					"instrument": "ROTSE", 
					"band": "i", 
					"magnitude": "17.1993", 
					"u_time": "MJD", 
					"time": "54855.31", 
					"source": "4"
				}, 
				{
					"e_magnitude": "0.1", 
					"telescope": "Swift", 
					"instrument": "UVOT", 
					"band": "W1", 
					"magnitude": "17.26", 
					"u_time": "MJD", 
					"time": "54859.26", 
					"source": "4"
				}, 
				{
					"e_magnitude": "0.1", 
					"telescope": "Swift", 
					"instrument": "UVOT", 
					"band": "W2", 
					"magnitude": "18.04", 
					"u_time": "MJD", 
					"time": "54859.26", 
					"source": "4"
				}, 
				{
					"telescope": "Swift", 
					"instrument": "XRT", 
					"source": "4", 
					"u_countrate": "s^-1", 
					"countrate": "0.002259000000414234946663065620", 
					"band": "W2", 
					"u_time": "MJD", 
					"time": "54859.30", 
					"upperlimit": true
				}, 
				{
					"e_magnitude": "0.0826895", 
					"instrument": "ROTSE", 
					"band": "i", 
					"magnitude": "17.5106", 
					"u_time": "MJD", 
					"time": "54859.38", 
					"source": "4"
				}, 
				{
					"telescope": "Swift", 
					"instrument": "XRT", 
					"source": "4", 
					"u_countrate": "s^-1", 
					"countrate": "0.003030000003472334737474903287", 
					"band": "W2", 
					"u_time": "MJD", 
					"time": "54859.60", 
					"upperlimit": true
				}, 
				{
					"e_magnitude": "0.1", 
					"telescope": "Swift", 
					"instrument": "UVOT", 
					"band": "M2", 
					"magnitude": "17.86", 
					"u_time": "MJD", 
					"time": "54859.65", 
					"source": "4"
				}, 
				{
					"e_magnitude": "0.1", 
					"instrument": "UVOT", 
					"band": "V", 
					"magnitude": "17.32", 
					"u_time": "MJD", 
					"time": "54859.65", 
					"source": "4"
				}, 
				{
					"e_magnitude": "0.0447464", 
					"instrument": "ROTSE", 
					"band": "i", 
					"magnitude": "17.4774", 
					"u_time": "MJD", 
					"time": "54860.32", 
					"source": "4"
				}, 
				{
					"e_magnitude": "0.118852", 
					"instrument": "ROTSE", 
					"band": "i", 
					"magnitude": "17.5384", 
					"u_time": "MJD", 
					"time": "54861.29", 
					"source": "4"
				}, 
				{
					"telescope": "Swift", 
					"instrument": "XRT", 
					"source": "4", 
					"u_countrate": "s^-1", 
					"countrate": "0.005339999999648875879455697324", 
					"band": "W2", 
					"u_time": "MJD", 
					"time": "54862.70", 
					"upperlimit": true
				}, 
				{
					"e_magnitude": "0.1", 
					"telescope": "Swift", 
					"instrument": "UVOT", 
					"band": "W2", 
					"magnitude": "18.52", 
					"u_time": "MJD", 
					"time": "54862.73", 
					"source": "4"
				}, 
				{
					"e_magnitude": "0.1", 
					"instrument": "UVOT", 
					"band": "B", 
					"magnitude": "17.3219", 
					"u_time": "MJD", 
					"time": "54862.74", 
					"source": "4"
				}, 
				{
					"e_magnitude": "0.1", 
					"telescope": "Swift", 
					"instrument": "UVOT", 
					"band": "M2", 
					"magnitude": "18.24", 
					"u_time": "MJD", 
					"time": "54862.74", 
					"source": "4"
				}, 
				{
					"e_magnitude": "0.1", 
					"instrument": "UVOT", 
					"band": "U", 
					"magnitude": "17.18", 
					"u_time": "MJD", 
					"time": "54862.74", 
					"source": "4"
				}, 
				{
					"e_magnitude": "0.1", 
					"instrument": "UVOT", 
					"band": "V", 
					"magnitude": "17.34", 
					"u_time": "MJD", 
					"time": "54862.74", 
					"source": "4"
				}, 
				{
					"e_magnitude": "0.1", 
					"telescope": "Swift", 
					"instrument": "UVOT", 
					"band": "W1", 
					"magnitude": "17.92", 
					"u_time": "MJD", 
					"time": "54862.74", 
					"source": "4"
				}, 
				{
					"e_magnitude": "0.0579426", 
					"instrument": "ROTSE", 
					"band": "i", 
					"magnitude": "17.7421", 
					"u_time": "MJD", 
					"time": "54863.29", 
					"source": "4"
				}, 
				{
					"telescope": "Swift", 
					"instrument": "XRT", 
					"source": "4", 
					"u_countrate": "s^-1", 
					"countrate": "0.001559999998726762337480531433", 
					"band": "W2", 
					"u_time": "MJD", 
					"time": "54865.00", 
					"upperlimit": true
				}, 
				{
					"e_magnitude": "0.11", 
					"instrument": "UVOT", 
					"band": "V", 
					"magnitude": "17.6", 
					"u_time": "MJD", 
					"time": "54865.02", 
					"source": "4"
				}, 
				{
					"e_magnitude": "0.1", 
					"telescope": "Swift", 
					"instrument": "UVOT", 
					"band": "W2", 
					"magnitude": "19.05", 
					"u_time": "MJD", 
					"time": "54865.02", 
					"source": "4"
				}, 
				{
					"e_magnitude": "0.1", 
					"instrument": "UVOT", 
					"band": "B", 
					"magnitude": "17.4795", 
					"u_time": "MJD", 
					"time": "54865.03", 
					"source": "4"
				}, 
				{
					"e_magnitude": "0.1", 
					"telescope": "Swift", 
					"instrument": "UVOT", 
					"band": "M2", 
					"magnitude": "18.66", 
					"u_time": "MJD", 
					"time": "54865.03", 
					"source": "4"
				}, 
				{
					"e_magnitude": "0.1", 
					"instrument": "UVOT", 
					"band": "U", 
					"magnitude": "17.48", 
					"u_time": "MJD", 
					"time": "54865.03", 
					"source": "4"
				}, 
				{
					"e_magnitude": "0.1", 
					"telescope": "Swift", 
					"instrument": "UVOT", 
					"band": "W1", 
					"magnitude": "18.17", 
					"u_time": "MJD", 
					"time": "54865.03", 
					"source": "4"
				}, 
				{
					"e_magnitude": "0.130078", 
					"instrument": "ROTSE", 
					"band": "i", 
					"magnitude": "18.03", 
					"u_time": "MJD", 
					"time": "54868.28", 
					"source": "4"
				}, 
				{
					"e_magnitude": "0.1", 
					"telescope": "Swift", 
					"instrument": "UVOT", 
					"band": "W2", 
					"magnitude": "19.49", 
					"u_time": "MJD", 
					"time": "54868.48", 
					"source": "4"
				}, 
				{
					"e_magnitude": "0.15", 
					"telescope": "Swift", 
					"instrument": "UVOT", 
					"band": "M2", 
					"magnitude": "19.07", 
					"u_time": "MJD", 
					"time": "54868.49", 
					"source": "4"
				}, 
				{
					"e_magnitude": "0.11", 
					"instrument": "UVOT", 
					"band": "V", 
					"magnitude": "18.02", 
					"u_time": "MJD", 
					"time": "54868.49", 
					"source": "4"
				}, 
				{
					"telescope": "Swift", 
					"instrument": "XRT", 
					"source": "4", 
					"u_countrate": "s^-1", 
					"countrate": "0.003119999999867505773428233431", 
					"band": "W2", 
					"u_time": "MJD", 
					"time": "54868.50", 
					"upperlimit": true
				}, 
				{
					"e_magnitude": "0.101536", 
					"instrument": "ROTSE", 
					"band": "i", 
					"magnitude": "17.7135", 
					"u_time": "MJD", 
					"time": "54869.27", 
					"source": "4"
				}, 
				{
					"e_magnitude": "0.137802", 
					"instrument": "ROTSE", 
					"band": "i", 
					"magnitude": "17.9638", 
					"u_time": "MJD", 
					"time": "54871.33", 
					"source": "4"
				}, 
				{
					"u_energy": "keV", 
					"telescope": "Swift", 
					"instrument": "XRT", 
					"source": "1", 
					"luminosity": "2.15E+42", 
					"energy": [
						"0.3", 
						"2.0"
					], 
					"u_countrate": "s^-1", 
					"photonindex": "4.5", 
					"countrate": "0.00169", 
					"flux": "1.95E-14", 
					"nhmw": "0.013", 
					"u_flux": "ergs/cm^2/s", 
					"mode": "PC", 
					"time": [
						"54873.8", 
						"54874.012"
					], 
					"upperlimit": true, 
					"u_time": "MJD"
				}, 
				{
					"e_magnitude": "0.298125", 
					"instrument": "ROTSE", 
					"band": "i", 
					"magnitude": "18.9751", 
					"u_time": "MJD", 
					"time": "54874.27", 
					"source": "4"
				}, 
				{
					"e_magnitude": "0.18", 
					"telescope": "Swift", 
					"instrument": "UVOT", 
					"band": "M2", 
					"magnitude": "20.51", 
					"u_time": "MJD", 
					"time": "54876.92", 
					"source": "4"
				}, 
				{
					"e_magnitude": "0.15", 
					"instrument": "UVOT", 
					"band": "V", 
					"magnitude": "18.49", 
					"u_time": "MJD", 
					"time": "54876.92", 
					"source": "4"
				}, 
				{
					"e_magnitude": "0.14", 
					"telescope": "Swift", 
					"instrument": "UVOT", 
					"band": "W1", 
					"magnitude": "20.2", 
					"u_time": "MJD", 
					"time": "54876.92", 
					"source": "4"
				}, 
				{
					"e_magnitude": "0.15", 
					"telescope": "Swift", 
					"instrument": "UVOT", 
					"band": "W2", 
					"magnitude": "20.7", 
					"u_time": "MJD", 
					"time": "54876.92", 
					"source": "4"
				}, 
				{
					"e_magnitude": "0.11", 
					"instrument": "UVOT", 
					"band": "B", 
					"magnitude": "18.6195", 
					"u_time": "MJD", 
					"time": "54876.93", 
					"source": "4"
				}, 
				{
					"e_magnitude": "0.11", 
					"instrument": "UVOT", 
					"band": "U", 
					"magnitude": "19.29", 
					"u_time": "MJD", 
					"time": "54876.93", 
					"source": "4"
				}, 
				{
					"e_magnitude": "0.180555", 
					"instrument": "ROTSE", 
					"band": "i", 
					"magnitude": "18.7949", 
					"u_time": "MJD", 
					"time": "54877.30", 
					"source": "4"
				}, 
				{
					"telescope": "Swift", 
					"instrument": "XRT", 
					"source": "4", 
					"u_countrate": "s^-1", 
					"countrate": "0.003689999998648537371929341899", 
					"band": "W2", 
					"u_time": "MJD", 
					"time": "54882.00", 
					"upperlimit": true
				}, 
				{
					"e_magnitude": "0.32", 
					"telescope": "Swift", 
					"instrument": "UVOT", 
					"band": "M2", 
					"magnitude": "20.88", 
					"u_time": "MJD", 
					"time": "54882.02", 
					"source": "4"
				}, 
				{
					"e_magnitude": "0.28", 
					"instrument": "UVOT", 
					"band": "V", 
					"magnitude": "18.97", 
					"u_time": "MJD", 
					"time": "54882.02", 
					"source": "4"
				}, 
				{
					"e_magnitude": "0.23", 
					"telescope": "Swift", 
					"instrument": "UVOT", 
					"band": "W1", 
					"magnitude": "20.64", 
					"u_time": "MJD", 
					"time": "54882.02", 
					"source": "4"
				}, 
				{
					"e_magnitude": "0.27", 
					"telescope": "Swift", 
					"instrument": "UVOT", 
					"band": "W2", 
					"magnitude": "20.97", 
					"u_time": "MJD", 
					"time": "54882.02", 
					"source": "4"
				}, 
				{
					"e_magnitude": "0.18", 
					"instrument": "UVOT", 
					"band": "B", 
					"magnitude": "19.1983", 
					"u_time": "MJD", 
					"time": "54882.03", 
					"source": "4"
				}, 
				{
					"e_magnitude": "0.14", 
					"instrument": "UVOT", 
					"band": "U", 
					"magnitude": "20.05", 
					"u_time": "MJD", 
					"time": "54882.03", 
					"source": "4"
				}, 
				{
					"e_magnitude": "0.44", 
					"telescope": "Swift", 
					"instrument": "UVOT", 
					"band": "M2", 
					"magnitude": "21.99", 
					"u_time": "MJD", 
					"time": "54890.58", 
					"source": "4"
				}, 
				{
					"e_magnitude": "0.48", 
					"telescope": "Swift", 
					"instrument": "UVOT", 
					"band": "W2", 
					"magnitude": "22.77", 
					"u_time": "MJD", 
					"time": "54890.58", 
					"source": "4"
				}, 
				{
					"e_magnitude": "0.25", 
					"instrument": "UVOT", 
					"band": "U", 
					"magnitude": "21.34", 
					"u_time": "MJD", 
					"time": "54890.59", 
					"source": "4"
				}, 
				{
					"e_magnitude": "0.22", 
					"telescope": "Swift", 
					"instrument": "UVOT", 
					"band": "W1", 
					"magnitude": "21.75", 
					"u_time": "MJD", 
					"time": "54890.59", 
					"source": "4"
				}, 
				{
					"telescope": "Swift", 
					"instrument": "XRT", 
					"source": "4", 
					"u_countrate": "s^-1", 
					"countrate": "0.005520000003441954997809172417", 
					"band": "W2", 
					"u_time": "MJD", 
					"time": "54890.60", 
					"upperlimit": true
				}, 
				{
					"telescope": "Swift", 
					"instrument": "XRT", 
					"source": "4", 
					"u_countrate": "s^-1", 
					"countrate": "0.001769999998525429732147809053", 
					"band": "W2", 
					"u_time": "MJD", 
					"time": "54902.00", 
					"upperlimit": true
				}, 
				{
					"e_magnitude": "0.43", 
					"telescope": "Swift", 
					"instrument": "UVOT", 
					"band": "M2", 
					"magnitude": "21.95", 
					"u_time": "MJD", 
					"time": "54902.03", 
					"source": "4"
				}, 
				{
					"e_magnitude": "0.28", 
					"instrument": "UVOT", 
					"band": "V", 
					"magnitude": "19.7", 
					"u_time": "MJD", 
					"time": "54902.03", 
					"source": "4"
				}, 
				{
					"e_magnitude": "0.39", 
					"telescope": "Swift", 
					"instrument": "UVOT", 
					"band": "W1", 
					"magnitude": "21.92", 
					"u_time": "MJD", 
					"time": "54902.03", 
					"source": "4"
				}, 
				{
					"e_magnitude": "0.45", 
					"telescope": "Swift", 
					"instrument": "UVOT", 
					"band": "W2", 
					"magnitude": "22.77", 
					"u_time": "MJD", 
					"time": "54902.03", 
					"source": "4"
				}, 
				{
					"e_magnitude": "0.34", 
					"instrument": "UVOT", 
					"band": "V", 
					"magnitude": "19.96", 
					"u_time": "MJD", 
					"time": "54916.28", 
					"source": "4"
				}, 
				{
					"e_magnitude": "0.62", 
					"telescope": "Swift", 
					"instrument": "UVOT", 
					"band": "M2", 
					"magnitude": "23.33", 
					"u_time": "MJD", 
					"time": "54916.29", 
					"source": "4"
				}, 
				{
					"e_magnitude": "0.51", 
					"telescope": "Swift", 
					"instrument": "UVOT", 
					"band": "W1", 
					"magnitude": "22.28", 
					"u_time": "MJD", 
					"time": "54916.29", 
					"source": "4"
				}, 
				{
					"telescope": "Swift", 
					"instrument": "XRT", 
					"source": "4", 
					"u_countrate": "s^-1", 
					"countrate": "0.002984999996801288261068991951", 
					"band": "W2", 
					"u_time": "MJD", 
					"time": "54916.30", 
					"upperlimit": true
				}, 
				{
					"u_energy": "keV", 
					"telescope": "XMM", 
					"instrument": "PN", 
					"source": "1", 
					"luminosity": "7.07E+41", 
					"energy": [
						"0.3", 
						"2.0"
					], 
					"u_countrate": "s^-1", 
					"photonindex": "4.5", 
					"countrate": "0.0146702", 
					"flux": "6.41E-15", 
					"nhmw": "0.0128", 
					"u_flux": "ergs/cm^2/s", 
					"u_time": "MJD", 
					"time": [
						"55323.6", 
						"55323.643"
					], 
					"upperlimit": true
				}, 
				{
					"u_energy": "keV", 
					"telescope": "Swift", 
					"instrument": "XRT", 
					"source": "1", 
					"luminosity": "2.81E+42", 
					"energy": [
						"0.3", 
						"2.0"
					], 
					"u_countrate": "s^-1", 
					"photonindex": "4.5", 
					"countrate": "0.00221", 
					"flux": "2.55E-14", 
					"nhmw": "0.013", 
					"u_flux": "ergs/cm^2/s", 
					"mode": "PC", 
					"time": [
						"55583.9", 
						"55583.986"
					], 
					"upperlimit": true, 
					"u_time": "MJD"
				}
		], 
		"name": "Dougie", 
		"notes": [
				{
					"source": "4", 
					"value": "1 kpc off-center, super-Eddington, no emission lines."
				}
		], 
		"hostoffsetdist": [
				{
					"source": "1,2,3,4,6", 
					"value": "4.471"
				}
		], 
		"alias": [
				{
					"source": "1,3", 
					"value": "Dougie"
				}
		], 
		"velocity": [
				{
					"u_value": "km/s", 
					"derived": true, 
					"value": "51900", 
					"source": "6"
				}
		], 
		"dec": [
				{
					"u_value": "degrees", 
					"e_value": "0.09", 
					"value": "+43:01:20.1", 
					"source": "3"
				}, 
				{
					"source": "1", 
					"u_value": "degrees", 
					"value": "+43:01:20.01"
				}
		], 
		"hostoffsetang": [
				{
					"u_value": "arcseconds", 
					"derived": true, 
					"value": "1.361", 
					"source": "1,3,6"
				}
		], 
		"nhhost": [
				{
					"source": "4", 
					"value": "1.28e+20"
				}
		]
	}
}