{
	"F01004-2237":{
		"schema":"https://github.com/astrocatalogs/tidaldisruptions/blob/f405406/SCHEMA.md",
		"name":"F01004-2237",
		"sources":[
			{
				"name":"2017NatAs...1E..61T",
				"bibcode":"2017NatAs...1E..61T",
				"reference":"Tadhunter et al. (2017)",
				"alias":"1"
			},
			{
				"name":"2016A&A...594A..13P",
				"bibcode":"2016A&A...594A..13P",
				"reference":"Planck Collaboration et al. (2016)",
				"alias":"2"
			},
			{
				"name":"2011ApJ...737..103S",
				"bibcode":"2011ApJ...737..103S",
				"reference":"Schlafly & Finkbeiner (2011)",
				"alias":"3"
			},
			{
				"name":"The Open TDE Catalog",
				"bibcode":"2017ApJ...835...64G",
				"reference":"Guillochon et al. (2017)",
				"secondary":true,
				"url":"https://tde.space",
				"alias":"4"
			}
		],
		"alias":[
			{
				"value":"F01004-2237",
				"source":"1"
			},
			{
				"value":"CSS:010250.0-222157",
				"source":"1"
			},
			{
				"value":"SSS:010250.0-222157",
				"source":"1"
			}
		],
		"comovingdist":[
			{
				"value":"506.963",
				"derived":true,
				"u_value":"Mpc",
				"source":"1,2,4"
			}
		],
		"dec":[
			{
				"value":"-22:21:57.22",
				"u_value":"degrees",
				"source":"1"
			}
		],
		"discoverdate":[
			{
				"value":"2010/06/25",
				"derived":true,
				"source":"1,4"
			}
		],
		"ebv":[
			{
				"value":"0.015",
				"derived":true,
				"e_value":"0.0002",
				"source":"3,4"
			}
		],
		"host":[
			{
				"value":"IRAS F01004-2237",
				"source":"1"
			}
		],
		"hostdec":[
			{
				"value":"-22:21:57",
				"u_value":"degrees",
				"source":"1"
			}
		],
		"hostoffsetang":[
			{
				"value":"1.62",
				"derived":true,
				"u_value":"arcseconds",
				"source":"1,4"
			}
		],
		"hostoffsetdist":[
			{
				"value":"3.56",
				"source":"1,2,4"
			}
		],
		"hostra":[
			{
				"value":"01:02:49.9",
				"u_value":"hours",
				"source":"1"
			}
		],
		"lumdist":[
			{
				"value":"566.701",
				"derived":true,
				"u_value":"Mpc",
				"source":"1,2,4"
			}
		],
		"maxabsmag":[
			{
				"value":"-27.4358",
				"derived":true,
				"source":"1,2,4"
			}
		],
		"maxappmag":[
			{
				"value":"11.21",
				"derived":true,
				"source":"1,4"
			}
		],
		"maxband":[
			{
				"value":"W2",
				"derived":true,
				"source":"1,4"
			}
		],
		"maxdate":[
			{
				"value":"2010/06/25",
				"derived":true,
				"source":"1,4"
			}
		],
		"maxvisualappmag":[
			{
				"value":"11.21",
				"derived":true,
				"source":"1,4"
			}
		],
		"maxvisualband":[
			{
				"value":"W2",
				"derived":true,
				"source":"1,4"
			}
		],
		"maxvisualdate":[
			{
				"value":"2010/06/25",
				"derived":true,
				"source":"1,4"
			}
		],
		"ra":[
			{
				"value":"01:02:50.007",
				"u_value":"hours",
				"source":"1"
			}
		],
		"redshift":[
			{
				"value":"0.117835",
				"source":"1"
			}
		],
		"velocity":[
			{
				"value":"33257.6",
				"derived":true,
				"u_value":"km/s",
				"source":"4"
			}
		],
		"photometry":[
			{
				"band":"V",
				"e_magnitude":"0.02",
				"host":true,
				"magnitude":"17.60",
				"telescope":"CSS",
				"source":"1"
			},
			{
				"time":"53568.68622",
				"band":"V",
				"e_magnitude":"0.247",
				"includeshost":true,
				"magnitude":"17.776",
				"telescope":"SSS",
				"u_time":"MJD",
				"source":"1"
			},
			{
				"time":"53568.69272",
				"band":"V",
				"e_magnitude":"0.255",
				"includeshost":true,
				"magnitude":"17.804",
				"telescope":"SSS",
				"u_time":"MJD",
				"source":"1"
			},
			{
				"time":"53568.69955",
				"band":"V",
				"e_magnitude":"0.260",
				"includeshost":true,
				"magnitude":"17.806",
				"telescope":"SSS",
				"u_time":"MJD",
				"source":"1"
			},
			{
				"time":"53568.70616",
				"band":"V",
				"e_magnitude":"0.259",
				"includeshost":true,
				"magnitude":"17.753",
				"telescope":"SSS",
				"u_time":"MJD",
				"source":"1"
			},
			{
				"time":"53590.71915",
				"band":"V",
				"e_magnitude":"0.215",
				"includeshost":true,
				"magnitude":"17.479",
				"telescope":"SSS",
				"u_time":"MJD",
				"source":"1"
			},
			{
				"time":"53590.73197",
				"band":"V",
				"e_magnitude":"0.228",
				"includeshost":true,
				"magnitude":"17.601",
				"telescope":"SSS",
				"u_time":"MJD",
				"source":"1"
			},
			{
				"time":"53590.74387",
				"band":"V",
				"e_magnitude":"0.230",
				"includeshost":true,
				"magnitude":"17.628",
				"telescope":"SSS",
				"u_time":"MJD",
				"source":"1"
			},
			{
				"time":"53590.75589",
				"band":"V",
				"e_magnitude":"0.221",
				"includeshost":true,
				"magnitude":"17.532",
				"telescope":"SSS",
				"u_time":"MJD",
				"source":"1"
			},
			{
				"time":"53609.76497",
				"band":"V",
				"e_magnitude":"0.227",
				"includeshost":true,
				"magnitude":"17.556",
				"telescope":"SSS",
				"u_time":"MJD",
				"source":"1"
			},
			{
				"time":"53609.77599",
				"band":"V",
				"e_magnitude":"0.243",
				"includeshost":true,
				"magnitude":"17.685",
				"telescope":"SSS",
				"u_time":"MJD",
				"source":"1"
			},
			{
				"time":"53609.78728",
				"band":"V",
				"e_magnitude":"0.249",
				"includeshost":true,
				"magnitude":"17.723",
				"telescope":"SSS",
				"u_time":"MJD",
				"source":"1"
			},
			{
				"time":"53609.79830",
				"band":"V",
				"e_magnitude":"0.219",
				"includeshost":true,
				"magnitude":"17.467",
				"telescope":"SSS",
				"u_time":"MJD",
				"source":"1"
			},
			{
				"time":"53628.55340",
				"band":"V",
				"e_magnitude":"0.193",
				"includeshost":true,
				"magnitude":"17.790",
				"telescope":"SSS",
				"u_time":"MJD",
				"source":"1"
			},
			{
				"time":"53628.56157",
				"band":"V",
				"e_magnitude":"0.259",
				"includeshost":true,
				"magnitude":"17.996",
				"telescope":"SSS",
				"u_time":"MJD",
				"source":"1"
			},
			{
				"time":"53654.39493",
				"band":"V",
				"e_magnitude":"0.215",
				"includeshost":true,
				"magnitude":"17.715",
				"telescope":"SSS",
				"u_time":"MJD",
				"source":"1"
			},
			{
				"time":"53654.40159",
				"band":"V",
				"e_magnitude":"0.215",
				"includeshost":true,
				"magnitude":"17.724",
				"telescope":"SSS",
				"u_time":"MJD",
				"source":"1"
			},
			{
				"time":"53654.40821",
				"band":"V",
				"e_magnitude":"0.211",
				"includeshost":true,
				"magnitude":"17.690",
				"telescope":"SSS",
				"u_time":"MJD",
				"source":"1"
			},
			{
				"time":"53654.41485",
				"band":"V",
				"e_magnitude":"0.207",
				"includeshost":true,
				"magnitude":"17.660",
				"telescope":"SSS",
				"u_time":"MJD",
				"source":"1"
			},
			{
				"time":"53673.22099",
				"band":"V",
				"e_magnitude":"0.106",
				"includeshost":true,
				"magnitude":"17.748",
				"telescope":"CSS",
				"u_time":"MJD",
				"source":"1"
			},
			{
				"time":"53673.22698",
				"band":"V",
				"e_magnitude":"0.100",
				"includeshost":true,
				"magnitude":"17.579",
				"telescope":"CSS",
				"u_time":"MJD",
				"source":"1"
			},
			{
				"time":"53673.23299",
				"band":"V",
				"e_magnitude":"0.101",
				"includeshost":true,
				"magnitude":"17.602",
				"telescope":"CSS",
				"u_time":"MJD",
				"source":"1"
			},
			{
				"time":"53673.23898",
				"band":"V",
				"e_magnitude":"0.094",
				"includeshost":true,
				"magnitude":"17.386",
				"telescope":"CSS",
				"u_time":"MJD",
				"source":"1"
			},
			{
				"time":"53680.21773",
				"band":"V",
				"e_magnitude":"0.095",
				"includeshost":true,
				"magnitude":"17.439",
				"telescope":"CSS",
				"u_time":"MJD",
				"source":"1"
			},
			{
				"time":"53680.22415",
				"band":"V",
				"e_magnitude":"0.100",
				"includeshost":true,
				"magnitude":"17.589",
				"telescope":"CSS",
				"u_time":"MJD",
				"source":"1"
			},
			{
				"time":"53680.23063",
				"band":"V",
				"e_magnitude":"0.099",
				"includeshost":true,
				"magnitude":"17.563",
				"telescope":"CSS",
				"u_time":"MJD",
				"source":"1"
			},
			{
				"time":"53680.23709",
				"band":"V",
				"e_magnitude":"0.099",
				"includeshost":true,
				"magnitude":"17.559",
				"telescope":"CSS",
				"u_time":"MJD",
				"source":"1"
			},
			{
				"time":"53712.13755",
				"band":"V",
				"e_magnitude":"0.091",
				"includeshost":true,
				"magnitude":"17.268",
				"telescope":"CSS",
				"u_time":"MJD",
				"source":"1"
			},
			{
				"time":"53712.14178",
				"band":"V",
				"e_magnitude":"0.092",
				"includeshost":true,
				"magnitude":"17.294",
				"telescope":"CSS",
				"u_time":"MJD",
				"source":"1"
			},
			{
				"time":"53712.14606",
				"band":"V",
				"e_magnitude":"0.097",
				"includeshost":true,
				"magnitude":"17.447",
				"telescope":"CSS",
				"u_time":"MJD",
				"source":"1"
			},
			{
				"time":"53712.15034",
				"band":"V",
				"e_magnitude":"0.090",
				"includeshost":true,
				"magnitude":"17.204",
				"telescope":"CSS",
				"u_time":"MJD",
				"source":"1"
			},
			{
				"time":"53735.50122",
				"band":"V",
				"e_magnitude":"0.201",
				"includeshost":true,
				"magnitude":"17.424",
				"telescope":"SSS",
				"u_time":"MJD",
				"source":"1"
			},
			{
				"time":"53735.50893",
				"band":"V",
				"e_magnitude":"0.211",
				"includeshost":true,
				"magnitude":"17.514",
				"telescope":"SSS",
				"u_time":"MJD",
				"source":"1"
			},
			{
				"time":"53735.51665",
				"band":"V",
				"e_magnitude":"0.217",
				"includeshost":true,
				"magnitude":"17.558",
				"telescope":"SSS",
				"u_time":"MJD",
				"source":"1"
			},
			{
				"time":"53735.52437",
				"band":"V",
				"e_magnitude":"0.207",
				"includeshost":true,
				"magnitude":"17.438",
				"telescope":"SSS",
				"u_time":"MJD",
				"source":"1"
			},
			{
				"time":"53903.78404",
				"band":"V",
				"e_magnitude":"0.164",
				"includeshost":true,
				"magnitude":"17.625",
				"telescope":"SSS",
				"u_time":"MJD",
				"source":"1"
			},
			{
				"time":"53903.79593",
				"band":"V",
				"e_magnitude":"0.148",
				"includeshost":true,
				"magnitude":"17.405",
				"telescope":"SSS",
				"u_time":"MJD",
				"source":"1"
			},
			{
				"time":"53903.80603",
				"band":"V",
				"e_magnitude":"0.160",
				"includeshost":true,
				"magnitude":"17.584",
				"telescope":"SSS",
				"u_time":"MJD",
				"source":"1"
			},
			{
				"time":"53903.81621",
				"band":"V",
				"e_magnitude":"0.163",
				"includeshost":true,
				"magnitude":"17.631",
				"telescope":"SSS",
				"u_time":"MJD",
				"source":"1"
			},
			{
				"time":"53946.74849",
				"band":"V",
				"e_magnitude":"0.167",
				"includeshost":true,
				"magnitude":"17.664",
				"telescope":"SSS",
				"u_time":"MJD",
				"source":"1"
			},
			{
				"time":"53946.76212",
				"band":"V",
				"e_magnitude":"0.173",
				"includeshost":true,
				"magnitude":"17.733",
				"telescope":"SSS",
				"u_time":"MJD",
				"source":"1"
			},
			{
				"time":"53946.77524",
				"band":"V",
				"e_magnitude":"0.164",
				"includeshost":true,
				"magnitude":"17.627",
				"telescope":"SSS",
				"u_time":"MJD",
				"source":"1"
			},
			{
				"time":"53946.78842",
				"band":"V",
				"e_magnitude":"0.159",
				"includeshost":true,
				"magnitude":"17.554",
				"telescope":"SSS",
				"u_time":"MJD",
				"source":"1"
			},
			{
				"time":"54005.29661",
				"band":"V",
				"e_magnitude":"0.091",
				"includeshost":true,
				"magnitude":"17.405",
				"telescope":"CSS",
				"u_time":"MJD",
				"source":"1"
			},
			{
				"time":"54005.30303",
				"band":"V",
				"e_magnitude":"0.097",
				"includeshost":true,
				"magnitude":"17.589",
				"telescope":"CSS",
				"u_time":"MJD",
				"source":"1"
			},
			{
				"time":"54005.30944",
				"band":"V",
				"e_magnitude":"0.096",
				"includeshost":true,
				"magnitude":"17.583",
				"telescope":"CSS",
				"u_time":"MJD",
				"source":"1"
			},
			{
				"time":"54005.31589",
				"band":"V",
				"e_magnitude":"0.096",
				"includeshost":true,
				"magnitude":"17.567",
				"telescope":"CSS",
				"u_time":"MJD",
				"source":"1"
			},
			{
				"time":"54011.57014",
				"band":"V",
				"e_magnitude":"0.228",
				"includeshost":true,
				"magnitude":"17.861",
				"telescope":"SSS",
				"u_time":"MJD",
				"source":"1"
			},
			{
				"time":"54011.58147",
				"band":"V",
				"e_magnitude":"0.209",
				"includeshost":true,
				"magnitude":"17.671",
				"telescope":"SSS",
				"u_time":"MJD",
				"source":"1"
			},
			{
				"time":"54011.59278",
				"band":"V",
				"e_magnitude":"0.191",
				"includeshost":true,
				"magnitude":"17.481",
				"telescope":"SSS",
				"u_time":"MJD",
				"source":"1"
			},
			{
				"time":"54011.60371",
				"band":"V",
				"e_magnitude":"0.211",
				"includeshost":true,
				"magnitude":"17.703",
				"telescope":"SSS",
				"u_time":"MJD",
				"source":"1"
			},
			{
				"time":"54020.55779",
				"band":"V",
				"e_magnitude":"0.208",
				"includeshost":true,
				"magnitude":"17.657",
				"telescope":"SSS",
				"u_time":"MJD",
				"source":"1"
			},
			{
				"time":"54020.56642",
				"band":"V",
				"e_magnitude":"0.200",
				"includeshost":true,
				"magnitude":"17.581",
				"telescope":"SSS",
				"u_time":"MJD",
				"source":"1"
			},
			{
				"time":"54020.57505",
				"band":"V",
				"e_magnitude":"0.208",
				"includeshost":true,
				"magnitude":"17.681",
				"telescope":"SSS",
				"u_time":"MJD",
				"source":"1"
			},
			{
				"time":"54020.58367",
				"band":"V",
				"e_magnitude":"0.215",
				"includeshost":true,
				"magnitude":"17.727",
				"telescope":"SSS",
				"u_time":"MJD",
				"source":"1"
			},
			{
				"time":"54039.21080",
				"band":"V",
				"e_magnitude":"0.098",
				"includeshost":true,
				"magnitude":"17.627",
				"telescope":"CSS",
				"u_time":"MJD",
				"source":"1"
			},
			{
				"time":"54039.21727",
				"band":"V",
				"e_magnitude":"0.094",
				"includeshost":true,
				"magnitude":"17.514",
				"telescope":"CSS",
				"u_time":"MJD",
				"source":"1"
			},
			{
				"time":"54039.22373",
				"band":"V",
				"e_magnitude":"0.092",
				"includeshost":true,
				"magnitude":"17.432",
				"telescope":"CSS",
				"u_time":"MJD",
				"source":"1"
			},
			{
				"time":"54054.50610",
				"band":"V",
				"e_magnitude":"0.207",
				"includeshost":true,
				"magnitude":"17.606",
				"telescope":"SSS",
				"u_time":"MJD",
				"source":"1"
			},
			{
				"time":"54054.51219",
				"band":"V",
				"e_magnitude":"0.257",
				"includeshost":true,
				"magnitude":"17.735",
				"telescope":"SSS",
				"u_time":"MJD",
				"source":"1"
			},
			{
				"time":"54054.51846",
				"band":"V",
				"e_magnitude":"0.219",
				"includeshost":true,
				"magnitude":"17.163",
				"telescope":"SSS",
				"u_time":"MJD",
				"source":"1"
			},
			{
				"time":"54054.52455",
				"band":"V",
				"e_magnitude":"0.200",
				"includeshost":true,
				"magnitude":"17.567",
				"telescope":"SSS",
				"u_time":"MJD",
				"source":"1"
			},
			{
				"time":"54066.16235",
				"band":"V",
				"e_magnitude":"0.096",
				"includeshost":true,
				"magnitude":"17.559",
				"telescope":"CSS",
				"u_time":"MJD",
				"source":"1"
			},
			{
				"time":"54066.17234",
				"band":"V",
				"e_magnitude":"0.096",
				"includeshost":true,
				"magnitude":"17.418",
				"telescope":"CSS",
				"u_time":"MJD",
				"source":"1"
			},
			{
				"time":"54066.19418",
				"band":"V",
				"e_magnitude":"0.092",
				"includeshost":true,
				"magnitude":"17.385",
				"telescope":"CSS",
				"u_time":"MJD",
				"source":"1"
			},
			{
				"time":"54066.21182",
				"band":"V",
				"e_magnitude":"0.094",
				"includeshost":true,
				"magnitude":"17.476",
				"telescope":"CSS",
				"u_time":"MJD",
				"source":"1"
			},
			{
				"time":"54113.42668",
				"band":"V",
				"e_magnitude":"0.329",
				"includeshost":true,
				"magnitude":"18.000",
				"telescope":"SSS",
				"u_time":"MJD",
				"source":"1"
			},
			{
				"time":"54113.43391",
				"band":"V",
				"e_magnitude":"0.357",
				"includeshost":true,
				"magnitude":"17.944",
				"telescope":"SSS",
				"u_time":"MJD",
				"source":"1"
			},
			{
				"time":"54113.44117",
				"band":"V",
				"e_magnitude":"0.347",
				"includeshost":true,
				"magnitude":"17.768",
				"telescope":"SSS",
				"u_time":"MJD",
				"source":"1"
			},
			{
				"time":"54113.44842",
				"band":"V",
				"e_magnitude":"0.325",
				"includeshost":true,
				"magnitude":"17.750",
				"telescope":"SSS",
				"u_time":"MJD",
				"source":"1"
			},
			{
				"time":"54301.74027",
				"band":"V",
				"e_magnitude":"0.167",
				"includeshost":true,
				"magnitude":"17.650",
				"telescope":"SSS",
				"u_time":"MJD",
				"source":"1"
			},
			{
				"time":"54301.75317",
				"band":"V",
				"e_magnitude":"0.171",
				"includeshost":true,
				"magnitude":"17.711",
				"telescope":"SSS",
				"u_time":"MJD",
				"source":"1"
			},
			{
				"time":"54301.76625",
				"band":"V",
				"e_magnitude":"0.167",
				"includeshost":true,
				"magnitude":"17.650",
				"telescope":"SSS",
				"u_time":"MJD",
				"source":"1"
			},
			{
				"time":"54301.77936",
				"band":"V",
				"e_magnitude":"0.159",
				"includeshost":true,
				"magnitude":"17.555",
				"telescope":"SSS",
				"u_time":"MJD",
				"source":"1"
			},
			{
				"time":"54325.66081",
				"band":"V",
				"e_magnitude":"0.164",
				"includeshost":true,
				"magnitude":"17.633",
				"telescope":"SSS",
				"u_time":"MJD",
				"source":"1"
			},
			{
				"time":"54325.67596",
				"band":"V",
				"e_magnitude":"0.156",
				"includeshost":true,
				"magnitude":"17.524",
				"telescope":"SSS",
				"u_time":"MJD",
				"source":"1"
			},
			{
				"time":"54325.69115",
				"band":"V",
				"e_magnitude":"0.165",
				"includeshost":true,
				"magnitude":"17.633",
				"telescope":"SSS",
				"u_time":"MJD",
				"source":"1"
			},
			{
				"time":"54325.70614",
				"band":"V",
				"e_magnitude":"0.159",
				"includeshost":true,
				"magnitude":"17.552",
				"telescope":"SSS",
				"u_time":"MJD",
				"source":"1"
			},
			{
				"time":"54358.32324",
				"band":"V",
				"e_magnitude":"0.102",
				"includeshost":true,
				"magnitude":"17.650",
				"telescope":"CSS",
				"u_time":"MJD",
				"source":"1"
			},
			{
				"time":"54358.32968",
				"band":"V",
				"e_magnitude":"0.096",
				"includeshost":true,
				"magnitude":"17.472",
				"telescope":"CSS",
				"u_time":"MJD",
				"source":"1"
			},
			{
				"time":"54358.33612",
				"band":"V",
				"e_magnitude":"0.095",
				"includeshost":true,
				"magnitude":"17.434",
				"telescope":"CSS",
				"u_time":"MJD",
				"source":"1"
			},
			{
				"time":"54358.34257",
				"band":"V",
				"e_magnitude":"0.102",
				"includeshost":true,
				"magnitude":"17.661",
				"telescope":"CSS",
				"u_time":"MJD",
				"source":"1"
			},
			{
				"time":"54378.66108",
				"band":"V",
				"e_magnitude":"0.206",
				"includeshost":true,
				"magnitude":"17.605",
				"telescope":"SSS",
				"u_time":"MJD",
				"source":"1"
			},
			{
				"time":"54378.67220",
				"band":"V",
				"e_magnitude":"0.195",
				"includeshost":true,
				"magnitude":"17.487",
				"telescope":"SSS",
				"u_time":"MJD",
				"source":"1"
			},
			{
				"time":"54378.68334",
				"band":"V",
				"e_magnitude":"0.194",
				"includeshost":true,
				"magnitude":"17.473",
				"telescope":"SSS",
				"u_time":"MJD",
				"source":"1"
			},
			{
				"time":"54378.69444",
				"band":"V",
				"e_magnitude":"0.213",
				"includeshost":true,
				"magnitude":"17.669",
				"telescope":"SSS",
				"u_time":"MJD",
				"source":"1"
			},
			{
				"time":"54379.68205",
				"band":"V",
				"e_magnitude":"0.219",
				"includeshost":true,
				"magnitude":"17.656",
				"telescope":"SSS",
				"u_time":"MJD",
				"source":"1"
			},
			{
				"time":"54379.69054",
				"band":"V",
				"e_magnitude":"0.217",
				"includeshost":true,
				"magnitude":"17.580",
				"telescope":"SSS",
				"u_time":"MJD",
				"source":"1"
			},
			{
				"time":"54379.69902",
				"band":"V",
				"e_magnitude":"0.233",
				"includeshost":true,
				"magnitude":"17.749",
				"telescope":"SSS",
				"u_time":"MJD",
				"source":"1"
			},
			{
				"time":"54379.70749",
				"band":"V",
				"e_magnitude":"0.248",
				"includeshost":true,
				"magnitude":"17.565",
				"telescope":"SSS",
				"u_time":"MJD",
				"source":"1"
			},
			{
				"time":"54385.26279",
				"band":"V",
				"e_magnitude":"0.099",
				"includeshost":true,
				"magnitude":"17.662",
				"telescope":"CSS",
				"u_time":"MJD",
				"source":"1"
			},
			{
				"time":"54385.27014",
				"band":"V",
				"e_magnitude":"0.098",
				"includeshost":true,
				"magnitude":"17.631",
				"telescope":"CSS",
				"u_time":"MJD",
				"source":"1"
			},
			{
				"time":"54385.27753",
				"band":"V",
				"e_magnitude":"0.097",
				"includeshost":true,
				"magnitude":"17.622",
				"telescope":"CSS",
				"u_time":"MJD",
				"source":"1"
			},
			{
				"time":"54385.28492",
				"band":"V",
				"e_magnitude":"0.096",
				"includeshost":true,
				"magnitude":"17.580",
				"telescope":"CSS",
				"u_time":"MJD",
				"source":"1"
			},
			{
				"time":"54393.55785",
				"band":"V",
				"e_magnitude":"0.219",
				"includeshost":true,
				"magnitude":"17.664",
				"telescope":"SSS",
				"u_time":"MJD",
				"source":"1"
			},
			{
				"time":"54393.56634",
				"band":"V",
				"e_magnitude":"0.179",
				"includeshost":true,
				"magnitude":"17.252",
				"telescope":"SSS",
				"u_time":"MJD",
				"source":"1"
			},
			{
				"time":"54393.57487",
				"band":"V",
				"e_magnitude":"0.213",
				"includeshost":true,
				"magnitude":"17.610",
				"telescope":"SSS",
				"u_time":"MJD",
				"source":"1"
			},
			{
				"time":"54393.58337",
				"band":"V",
				"e_magnitude":"0.234",
				"includeshost":true,
				"magnitude":"17.800",
				"telescope":"SSS",
				"u_time":"MJD",
				"source":"1"
			},
			{
				"time":"54475.49734",
				"band":"V",
				"e_magnitude":"0.254",
				"includeshost":true,
				"magnitude":"17.852",
				"telescope":"SSS",
				"u_time":"MJD",
				"source":"1"
			},
			{
				"time":"54475.49999",
				"band":"V",
				"e_magnitude":"0.185",
				"includeshost":true,
				"magnitude":"17.204",
				"telescope":"SSS",
				"u_time":"MJD",
				"source":"1"
			},
			{
				"time":"54475.50272",
				"band":"V",
				"e_magnitude":"0.254",
				"includeshost":true,
				"magnitude":"17.836",
				"telescope":"SSS",
				"u_time":"MJD",
				"source":"1"
			},
			{
				"time":"54475.50539",
				"band":"V",
				"e_magnitude":"0.218",
				"includeshost":true,
				"magnitude":"17.535",
				"telescope":"SSS",
				"u_time":"MJD",
				"source":"1"
			},
			{
				"time":"54492.46151",
				"band":"V",
				"e_magnitude":"0.230",
				"includeshost":true,
				"magnitude":"17.637",
				"telescope":"SSS",
				"u_time":"MJD",
				"source":"1"
			},
			{
				"time":"54492.46557",
				"band":"V",
				"e_magnitude":"0.240",
				"includeshost":true,
				"magnitude":"17.722",
				"telescope":"SSS",
				"u_time":"MJD",
				"source":"1"
			},
			{
				"time":"54492.46969",
				"band":"V",
				"e_magnitude":"0.199",
				"includeshost":true,
				"magnitude":"17.374",
				"telescope":"SSS",
				"u_time":"MJD",
				"source":"1"
			},
			{
				"time":"54492.47376",
				"band":"V",
				"e_magnitude":"0.263",
				"includeshost":true,
				"magnitude":"17.734",
				"telescope":"SSS",
				"u_time":"MJD",
				"source":"1"
			},
			{
				"time":"54646.73653",
				"band":"V",
				"e_magnitude":"0.179",
				"includeshost":true,
				"magnitude":"17.630",
				"telescope":"SSS",
				"u_time":"MJD",
				"source":"1"
			},
			{
				"time":"54646.74519",
				"band":"V",
				"e_magnitude":"0.171",
				"includeshost":true,
				"magnitude":"17.533",
				"telescope":"SSS",
				"u_time":"MJD",
				"source":"1"
			},
			{
				"time":"54646.75409",
				"band":"V",
				"e_magnitude":"0.172",
				"includeshost":true,
				"magnitude":"17.552",
				"telescope":"SSS",
				"u_time":"MJD",
				"source":"1"
			},
			{
				"time":"54646.76284",
				"band":"V",
				"e_magnitude":"0.184",
				"includeshost":true,
				"magnitude":"17.697",
				"telescope":"SSS",
				"u_time":"MJD",
				"source":"1"
			},
			{
				"time":"54701.77453",
				"band":"V",
				"e_magnitude":"0.145",
				"includeshost":true,
				"magnitude":"17.618",
				"telescope":"SSS",
				"u_time":"MJD",
				"source":"1"
			},
			{
				"time":"54701.78276",
				"band":"V",
				"e_magnitude":"0.142",
				"includeshost":true,
				"magnitude":"17.561",
				"telescope":"SSS",
				"u_time":"MJD",
				"source":"1"
			},
			{
				"time":"54701.79103",
				"band":"V",
				"e_magnitude":"0.153",
				"includeshost":true,
				"magnitude":"17.734",
				"telescope":"SSS",
				"u_time":"MJD",
				"source":"1"
			},
			{
				"time":"54701.79934",
				"band":"V",
				"e_magnitude":"0.147",
				"includeshost":true,
				"magnitude":"17.650",
				"telescope":"SSS",
				"u_time":"MJD",
				"source":"1"
			},
			{
				"time":"54719.60684",
				"band":"V",
				"e_magnitude":"0.152",
				"includeshost":true,
				"magnitude":"17.711",
				"telescope":"SSS",
				"u_time":"MJD",
				"source":"1"
			},
			{
				"time":"54719.61251",
				"band":"V",
				"e_magnitude":"0.157",
				"includeshost":true,
				"magnitude":"17.775",
				"telescope":"SSS",
				"u_time":"MJD",
				"source":"1"
			},
			{
				"time":"54719.61818",
				"band":"V",
				"e_magnitude":"0.147",
				"includeshost":true,
				"magnitude":"17.631",
				"telescope":"SSS",
				"u_time":"MJD",
				"source":"1"
			},
			{
				"time":"54719.62384",
				"band":"V",
				"e_magnitude":"0.147",
				"includeshost":true,
				"magnitude":"17.640",
				"telescope":"SSS",
				"u_time":"MJD",
				"source":"1"
			},
			{
				"time":"54737.66372",
				"band":"V",
				"e_magnitude":"0.124",
				"includeshost":true,
				"magnitude":"17.524",
				"telescope":"SSS",
				"u_time":"MJD",
				"source":"1"
			},
			{
				"time":"54737.67962",
				"band":"V",
				"e_magnitude":"0.125",
				"includeshost":true,
				"magnitude":"17.552",
				"telescope":"SSS",
				"u_time":"MJD",
				"source":"1"
			},
			{
				"time":"54737.69559",
				"band":"V",
				"e_magnitude":"0.134",
				"includeshost":true,
				"magnitude":"17.722",
				"telescope":"SSS",
				"u_time":"MJD",
				"source":"1"
			},
			{
				"time":"54737.71165",
				"band":"V",
				"e_magnitude":"0.127",
				"includeshost":true,
				"magnitude":"17.572",
				"telescope":"SSS",
				"u_time":"MJD",
				"source":"1"
			},
			{
				"time":"54765.61724",
				"band":"V",
				"e_magnitude":"0.217",
				"includeshost":true,
				"magnitude":"17.743",
				"telescope":"SSS",
				"u_time":"MJD",
				"source":"1"
			},
			{
				"time":"54765.62868",
				"band":"V",
				"e_magnitude":"0.164",
				"includeshost":true,
				"magnitude":"17.677",
				"telescope":"SSS",
				"u_time":"MJD",
				"source":"1"
			},
			{
				"time":"54765.64013",
				"band":"V",
				"e_magnitude":"0.148",
				"includeshost":true,
				"magnitude":"17.427",
				"telescope":"SSS",
				"u_time":"MJD",
				"source":"1"
			},
			{
				"time":"54765.65158",
				"band":"V",
				"e_magnitude":"0.162",
				"includeshost":true,
				"magnitude":"17.634",
				"telescope":"SSS",
				"u_time":"MJD",
				"source":"1"
			},
			{
				"time":"54794.18505",
				"band":"V",
				"e_magnitude":"0.109",
				"includeshost":true,
				"magnitude":"17.694",
				"telescope":"CSS",
				"u_time":"MJD",
				"source":"1"
			},
			{
				"time":"54794.19054",
				"band":"V",
				"e_magnitude":"0.100",
				"includeshost":true,
				"magnitude":"17.470",
				"telescope":"CSS",
				"u_time":"MJD",
				"source":"1"
			},
			{
				"time":"54794.19596",
				"band":"V",
				"e_magnitude":"0.098",
				"includeshost":true,
				"magnitude":"17.405",
				"telescope":"CSS",
				"u_time":"MJD",
				"source":"1"
			},
			{
				"time":"54794.20144",
				"band":"V",
				"e_magnitude":"0.102",
				"includeshost":true,
				"magnitude":"17.534",
				"telescope":"CSS",
				"u_time":"MJD",
				"source":"1"
			},
			{
				"time":"54861.43567",
				"band":"V",
				"e_magnitude":"0.185",
				"includeshost":true,
				"magnitude":"17.520",
				"telescope":"SSS",
				"u_time":"MJD",
				"source":"1"
			},
			{
				"time":"54861.43944",
				"band":"V",
				"e_magnitude":"0.195",
				"includeshost":true,
				"magnitude":"17.622",
				"telescope":"SSS",
				"u_time":"MJD",
				"source":"1"
			},
			{
				"time":"54861.44321",
				"band":"V",
				"e_magnitude":"0.214",
				"includeshost":true,
				"magnitude":"17.813",
				"telescope":"SSS",
				"u_time":"MJD",
				"source":"1"
			},
			{
				"time":"54861.44697",
				"band":"V",
				"e_magnitude":"0.194",
				"includeshost":true,
				"magnitude":"17.603",
				"telescope":"SSS",
				"u_time":"MJD",
				"source":"1"
			},
			{
				"time":"55031.67854",
				"band":"V",
				"e_magnitude":"0.203",
				"includeshost":true,
				"magnitude":"17.721",
				"telescope":"SSS",
				"u_time":"MJD",
				"source":"1"
			},
			{
				"time":"55031.68628",
				"band":"V",
				"e_magnitude":"0.180",
				"includeshost":true,
				"magnitude":"17.472",
				"telescope":"SSS",
				"u_time":"MJD",
				"source":"1"
			},
			{
				"time":"55031.69404",
				"band":"V",
				"e_magnitude":"0.201",
				"includeshost":true,
				"magnitude":"17.706",
				"telescope":"SSS",
				"u_time":"MJD",
				"source":"1"
			},
			{
				"time":"55031.70172",
				"band":"V",
				"e_magnitude":"0.185",
				"includeshost":true,
				"magnitude":"17.535",
				"telescope":"SSS",
				"u_time":"MJD",
				"source":"1"
			},
			{
				"time":"55091.31954",
				"band":"V",
				"e_magnitude":"0.099",
				"includeshost":true,
				"magnitude":"17.587",
				"telescope":"CSS",
				"u_time":"MJD",
				"source":"1"
			},
			{
				"time":"55091.32497",
				"band":"V",
				"e_magnitude":"0.097",
				"includeshost":true,
				"magnitude":"17.507",
				"telescope":"CSS",
				"u_time":"MJD",
				"source":"1"
			},
			{
				"time":"55091.33043",
				"band":"V",
				"e_magnitude":"0.095",
				"includeshost":true,
				"magnitude":"17.452",
				"telescope":"CSS",
				"u_time":"MJD",
				"source":"1"
			},
			{
				"time":"55091.33595",
				"band":"V",
				"e_magnitude":"0.097",
				"includeshost":true,
				"magnitude":"17.526",
				"telescope":"CSS",
				"u_time":"MJD",
				"source":"1"
			},
			{
				"time":"55098.38331",
				"band":"V",
				"e_magnitude":"0.095",
				"includeshost":true,
				"magnitude":"17.437",
				"telescope":"CSS",
				"u_time":"MJD",
				"source":"1"
			},
			{
				"time":"55098.38990",
				"band":"V",
				"e_magnitude":"0.100",
				"includeshost":true,
				"magnitude":"17.607",
				"telescope":"CSS",
				"u_time":"MJD",
				"source":"1"
			},
			{
				"time":"55098.39666",
				"band":"V",
				"e_magnitude":"0.093",
				"includeshost":true,
				"magnitude":"17.358",
				"telescope":"CSS",
				"u_time":"MJD",
				"source":"1"
			},
			{
				"time":"55098.40352",
				"band":"V",
				"e_magnitude":"0.102",
				"includeshost":true,
				"magnitude":"17.653",
				"telescope":"CSS",
				"u_time":"MJD",
				"source":"1"
			},
			{
				"time":"55122.27398",
				"band":"V",
				"e_magnitude":"0.101",
				"includeshost":true,
				"magnitude":"17.631",
				"telescope":"CSS",
				"u_time":"MJD",
				"source":"1"
			},
			{
				"time":"55122.28123",
				"band":"V",
				"e_magnitude":"0.094",
				"includeshost":true,
				"magnitude":"17.407",
				"telescope":"CSS",
				"u_time":"MJD",
				"source":"1"
			},
			{
				"time":"55122.28864",
				"band":"V",
				"e_magnitude":"0.092",
				"includeshost":true,
				"magnitude":"17.351",
				"telescope":"CSS",
				"u_time":"MJD",
				"source":"1"
			},
			{
				"time":"55122.29592",
				"band":"V",
				"e_magnitude":"0.099",
				"includeshost":true,
				"magnitude":"17.579",
				"telescope":"CSS",
				"u_time":"MJD",
				"source":"1"
			},
			{
				"time":"55122.55499",
				"band":"V",
				"e_magnitude":"0.140",
				"includeshost":true,
				"magnitude":"17.524",
				"telescope":"SSS",
				"u_time":"MJD",
				"source":"1"
			},
			{
				"time":"55122.56346",
				"band":"V",
				"e_magnitude":"0.145",
				"includeshost":true,
				"magnitude":"17.598",
				"telescope":"SSS",
				"u_time":"MJD",
				"source":"1"
			},
			{
				"time":"55122.57927",
				"band":"V",
				"e_magnitude":"0.145",
				"includeshost":true,
				"magnitude":"17.604",
				"telescope":"SSS",
				"u_time":"MJD",
				"source":"1"
			},
			{
				"time":"55122.58777",
				"band":"V",
				"e_magnitude":"0.151",
				"includeshost":true,
				"magnitude":"17.696",
				"telescope":"SSS",
				"u_time":"MJD",
				"source":"1"
			},
			{
				"time":"55128.62191",
				"band":"V",
				"e_magnitude":"0.152",
				"includeshost":true,
				"magnitude":"17.682",
				"telescope":"SSS",
				"u_time":"MJD",
				"source":"1"
			},
			{
				"time":"55128.63310",
				"band":"V",
				"e_magnitude":"0.162",
				"includeshost":true,
				"magnitude":"17.820",
				"telescope":"SSS",
				"u_time":"MJD",
				"source":"1"
			},
			{
				"time":"55128.64431",
				"band":"V",
				"e_magnitude":"0.155",
				"includeshost":true,
				"magnitude":"17.598",
				"telescope":"SSS",
				"u_time":"MJD",
				"source":"1"
			},
			{
				"time":"55128.65549",
				"band":"V",
				"e_magnitude":"0.172",
				"includeshost":true,
				"magnitude":"17.805",
				"telescope":"SSS",
				"u_time":"MJD",
				"source":"1"
			},
			{
				"time":"55152.22347",
				"band":"V",
				"e_magnitude":"0.096",
				"includeshost":true,
				"magnitude":"17.523",
				"telescope":"CSS",
				"u_time":"MJD",
				"source":"1"
			},
			{
				"time":"55152.23009",
				"band":"V",
				"e_magnitude":"0.095",
				"includeshost":true,
				"magnitude":"17.484",
				"telescope":"CSS",
				"u_time":"MJD",
				"source":"1"
			},
			{
				"time":"55152.23674",
				"band":"V",
				"e_magnitude":"0.096",
				"includeshost":true,
				"magnitude":"17.495",
				"telescope":"CSS",
				"u_time":"MJD",
				"source":"1"
			},
			{
				"time":"55152.24343",
				"band":"V",
				"e_magnitude":"0.094",
				"includeshost":true,
				"magnitude":"17.421",
				"telescope":"CSS",
				"u_time":"MJD",
				"source":"1"
			},
			{
				"time":"55160.19277",
				"band":"V",
				"e_magnitude":"0.095",
				"includeshost":true,
				"magnitude":"17.503",
				"telescope":"CSS",
				"u_time":"MJD",
				"source":"1"
			},
			{
				"time":"55160.20060",
				"band":"V",
				"e_magnitude":"0.098",
				"includeshost":true,
				"magnitude":"17.591",
				"telescope":"CSS",
				"u_time":"MJD",
				"source":"1"
			},
			{
				"time":"55160.20848",
				"band":"V",
				"e_magnitude":"0.102",
				"includeshost":true,
				"magnitude":"17.703",
				"telescope":"CSS",
				"u_time":"MJD",
				"source":"1"
			},
			{
				"time":"55160.21626",
				"band":"V",
				"e_magnitude":"0.097",
				"includeshost":true,
				"magnitude":"17.557",
				"telescope":"CSS",
				"u_time":"MJD",
				"source":"1"
			},
			{
				"time":"55219.46416",
				"band":"V",
				"e_magnitude":"0.208",
				"includeshost":true,
				"magnitude":"17.548",
				"telescope":"SSS",
				"u_time":"MJD",
				"source":"1"
			},
			{
				"time":"55219.46787",
				"band":"V",
				"e_magnitude":"0.210",
				"includeshost":true,
				"magnitude":"17.519",
				"telescope":"SSS",
				"u_time":"MJD",
				"source":"1"
			},
			{
				"time":"55219.47160",
				"band":"V",
				"e_magnitude":"0.212",
				"includeshost":true,
				"magnitude":"17.554",
				"telescope":"SSS",
				"u_time":"MJD",
				"source":"1"
			},
			{
				"time":"55219.47535",
				"band":"V",
				"e_magnitude":"0.242",
				"includeshost":true,
				"magnitude":"17.807",
				"telescope":"SSS",
				"u_time":"MJD",
				"source":"1"
			},
			{
				"time":"55372.79029",
				"band":"W1",
				"e_magnitude":"0.034",
				"host":true,
				"instrument":"UVOT",
				"magnitude":"12.935",
				"system":"Vega",
				"telescope":"WISE",
				"u_time":"MJD",
				"source":"1"
			},
			{
				"time":"55372.79029",
				"band":"W2",
				"e_magnitude":"0.027",
				"host":true,
				"instrument":"UVOT",
				"magnitude":"11.206",
				"system":"Vega",
				"telescope":"WISE",
				"u_time":"MJD",
				"source":"1"
			},
			{
				"time":"55372.92259",
				"band":"W1",
				"e_magnitude":"0.035",
				"host":true,
				"instrument":"UVOT",
				"magnitude":"12.908",
				"system":"Vega",
				"telescope":"WISE",
				"u_time":"MJD",
				"source":"1"
			},
			{
				"time":"55372.92259",
				"band":"W2",
				"e_magnitude":"0.026",
				"host":true,
				"instrument":"UVOT",
				"magnitude":"11.218",
				"system":"Vega",
				"telescope":"WISE",
				"u_time":"MJD",
				"source":"1"
			},
			{
				"time":"55373.05490",
				"band":"W1",
				"e_magnitude":"0.032",
				"host":true,
				"instrument":"UVOT",
				"magnitude":"12.879",
				"system":"Vega",
				"telescope":"WISE",
				"u_time":"MJD",
				"source":"1"
			},
			{
				"time":"55373.05490",
				"band":"W2",
				"e_magnitude":"0.027",
				"host":true,
				"instrument":"UVOT",
				"magnitude":"11.246",
				"system":"Vega",
				"telescope":"WISE",
				"u_time":"MJD",
				"source":"1"
			},
			{
				"time":"55373.12111",
				"band":"W1",
				"e_magnitude":"0.035",
				"host":true,
				"instrument":"UVOT",
				"magnitude":"12.944",
				"system":"Vega",
				"telescope":"WISE",
				"u_time":"MJD",
				"source":"1"
			},
			{
				"time":"55373.12111",
				"band":"W2",
				"e_magnitude":"0.034",
				"host":true,
				"instrument":"UVOT",
				"magnitude":"11.266",
				"system":"Vega",
				"telescope":"WISE",
				"u_time":"MJD",
				"source":"1"
			},
			{
				"time":"55373.51790",
				"band":"W1",
				"e_magnitude":"0.044",
				"host":true,
				"instrument":"UVOT",
				"magnitude":"12.974",
				"system":"Vega",
				"telescope":"WISE",
				"u_time":"MJD",
				"source":"1"
			},
			{
				"time":"55373.51790",
				"band":"W2",
				"e_magnitude":"0.029",
				"host":true,
				"instrument":"UVOT",
				"magnitude":"11.242",
				"system":"Vega",
				"telescope":"WISE",
				"u_time":"MJD",
				"source":"1"
			},
			{
				"time":"55373.51802",
				"band":"W1",
				"e_magnitude":"0.037",
				"host":true,
				"instrument":"UVOT",
				"magnitude":"12.896",
				"system":"Vega",
				"telescope":"WISE",
				"u_time":"MJD",
				"source":"1"
			},
			{
				"time":"55373.51802",
				"band":"W2",
				"e_magnitude":"0.036",
				"host":true,
				"instrument":"UVOT",
				"magnitude":"11.276",
				"system":"Vega",
				"telescope":"WISE",
				"u_time":"MJD",
				"source":"1"
			},
			{
				"time":"55373.65020",
				"band":"W1",
				"e_magnitude":"0.036",
				"host":true,
				"instrument":"UVOT",
				"magnitude":"12.916",
				"system":"Vega",
				"telescope":"WISE",
				"u_time":"MJD",
				"source":"1"
			},
			{
				"time":"55373.65020",
				"band":"W2",
				"e_magnitude":"0.030",
				"host":true,
				"instrument":"UVOT",
				"magnitude":"11.250",
				"system":"Vega",
				"telescope":"WISE",
				"u_time":"MJD",
				"source":"1"
			},
			{
				"time":"55373.65033",
				"band":"W1",
				"e_magnitude":"0.038",
				"host":true,
				"instrument":"UVOT",
				"magnitude":"12.978",
				"system":"Vega",
				"telescope":"WISE",
				"u_time":"MJD",
				"source":"1"
			},
			{
				"time":"55373.65033",
				"band":"W2",
				"e_magnitude":"0.027",
				"host":true,
				"instrument":"UVOT",
				"magnitude":"11.219",
				"system":"Vega",
				"telescope":"WISE",
				"u_time":"MJD",
				"source":"1"
			},
			{
				"time":"55373.78250",
				"band":"W1",
				"e_magnitude":"0.036",
				"host":true,
				"instrument":"UVOT",
				"magnitude":"12.846",
				"system":"Vega",
				"telescope":"WISE",
				"u_time":"MJD",
				"source":"1"
			},
			{
				"time":"55373.78250",
				"band":"W2",
				"e_magnitude":"0.029",
				"host":true,
				"instrument":"UVOT",
				"magnitude":"11.221",
				"system":"Vega",
				"telescope":"WISE",
				"u_time":"MJD",
				"source":"1"
			},
			{
				"time":"55373.91481",
				"band":"W1",
				"e_magnitude":"0.033",
				"host":true,
				"instrument":"UVOT",
				"magnitude":"12.889",
				"system":"Vega",
				"telescope":"WISE",
				"u_time":"MJD",
				"source":"1"
			},
			{
				"time":"55373.91481",
				"band":"W2",
				"e_magnitude":"0.028",
				"host":true,
				"instrument":"UVOT",
				"magnitude":"11.301",
				"system":"Vega",
				"telescope":"WISE",
				"u_time":"MJD",
				"source":"1"
			},
			{
				"time":"55428.74078",
				"band":"V",
				"e_magnitude":"0.114",
				"includeshost":true,
				"magnitude":"17.104",
				"telescope":"SSS",
				"u_time":"MJD",
				"source":"1"
			},
			{
				"time":"55428.75235",
				"band":"V",
				"e_magnitude":"0.113",
				"includeshost":true,
				"magnitude":"17.081",
				"telescope":"SSS",
				"u_time":"MJD",
				"source":"1"
			},
			{
				"time":"55456.37909",
				"band":"V",
				"e_magnitude":"0.094",
				"includeshost":true,
				"magnitude":"17.130",
				"telescope":"CSS",
				"u_time":"MJD",
				"source":"1"
			},
			{
				"time":"55456.39180",
				"band":"V",
				"e_magnitude":"0.095",
				"includeshost":true,
				"magnitude":"17.173",
				"telescope":"CSS",
				"u_time":"MJD",
				"source":"1"
			},
			{
				"time":"55456.39816",
				"band":"V",
				"e_magnitude":"0.091",
				"includeshost":true,
				"magnitude":"17.027",
				"telescope":"CSS",
				"u_time":"MJD",
				"source":"1"
			},
			{
				"time":"55483.28619",
				"band":"V",
				"e_magnitude":"0.091",
				"includeshost":true,
				"magnitude":"17.264",
				"telescope":"CSS",
				"u_time":"MJD",
				"source":"1"
			},
			{
				"time":"55483.30064",
				"band":"V",
				"e_magnitude":"0.089",
				"includeshost":true,
				"magnitude":"17.189",
				"telescope":"CSS",
				"u_time":"MJD",
				"source":"1"
			},
			{
				"time":"55483.30693",
				"band":"V",
				"e_magnitude":"0.089",
				"includeshost":true,
				"magnitude":"17.185",
				"telescope":"CSS",
				"u_time":"MJD",
				"source":"1"
			},
			{
				"time":"55503.27060",
				"band":"V",
				"e_magnitude":"0.086",
				"includeshost":true,
				"magnitude":"17.132",
				"telescope":"CSS",
				"u_time":"MJD",
				"source":"1"
			},
			{
				"time":"55503.28211",
				"band":"V",
				"e_magnitude":"0.088",
				"includeshost":true,
				"magnitude":"17.172",
				"telescope":"CSS",
				"u_time":"MJD",
				"source":"1"
			},
			{
				"time":"55503.28788",
				"band":"V",
				"e_magnitude":"0.087",
				"includeshost":true,
				"magnitude":"17.150",
				"telescope":"CSS",
				"u_time":"MJD",
				"source":"1"
			},
			{
				"time":"55513.19069",
				"band":"V",
				"e_magnitude":"0.088",
				"includeshost":true,
				"magnitude":"17.172",
				"telescope":"CSS",
				"u_time":"MJD",
				"source":"1"
			},
			{
				"time":"55513.20457",
				"band":"V",
				"e_magnitude":"0.090",
				"includeshost":true,
				"magnitude":"17.242",
				"telescope":"CSS",
				"u_time":"MJD",
				"source":"1"
			},
			{
				"time":"55513.21159",
				"band":"V",
				"e_magnitude":"0.089",
				"includeshost":true,
				"magnitude":"17.203",
				"telescope":"CSS",
				"u_time":"MJD",
				"source":"1"
			},
			{
				"time":"55542.11558",
				"band":"V",
				"e_magnitude":"0.092",
				"includeshost":true,
				"magnitude":"17.308",
				"telescope":"CSS",
				"u_time":"MJD",
				"source":"1"
			},
			{
				"time":"55542.12951",
				"band":"V",
				"e_magnitude":"0.090",
				"includeshost":true,
				"magnitude":"17.214",
				"telescope":"CSS",
				"u_time":"MJD",
				"source":"1"
			},
			{
				"time":"55542.13646",
				"band":"V",
				"e_magnitude":"0.085",
				"includeshost":true,
				"magnitude":"17.043",
				"telescope":"CSS",
				"u_time":"MJD",
				"source":"1"
			},
			{
				"time":"55552.18275",
				"band":"W1",
				"e_magnitude":"0.051",
				"host":true,
				"instrument":"UVOT",
				"magnitude":"12.994",
				"system":"Vega",
				"telescope":"WISE",
				"u_time":"MJD",
				"source":"1"
			},
			{
				"time":"55552.18275",
				"band":"W2",
				"e_magnitude":"0.029",
				"host":true,
				"instrument":"UVOT",
				"magnitude":"11.254",
				"system":"Vega",
				"telescope":"WISE",
				"u_time":"MJD",
				"source":"1"
			},
			{
				"time":"55552.18288",
				"band":"W1",
				"e_magnitude":"0.035",
				"host":true,
				"instrument":"UVOT",
				"magnitude":"12.888",
				"system":"Vega",
				"telescope":"WISE",
				"u_time":"MJD",
				"source":"1"
			},
			{
				"time":"55552.18288",
				"band":"W2",
				"e_magnitude":"0.035",
				"host":true,
				"instrument":"UVOT",
				"magnitude":"11.214",
				"system":"Vega",
				"telescope":"WISE",
				"u_time":"MJD",
				"source":"1"
			},
			{
				"time":"55552.31506",
				"band":"W1",
				"e_magnitude":"0.038",
				"host":true,
				"instrument":"UVOT",
				"magnitude":"12.935",
				"system":"Vega",
				"telescope":"WISE",
				"u_time":"MJD",
				"source":"1"
			},
			{
				"time":"55552.31506",
				"band":"W2",
				"e_magnitude":"0.027",
				"host":true,
				"instrument":"UVOT",
				"magnitude":"11.271",
				"system":"Vega",
				"telescope":"WISE",
				"u_time":"MJD",
				"source":"1"
			},
			{
				"time":"55552.44736",
				"band":"W1",
				"e_magnitude":"0.034",
				"host":true,
				"instrument":"UVOT",
				"magnitude":"12.776",
				"system":"Vega",
				"telescope":"WISE",
				"u_time":"MJD",
				"source":"1"
			},
			{
				"time":"55552.44736",
				"band":"W2",
				"e_magnitude":"0.034",
				"host":true,
				"instrument":"UVOT",
				"magnitude":"11.324",
				"system":"Vega",
				"telescope":"WISE",
				"u_time":"MJD",
				"source":"1"
			},
			{
				"time":"55552.57967",
				"band":"W1",
				"e_magnitude":"0.032",
				"host":true,
				"instrument":"UVOT",
				"magnitude":"12.789",
				"system":"Vega",
				"telescope":"WISE",
				"u_time":"MJD",
				"source":"1"
			},
			{
				"time":"55552.57967",
				"band":"W2",
				"e_magnitude":"0.034",
				"host":true,
				"instrument":"UVOT",
				"magnitude":"11.311",
				"system":"Vega",
				"telescope":"WISE",
				"u_time":"MJD",
				"source":"1"
			},
			{
				"time":"55552.64576",
				"band":"W1",
				"e_magnitude":"0.036",
				"host":true,
				"instrument":"UVOT",
				"magnitude":"12.832",
				"system":"Vega",
				"telescope":"WISE",
				"u_time":"MJD",
				"source":"1"
			},
			{
				"time":"55552.64576",
				"band":"W2",
				"e_magnitude":"0.039",
				"host":true,
				"instrument":"UVOT",
				"magnitude":"11.270",
				"system":"Vega",
				"telescope":"WISE",
				"u_time":"MJD",
				"source":"1"
			},
			{
				"time":"55553.04254",
				"band":"W1",
				"e_magnitude":"0.031",
				"host":true,
				"instrument":"UVOT",
				"magnitude":"12.810",
				"system":"Vega",
				"telescope":"WISE",
				"u_time":"MJD",
				"source":"1"
			},
			{
				"time":"55553.04254",
				"band":"W2",
				"e_magnitude":"0.030",
				"host":true,
				"instrument":"UVOT",
				"magnitude":"11.285",
				"system":"Vega",
				"telescope":"WISE",
				"u_time":"MJD",
				"source":"1"
			},
			{
				"time":"55553.17485",
				"band":"W1",
				"e_magnitude":"0.038",
				"host":true,
				"instrument":"UVOT",
				"magnitude":"12.930",
				"system":"Vega",
				"telescope":"WISE",
				"u_time":"MJD",
				"source":"1"
			},
			{
				"time":"55553.17485",
				"band":"W2",
				"e_magnitude":"0.026",
				"host":true,
				"instrument":"UVOT",
				"magnitude":"11.254",
				"system":"Vega",
				"telescope":"WISE",
				"u_time":"MJD",
				"source":"1"
			},
			{
				"time":"55553.30702",
				"band":"W1",
				"e_magnitude":"0.037",
				"host":true,
				"instrument":"UVOT",
				"magnitude":"12.805",
				"system":"Vega",
				"telescope":"WISE",
				"u_time":"MJD",
				"source":"1"
			},
			{
				"time":"55553.30702",
				"band":"W2",
				"e_magnitude":"0.032",
				"host":true,
				"instrument":"UVOT",
				"magnitude":"11.263",
				"system":"Vega",
				"telescope":"WISE",
				"u_time":"MJD",
				"source":"1"
			},
			{
				"time":"55763.79067",
				"band":"V",
				"e_magnitude":"0.133",
				"includeshost":true,
				"magnitude":"17.338",
				"telescope":"SSS",
				"u_time":"MJD",
				"source":"1"
			},
			{
				"time":"55763.79770",
				"band":"V",
				"e_magnitude":"0.144",
				"includeshost":true,
				"magnitude":"17.535",
				"telescope":"SSS",
				"u_time":"MJD",
				"source":"1"
			},
			{
				"time":"55763.80486",
				"band":"V",
				"e_magnitude":"0.153",
				"includeshost":true,
				"magnitude":"17.574",
				"telescope":"SSS",
				"u_time":"MJD",
				"source":"1"
			},
			{
				"time":"55763.81196",
				"band":"V",
				"e_magnitude":"0.144",
				"includeshost":true,
				"magnitude":"17.489",
				"telescope":"SSS",
				"u_time":"MJD",
				"source":"1"
			},
			{
				"time":"55835.32406",
				"band":"V",
				"e_magnitude":"0.088",
				"includeshost":true,
				"magnitude":"17.184",
				"telescope":"CSS",
				"u_time":"MJD",
				"source":"1"
			},
			{
				"time":"55835.33200",
				"band":"V",
				"e_magnitude":"0.096",
				"includeshost":true,
				"magnitude":"17.458",
				"telescope":"CSS",
				"u_time":"MJD",
				"source":"1"
			},
			{
				"time":"55835.34001",
				"band":"V",
				"e_magnitude":"0.095",
				"includeshost":true,
				"magnitude":"17.423",
				"telescope":"CSS",
				"u_time":"MJD",
				"source":"1"
			},
			{
				"time":"55835.34807",
				"band":"V",
				"e_magnitude":"0.097",
				"includeshost":true,
				"magnitude":"17.487",
				"telescope":"CSS",
				"u_time":"MJD",
				"source":"1"
			},
			{
				"time":"55853.30530",
				"band":"V",
				"e_magnitude":"0.090",
				"includeshost":true,
				"magnitude":"17.324",
				"telescope":"CSS",
				"u_time":"MJD",
				"source":"1"
			},
			{
				"time":"55853.31090",
				"band":"V",
				"e_magnitude":"0.091",
				"includeshost":true,
				"magnitude":"17.377",
				"telescope":"CSS",
				"u_time":"MJD",
				"source":"1"
			},
			{
				"time":"55853.31654",
				"band":"V",
				"e_magnitude":"0.095",
				"includeshost":true,
				"magnitude":"17.520",
				"telescope":"CSS",
				"u_time":"MJD",
				"source":"1"
			},
			{
				"time":"55853.32224",
				"band":"V",
				"e_magnitude":"0.087",
				"includeshost":true,
				"magnitude":"17.233",
				"telescope":"CSS",
				"u_time":"MJD",
				"source":"1"
			},
			{
				"time":"55865.24403",
				"band":"V",
				"e_magnitude":"0.094",
				"includeshost":true,
				"magnitude":"17.441",
				"telescope":"CSS",
				"u_time":"MJD",
				"source":"1"
			},
			{
				"time":"55865.25019",
				"band":"V",
				"e_magnitude":"0.089",
				"includeshost":true,
				"magnitude":"17.253",
				"telescope":"CSS",
				"u_time":"MJD",
				"source":"1"
			},
			{
				"time":"55865.25654",
				"band":"V",
				"e_magnitude":"0.093",
				"includeshost":true,
				"magnitude":"17.415",
				"telescope":"CSS",
				"u_time":"MJD",
				"source":"1"
			},
			{
				"time":"55865.26277",
				"band":"V",
				"e_magnitude":"0.094",
				"includeshost":true,
				"magnitude":"17.436",
				"telescope":"CSS",
				"u_time":"MJD",
				"source":"1"
			},
			{
				"time":"55919.49809",
				"band":"V",
				"e_magnitude":"0.148",
				"includeshost":true,
				"magnitude":"17.453",
				"telescope":"SSS",
				"u_time":"MJD",
				"source":"1"
			},
			{
				"time":"55919.51057",
				"band":"V",
				"e_magnitude":"0.158",
				"includeshost":true,
				"magnitude":"17.590",
				"telescope":"SSS",
				"u_time":"MJD",
				"source":"1"
			},
			{
				"time":"55919.52302",
				"band":"V",
				"e_magnitude":"0.153",
				"includeshost":true,
				"magnitude":"17.520",
				"telescope":"SSS",
				"u_time":"MJD",
				"source":"1"
			},
			{
				"time":"55919.53569",
				"band":"V",
				"e_magnitude":"0.148",
				"includeshost":true,
				"magnitude":"17.434",
				"telescope":"SSS",
				"u_time":"MJD",
				"source":"1"
			},
			{
				"time":"56155.68267",
				"band":"V",
				"e_magnitude":"0.118",
				"includeshost":true,
				"magnitude":"17.535",
				"telescope":"SSS",
				"u_time":"MJD",
				"source":"1"
			},
			{
				"time":"56155.69698",
				"band":"V",
				"e_magnitude":"0.117",
				"includeshost":true,
				"magnitude":"17.500",
				"telescope":"SSS",
				"u_time":"MJD",
				"source":"1"
			},
			{
				"time":"56155.71127",
				"band":"V",
				"e_magnitude":"0.114",
				"includeshost":true,
				"magnitude":"17.441",
				"telescope":"SSS",
				"u_time":"MJD",
				"source":"1"
			},
			{
				"time":"56155.72559",
				"band":"V",
				"e_magnitude":"0.117",
				"includeshost":true,
				"magnitude":"17.517",
				"telescope":"SSS",
				"u_time":"MJD",
				"source":"1"
			},
			{
				"time":"56196.31516",
				"band":"V",
				"e_magnitude":"0.098",
				"includeshost":true,
				"magnitude":"17.465",
				"telescope":"CSS",
				"u_time":"MJD",
				"source":"1"
			},
			{
				"time":"56196.32199",
				"band":"V",
				"e_magnitude":"0.098",
				"includeshost":true,
				"magnitude":"17.436",
				"telescope":"CSS",
				"u_time":"MJD",
				"source":"1"
			},
			{
				"time":"56196.32963",
				"band":"V",
				"e_magnitude":"0.101",
				"includeshost":true,
				"magnitude":"17.529",
				"telescope":"CSS",
				"u_time":"MJD",
				"source":"1"
			},
			{
				"time":"56196.33760",
				"band":"V",
				"e_magnitude":"0.093",
				"includeshost":true,
				"magnitude":"17.262",
				"telescope":"CSS",
				"u_time":"MJD",
				"source":"1"
			},
			{
				"time":"56209.31242",
				"band":"V",
				"e_magnitude":"0.100",
				"includeshost":true,
				"magnitude":"17.577",
				"telescope":"CSS",
				"u_time":"MJD",
				"source":"1"
			},
			{
				"time":"56209.31749",
				"band":"V",
				"e_magnitude":"0.100",
				"includeshost":true,
				"magnitude":"17.591",
				"telescope":"CSS",
				"u_time":"MJD",
				"source":"1"
			},
			{
				"time":"56209.32258",
				"band":"V",
				"e_magnitude":"0.096",
				"includeshost":true,
				"magnitude":"17.459",
				"telescope":"CSS",
				"u_time":"MJD",
				"source":"1"
			},
			{
				"time":"56209.32764",
				"band":"V",
				"e_magnitude":"0.099",
				"includeshost":true,
				"magnitude":"17.545",
				"telescope":"CSS",
				"u_time":"MJD",
				"source":"1"
			},
			{
				"time":"56218.26993",
				"band":"V",
				"e_magnitude":"0.100",
				"includeshost":true,
				"magnitude":"17.585",
				"telescope":"CSS",
				"u_time":"MJD",
				"source":"1"
			},
			{
				"time":"56218.27563",
				"band":"V",
				"e_magnitude":"0.098",
				"includeshost":true,
				"magnitude":"17.512",
				"telescope":"CSS",
				"u_time":"MJD",
				"source":"1"
			},
			{
				"time":"56218.28125",
				"band":"V",
				"e_magnitude":"0.093",
				"includeshost":true,
				"magnitude":"17.332",
				"telescope":"CSS",
				"u_time":"MJD",
				"source":"1"
			},
			{
				"time":"56218.28742",
				"band":"V",
				"e_magnitude":"0.102",
				"includeshost":true,
				"magnitude":"17.615",
				"telescope":"CSS",
				"u_time":"MJD",
				"source":"1"
			},
			{
				"time":"56495.74746",
				"band":"V",
				"e_magnitude":"0.143",
				"includeshost":true,
				"magnitude":"17.635",
				"telescope":"SSS",
				"u_time":"MJD",
				"source":"1"
			},
			{
				"time":"56495.75648",
				"band":"V",
				"e_magnitude":"0.126",
				"includeshost":true,
				"magnitude":"17.318",
				"telescope":"SSS",
				"u_time":"MJD",
				"source":"1"
			},
			{
				"time":"56495.76558",
				"band":"V",
				"e_magnitude":"0.133",
				"includeshost":true,
				"magnitude":"17.451",
				"telescope":"SSS",
				"u_time":"MJD",
				"source":"1"
			},
			{
				"time":"56495.77478",
				"band":"V",
				"e_magnitude":"0.134",
				"includeshost":true,
				"magnitude":"17.482",
				"telescope":"SSS",
				"u_time":"MJD",
				"source":"1"
			},
			{
				"time":"56547.35412",
				"band":"V",
				"e_magnitude":"0.107",
				"includeshost":true,
				"magnitude":"17.647",
				"telescope":"CSS",
				"u_time":"MJD",
				"source":"1"
			},
			{
				"time":"56547.36123",
				"band":"V",
				"e_magnitude":"0.101",
				"includeshost":true,
				"magnitude":"17.482",
				"telescope":"CSS",
				"u_time":"MJD",
				"source":"1"
			},
			{
				"time":"56547.36838",
				"band":"V",
				"e_magnitude":"0.099",
				"includeshost":true,
				"magnitude":"17.431",
				"telescope":"CSS",
				"u_time":"MJD",
				"source":"1"
			},
			{
				"time":"56547.37553",
				"band":"V",
				"e_magnitude":"0.105",
				"includeshost":true,
				"magnitude":"17.593",
				"telescope":"CSS",
				"u_time":"MJD",
				"source":"1"
			},
			{
				"time":"56565.36451",
				"band":"V",
				"e_magnitude":"0.096",
				"includeshost":true,
				"magnitude":"17.515",
				"telescope":"CSS",
				"u_time":"MJD",
				"source":"1"
			},
			{
				"time":"56565.36955",
				"band":"V",
				"e_magnitude":"0.096",
				"includeshost":true,
				"magnitude":"17.507",
				"telescope":"CSS",
				"u_time":"MJD",
				"source":"1"
			},
			{
				"time":"56565.37456",
				"band":"V",
				"e_magnitude":"0.094",
				"includeshost":true,
				"magnitude":"17.461",
				"telescope":"CSS",
				"u_time":"MJD",
				"source":"1"
			},
			{
				"time":"56565.37963",
				"band":"V",
				"e_magnitude":"0.093",
				"includeshost":true,
				"magnitude":"17.403",
				"telescope":"CSS",
				"u_time":"MJD",
				"source":"1"
			},
			{
				"time":"56577.29120",
				"band":"V",
				"e_magnitude":"0.094",
				"includeshost":true,
				"magnitude":"17.424",
				"telescope":"CSS",
				"u_time":"MJD",
				"source":"1"
			},
			{
				"time":"56577.29661",
				"band":"V",
				"e_magnitude":"0.099",
				"includeshost":true,
				"magnitude":"17.587",
				"telescope":"CSS",
				"u_time":"MJD",
				"source":"1"
			},
			{
				"time":"56577.30204",
				"band":"V",
				"e_magnitude":"0.096",
				"includeshost":true,
				"magnitude":"17.495",
				"telescope":"CSS",
				"u_time":"MJD",
				"source":"1"
			},
			{
				"time":"56577.30752",
				"band":"V",
				"e_magnitude":"0.103",
				"includeshost":true,
				"magnitude":"17.714",
				"telescope":"CSS",
				"u_time":"MJD",
				"source":"1"
			},
			{
				"time":"56580.29059",
				"band":"V",
				"e_magnitude":"0.097",
				"includeshost":true,
				"magnitude":"17.546",
				"telescope":"CSS",
				"u_time":"MJD",
				"source":"1"
			},
			{
				"time":"56580.29780",
				"band":"V",
				"e_magnitude":"0.087",
				"includeshost":true,
				"magnitude":"17.170",
				"telescope":"CSS",
				"u_time":"MJD",
				"source":"1"
			},
			{
				"time":"56580.30513",
				"band":"V",
				"e_magnitude":"0.095",
				"includeshost":true,
				"magnitude":"17.448",
				"telescope":"CSS",
				"u_time":"MJD",
				"source":"1"
			},
			{
				"time":"56580.31238",
				"band":"V",
				"e_magnitude":"0.096",
				"includeshost":true,
				"magnitude":"17.484",
				"telescope":"CSS",
				"u_time":"MJD",
				"source":"1"
			},
			{
				"time":"56588.27717",
				"band":"V",
				"e_magnitude":"0.101",
				"includeshost":true,
				"magnitude":"17.647",
				"telescope":"CSS",
				"u_time":"MJD",
				"source":"1"
			},
			{
				"time":"56588.28324",
				"band":"V",
				"e_magnitude":"0.098",
				"includeshost":true,
				"magnitude":"17.536",
				"telescope":"CSS",
				"u_time":"MJD",
				"source":"1"
			},
			{
				"time":"56588.28931",
				"band":"V",
				"e_magnitude":"0.099",
				"includeshost":true,
				"magnitude":"17.581",
				"telescope":"CSS",
				"u_time":"MJD",
				"source":"1"
			},
			{
				"time":"56588.29537",
				"band":"V",
				"e_magnitude":"0.098",
				"includeshost":true,
				"magnitude":"17.541",
				"telescope":"CSS",
				"u_time":"MJD",
				"source":"1"
			},
			{
				"time":"56606.24271",
				"band":"V",
				"e_magnitude":"0.096",
				"includeshost":true,
				"magnitude":"17.464",
				"telescope":"CSS",
				"u_time":"MJD",
				"source":"1"
			},
			{
				"time":"56606.24775",
				"band":"V",
				"e_magnitude":"0.096",
				"includeshost":true,
				"magnitude":"17.475",
				"telescope":"CSS",
				"u_time":"MJD",
				"source":"1"
			},
			{
				"time":"56606.25278",
				"band":"V",
				"e_magnitude":"0.097",
				"includeshost":true,
				"magnitude":"17.485",
				"telescope":"CSS",
				"u_time":"MJD",
				"source":"1"
			},
			{
				"time":"56606.25783",
				"band":"V",
				"e_magnitude":"0.091",
				"includeshost":true,
				"magnitude":"17.305",
				"telescope":"CSS",
				"u_time":"MJD",
				"source":"1"
			},
			{
				"time":"56650.03341",
				"band":"W1",
				"e_magnitude":"0.024",
				"includeshost":true,
				"instrument":"UVOT",
				"magnitude":"12.058",
				"system":"Vega",
				"telescope":"WISE",
				"u_time":"MJD",
				"source":"1"
			},
			{
				"time":"56650.03341",
				"band":"W2",
				"e_magnitude":"0.020",
				"includeshost":true,
				"instrument":"UVOT",
				"magnitude":"10.564",
				"system":"Vega",
				"telescope":"WISE",
				"u_time":"MJD",
				"source":"1"
			},
			{
				"time":"56650.16521",
				"band":"W1",
				"e_magnitude":"0.022",
				"includeshost":true,
				"instrument":"UVOT",
				"magnitude":"12.059",
				"system":"Vega",
				"telescope":"WISE",
				"u_time":"MJD",
				"source":"1"
			},
			{
				"time":"56650.16521",
				"band":"W2",
				"e_magnitude":"0.021",
				"includeshost":true,
				"instrument":"UVOT",
				"magnitude":"10.648",
				"system":"Vega",
				"telescope":"WISE",
				"u_time":"MJD",
				"source":"1"
			},
			{
				"time":"56650.29700",
				"band":"W1",
				"e_magnitude":"0.022",
				"includeshost":true,
				"instrument":"UVOT",
				"magnitude":"12.064",
				"system":"Vega",
				"telescope":"WISE",
				"u_time":"MJD",
				"source":"1"
			},
			{
				"time":"56650.29700",
				"band":"W2",
				"e_magnitude":"0.020",
				"includeshost":true,
				"instrument":"UVOT",
				"magnitude":"10.629",
				"system":"Vega",
				"telescope":"WISE",
				"u_time":"MJD",
				"source":"1"
			},
			{
				"time":"56650.36296",
				"band":"W1",
				"e_magnitude":"0.024",
				"includeshost":true,
				"instrument":"UVOT",
				"magnitude":"12.069",
				"system":"Vega",
				"telescope":"WISE",
				"u_time":"MJD",
				"source":"1"
			},
			{
				"time":"56650.36296",
				"band":"W2",
				"e_magnitude":"0.020",
				"includeshost":true,
				"instrument":"UVOT",
				"magnitude":"10.651",
				"system":"Vega",
				"telescope":"WISE",
				"u_time":"MJD",
				"source":"1"
			},
			{
				"time":"56650.42880",
				"band":"W1",
				"e_magnitude":"0.019",
				"includeshost":true,
				"instrument":"UVOT",
				"magnitude":"12.037",
				"system":"Vega",
				"telescope":"WISE",
				"u_time":"MJD",
				"source":"1"
			},
			{
				"time":"56650.42880",
				"band":"W2",
				"e_magnitude":"0.018",
				"includeshost":true,
				"instrument":"UVOT",
				"magnitude":"10.596",
				"system":"Vega",
				"telescope":"WISE",
				"u_time":"MJD",
				"source":"1"
			},
			{
				"time":"56650.49476",
				"band":"W1",
				"e_magnitude":"0.024",
				"includeshost":true,
				"instrument":"UVOT",
				"magnitude":"12.034",
				"system":"Vega",
				"telescope":"WISE",
				"u_time":"MJD",
				"source":"1"
			},
			{
				"time":"56650.49476",
				"band":"W2",
				"e_magnitude":"0.023",
				"includeshost":true,
				"instrument":"UVOT",
				"magnitude":"10.642",
				"system":"Vega",
				"telescope":"WISE",
				"u_time":"MJD",
				"source":"1"
			},
			{
				"time":"56650.56059",
				"band":"W1",
				"e_magnitude":"0.021",
				"includeshost":true,
				"instrument":"UVOT",
				"magnitude":"12.062",
				"system":"Vega",
				"telescope":"WISE",
				"u_time":"MJD",
				"source":"1"
			},
			{
				"time":"56650.56059",
				"band":"W2",
				"e_magnitude":"0.018",
				"includeshost":true,
				"instrument":"UVOT",
				"magnitude":"10.625",
				"system":"Vega",
				"telescope":"WISE",
				"u_time":"MJD",
				"source":"1"
			},
			{
				"time":"56650.62643",
				"band":"W1",
				"e_magnitude":"0.029",
				"includeshost":true,
				"instrument":"UVOT",
				"magnitude":"12.015",
				"system":"Vega",
				"telescope":"WISE",
				"u_time":"MJD",
				"source":"1"
			},
			{
				"time":"56650.62643",
				"band":"W2",
				"e_magnitude":"0.019",
				"includeshost":true,
				"instrument":"UVOT",
				"magnitude":"10.518",
				"system":"Vega",
				"telescope":"WISE",
				"u_time":"MJD",
				"source":"1"
			},
			{
				"time":"56651.02181",
				"band":"W1",
				"e_magnitude":"0.020",
				"includeshost":true,
				"instrument":"UVOT",
				"magnitude":"12.059",
				"system":"Vega",
				"telescope":"WISE",
				"u_time":"MJD",
				"source":"1"
			},
			{
				"time":"56651.02181",
				"band":"W2",
				"e_magnitude":"0.020",
				"includeshost":true,
				"instrument":"UVOT",
				"magnitude":"10.607",
				"system":"Vega",
				"telescope":"WISE",
				"u_time":"MJD",
				"source":"1"
			},
			{
				"time":"56657.06666",
				"band":"V",
				"e_magnitude":"0.094",
				"includeshost":true,
				"magnitude":"17.395",
				"telescope":"CSS",
				"u_time":"MJD",
				"source":"1"
			},
			{
				"time":"56657.07320",
				"band":"V",
				"e_magnitude":"0.093",
				"includeshost":true,
				"magnitude":"17.355",
				"telescope":"CSS",
				"u_time":"MJD",
				"source":"1"
			},
			{
				"time":"56657.07974",
				"band":"V",
				"e_magnitude":"0.096",
				"includeshost":true,
				"magnitude":"17.463",
				"telescope":"CSS",
				"u_time":"MJD",
				"source":"1"
			},
			{
				"time":"56657.08629",
				"band":"V",
				"e_magnitude":"0.100",
				"includeshost":true,
				"magnitude":"17.582",
				"telescope":"CSS",
				"u_time":"MJD",
				"source":"1"
			},
			{
				"time":"56837.65195",
				"band":"W1",
				"e_magnitude":"0.021",
				"includeshost":true,
				"instrument":"UVOT",
				"magnitude":"12.010",
				"system":"Vega",
				"telescope":"WISE",
				"u_time":"MJD",
				"source":"1"
			},
			{
				"time":"56837.65195",
				"band":"W2",
				"e_magnitude":"0.021",
				"includeshost":true,
				"instrument":"UVOT",
				"magnitude":"10.646",
				"system":"Vega",
				"telescope":"WISE",
				"u_time":"MJD",
				"source":"1"
			},
			{
				"time":"56837.78361",
				"band":"W1",
				"e_magnitude":"0.023",
				"includeshost":true,
				"instrument":"UVOT",
				"magnitude":"12.011",
				"system":"Vega",
				"telescope":"WISE",
				"u_time":"MJD",
				"source":"1"
			},
			{
				"time":"56837.78361",
				"band":"W2",
				"e_magnitude":"0.020",
				"includeshost":true,
				"instrument":"UVOT",
				"magnitude":"10.600",
				"system":"Vega",
				"telescope":"WISE",
				"u_time":"MJD",
				"source":"1"
			},
			{
				"time":"56837.91515",
				"band":"W1",
				"e_magnitude":"0.021",
				"includeshost":true,
				"instrument":"UVOT",
				"magnitude":"12.023",
				"system":"Vega",
				"telescope":"WISE",
				"u_time":"MJD",
				"source":"1"
			},
			{
				"time":"56837.91515",
				"band":"W2",
				"e_magnitude":"0.021",
				"includeshost":true,
				"instrument":"UVOT",
				"magnitude":"10.593",
				"system":"Vega",
				"telescope":"WISE",
				"u_time":"MJD",
				"source":"1"
			},
			{
				"time":"56837.98099",
				"band":"W1",
				"e_magnitude":"0.026",
				"includeshost":true,
				"instrument":"UVOT",
				"magnitude":"12.057",
				"system":"Vega",
				"telescope":"WISE",
				"u_time":"MJD",
				"source":"1"
			},
			{
				"time":"56837.98099",
				"band":"W2",
				"e_magnitude":"0.020",
				"includeshost":true,
				"instrument":"UVOT",
				"magnitude":"10.681",
				"system":"Vega",
				"telescope":"WISE",
				"u_time":"MJD",
				"source":"1"
			},
			{
				"time":"56838.04669",
				"band":"W1",
				"e_magnitude":"0.024",
				"includeshost":true,
				"instrument":"UVOT",
				"magnitude":"12.034",
				"system":"Vega",
				"telescope":"WISE",
				"u_time":"MJD",
				"source":"1"
			},
			{
				"time":"56838.04669",
				"band":"W2",
				"e_magnitude":"0.022",
				"includeshost":true,
				"instrument":"UVOT",
				"magnitude":"10.585",
				"system":"Vega",
				"telescope":"WISE",
				"u_time":"MJD",
				"source":"1"
			},
			{
				"time":"56838.11253",
				"band":"W1",
				"e_magnitude":"0.020",
				"includeshost":true,
				"instrument":"UVOT",
				"magnitude":"11.999",
				"system":"Vega",
				"telescope":"WISE",
				"u_time":"MJD",
				"source":"1"
			},
			{
				"time":"56838.11253",
				"band":"W2",
				"e_magnitude":"0.019",
				"includeshost":true,
				"instrument":"UVOT",
				"magnitude":"10.589",
				"system":"Vega",
				"telescope":"WISE",
				"u_time":"MJD",
				"source":"1"
			},
			{
				"time":"56838.50727",
				"band":"W1",
				"e_magnitude":"0.024",
				"includeshost":true,
				"instrument":"UVOT",
				"magnitude":"12.019",
				"system":"Vega",
				"telescope":"WISE",
				"u_time":"MJD",
				"source":"1"
			},
			{
				"time":"56838.50727",
				"band":"W2",
				"e_magnitude":"0.020",
				"includeshost":true,
				"instrument":"UVOT",
				"magnitude":"10.583",
				"system":"Vega",
				"telescope":"WISE",
				"u_time":"MJD",
				"source":"1"
			},
			{
				"time":"56924.31513",
				"band":"V",
				"e_magnitude":"0.092",
				"includeshost":true,
				"magnitude":"17.361",
				"telescope":"CSS",
				"u_time":"MJD",
				"source":"1"
			},
			{
				"time":"56924.32217",
				"band":"V",
				"e_magnitude":"0.092",
				"includeshost":true,
				"magnitude":"17.354",
				"telescope":"CSS",
				"u_time":"MJD",
				"source":"1"
			},
			{
				"time":"56924.32920",
				"band":"V",
				"e_magnitude":"0.097",
				"includeshost":true,
				"magnitude":"17.543",
				"telescope":"CSS",
				"u_time":"MJD",
				"source":"1"
			},
			{
				"time":"56924.33623",
				"band":"V",
				"e_magnitude":"0.097",
				"includeshost":true,
				"magnitude":"17.548",
				"telescope":"CSS",
				"u_time":"MJD",
				"source":"1"
			},
			{
				"time":"56947.19098",
				"band":"V",
				"e_magnitude":"0.098",
				"includeshost":true,
				"magnitude":"17.568",
				"telescope":"CSS",
				"u_time":"MJD",
				"source":"1"
			},
			{
				"time":"56947.19548",
				"band":"V",
				"e_magnitude":"0.098",
				"includeshost":true,
				"magnitude":"17.545",
				"telescope":"CSS",
				"u_time":"MJD",
				"source":"1"
			},
			{
				"time":"56947.19998",
				"band":"V",
				"e_magnitude":"0.096",
				"includeshost":true,
				"magnitude":"17.501",
				"telescope":"CSS",
				"u_time":"MJD",
				"source":"1"
			},
			{
				"time":"56947.20448",
				"band":"V",
				"e_magnitude":"0.103",
				"includeshost":true,
				"magnitude":"17.730",
				"telescope":"CSS",
				"u_time":"MJD",
				"source":"1"
			},
			{
				"time":"56953.26001",
				"band":"V",
				"e_magnitude":"0.089",
				"includeshost":true,
				"magnitude":"17.299",
				"telescope":"CSS",
				"u_time":"MJD",
				"source":"1"
			},
			{
				"time":"56953.26504",
				"band":"V",
				"e_magnitude":"0.095",
				"includeshost":true,
				"magnitude":"17.509",
				"telescope":"CSS",
				"u_time":"MJD",
				"source":"1"
			},
			{
				"time":"56953.27006",
				"band":"V",
				"e_magnitude":"0.099",
				"includeshost":true,
				"magnitude":"17.634",
				"telescope":"CSS",
				"u_time":"MJD",
				"source":"1"
			},
			{
				"time":"56953.27508",
				"band":"V",
				"e_magnitude":"0.094",
				"includeshost":true,
				"magnitude":"17.471",
				"telescope":"CSS",
				"u_time":"MJD",
				"source":"1"
			},
			{
				"time":"56960.27837",
				"band":"V",
				"e_magnitude":"0.091",
				"includeshost":true,
				"magnitude":"17.381",
				"telescope":"CSS",
				"u_time":"MJD",
				"source":"1"
			},
			{
				"time":"56960.28352",
				"band":"V",
				"e_magnitude":"0.092",
				"includeshost":true,
				"magnitude":"17.420",
				"telescope":"CSS",
				"u_time":"MJD",
				"source":"1"
			},
			{
				"time":"56960.28867",
				"band":"V",
				"e_magnitude":"0.087",
				"includeshost":true,
				"magnitude":"17.201",
				"telescope":"CSS",
				"u_time":"MJD",
				"source":"1"
			},
			{
				"time":"56960.29382",
				"band":"V",
				"e_magnitude":"0.093",
				"includeshost":true,
				"magnitude":"17.421",
				"telescope":"CSS",
				"u_time":"MJD",
				"source":"1"
			},
			{
				"time":"56990.16744",
				"band":"V",
				"e_magnitude":"0.094",
				"includeshost":true,
				"magnitude":"17.469",
				"telescope":"CSS",
				"u_time":"MJD",
				"source":"1"
			},
			{
				"time":"56990.17817",
				"band":"V",
				"e_magnitude":"0.095",
				"includeshost":true,
				"magnitude":"17.501",
				"telescope":"CSS",
				"u_time":"MJD",
				"source":"1"
			},
			{
				"time":"56990.18569",
				"band":"V",
				"e_magnitude":"0.089",
				"includeshost":true,
				"magnitude":"17.301",
				"telescope":"CSS",
				"u_time":"MJD",
				"source":"1"
			},
			{
				"time":"56990.19319",
				"band":"V",
				"e_magnitude":"0.096",
				"includeshost":true,
				"magnitude":"17.527",
				"telescope":"CSS",
				"u_time":"MJD",
				"source":"1"
			},
			{
				"time":"57014.18149",
				"band":"W1",
				"e_magnitude":"0.021",
				"includeshost":true,
				"instrument":"UVOT",
				"magnitude":"11.972",
				"system":"Vega",
				"telescope":"WISE",
				"u_time":"MJD",
				"source":"1"
			},
			{
				"time":"57014.18149",
				"band":"W2",
				"e_magnitude":"0.019",
				"includeshost":true,
				"instrument":"UVOT",
				"magnitude":"10.527",
				"system":"Vega",
				"telescope":"WISE",
				"u_time":"MJD",
				"source":"1"
			},
			{
				"time":"57014.31290",
				"band":"W1",
				"e_magnitude":"0.025",
				"includeshost":true,
				"instrument":"UVOT",
				"magnitude":"11.949",
				"system":"Vega",
				"telescope":"WISE",
				"u_time":"MJD",
				"source":"1"
			},
			{
				"time":"57014.31290",
				"band":"W2",
				"e_magnitude":"0.019",
				"includeshost":true,
				"instrument":"UVOT",
				"magnitude":"10.529",
				"system":"Vega",
				"telescope":"WISE",
				"u_time":"MJD",
				"source":"1"
			},
			{
				"time":"57014.31303",
				"band":"W1",
				"e_magnitude":"0.023",
				"includeshost":true,
				"instrument":"UVOT",
				"magnitude":"11.943",
				"system":"Vega",
				"telescope":"WISE",
				"u_time":"MJD",
				"source":"1"
			},
			{
				"time":"57014.31303",
				"band":"W2",
				"e_magnitude":"0.019",
				"includeshost":true,
				"instrument":"UVOT",
				"magnitude":"10.513",
				"system":"Vega",
				"telescope":"WISE",
				"u_time":"MJD",
				"source":"1"
			},
			{
				"time":"57014.44444",
				"band":"W1",
				"e_magnitude":"0.021",
				"includeshost":true,
				"instrument":"UVOT",
				"magnitude":"11.967",
				"system":"Vega",
				"telescope":"WISE",
				"u_time":"MJD",
				"source":"1"
			},
			{
				"time":"57014.44444",
				"band":"W2",
				"e_magnitude":"0.022",
				"includeshost":true,
				"instrument":"UVOT",
				"magnitude":"10.553",
				"system":"Vega",
				"telescope":"WISE",
				"u_time":"MJD",
				"source":"1"
			},
			{
				"time":"57014.51015",
				"band":"W1",
				"e_magnitude":"0.022",
				"includeshost":true,
				"instrument":"UVOT",
				"magnitude":"11.945",
				"system":"Vega",
				"telescope":"WISE",
				"u_time":"MJD",
				"source":"1"
			},
			{
				"time":"57014.51015",
				"band":"W2",
				"e_magnitude":"0.018",
				"includeshost":true,
				"instrument":"UVOT",
				"magnitude":"10.511",
				"system":"Vega",
				"telescope":"WISE",
				"u_time":"MJD",
				"source":"1"
			},
			{
				"time":"57014.57585",
				"band":"W1",
				"e_magnitude":"0.020",
				"includeshost":true,
				"instrument":"UVOT",
				"magnitude":"11.977",
				"system":"Vega",
				"telescope":"WISE",
				"u_time":"MJD",
				"source":"1"
			},
			{
				"time":"57014.57585",
				"band":"W2",
				"e_magnitude":"0.019",
				"includeshost":true,
				"instrument":"UVOT",
				"magnitude":"10.565",
				"system":"Vega",
				"telescope":"WISE",
				"u_time":"MJD",
				"source":"1"
			},
			{
				"time":"57014.64156",
				"band":"W1",
				"e_magnitude":"0.020",
				"includeshost":true,
				"instrument":"UVOT",
				"magnitude":"11.951",
				"system":"Vega",
				"telescope":"WISE",
				"u_time":"MJD",
				"source":"1"
			},
			{
				"time":"57014.64156",
				"band":"W2",
				"e_magnitude":"0.018",
				"includeshost":true,
				"instrument":"UVOT",
				"magnitude":"10.531",
				"system":"Vega",
				"telescope":"WISE",
				"u_time":"MJD",
				"source":"1"
			},
			{
				"time":"57015.03580",
				"band":"W1",
				"e_magnitude":"0.021",
				"includeshost":true,
				"instrument":"UVOT",
				"magnitude":"11.942",
				"system":"Vega",
				"telescope":"WISE",
				"u_time":"MJD",
				"source":"1"
			},
			{
				"time":"57015.03580",
				"band":"W2",
				"e_magnitude":"0.018",
				"includeshost":true,
				"instrument":"UVOT",
				"magnitude":"10.553",
				"system":"Vega",
				"telescope":"WISE",
				"u_time":"MJD",
				"source":"1"
			},
			{
				"time":"57015.16721",
				"band":"W1",
				"e_magnitude":"0.023",
				"includeshost":true,
				"instrument":"UVOT",
				"magnitude":"11.970",
				"system":"Vega",
				"telescope":"WISE",
				"u_time":"MJD",
				"source":"1"
			},
			{
				"time":"57015.16721",
				"band":"W2",
				"e_magnitude":"0.019",
				"includeshost":true,
				"instrument":"UVOT",
				"magnitude":"10.547",
				"system":"Vega",
				"telescope":"WISE",
				"u_time":"MJD",
				"source":"1"
			},
			{
				"time":"57015.16734",
				"band":"W1",
				"e_magnitude":"0.023",
				"includeshost":true,
				"instrument":"UVOT",
				"magnitude":"11.965",
				"system":"Vega",
				"telescope":"WISE",
				"u_time":"MJD",
				"source":"1"
			},
			{
				"time":"57015.16734",
				"band":"W2",
				"e_magnitude":"0.020",
				"includeshost":true,
				"instrument":"UVOT",
				"magnitude":"10.498",
				"system":"Vega",
				"telescope":"WISE",
				"u_time":"MJD",
				"source":"1"
			},
			{
				"time":"57020.02988",
				"band":"W1",
				"e_magnitude":"0.020",
				"includeshost":true,
				"instrument":"UVOT",
				"magnitude":"11.954",
				"system":"Vega",
				"telescope":"WISE",
				"u_time":"MJD",
				"source":"1"
			},
			{
				"time":"57020.02988",
				"band":"W2",
				"e_magnitude":"0.019",
				"includeshost":true,
				"instrument":"UVOT",
				"magnitude":"10.565",
				"system":"Vega",
				"telescope":"WISE",
				"u_time":"MJD",
				"source":"1"
			},
			{
				"time":"57199.58160",
				"band":"W1",
				"e_magnitude":"0.021",
				"includeshost":true,
				"instrument":"UVOT",
				"magnitude":"11.863",
				"system":"Vega",
				"telescope":"WISE",
				"u_time":"MJD",
				"source":"1"
			},
			{
				"time":"57199.58160",
				"band":"W2",
				"e_magnitude":"0.021",
				"includeshost":true,
				"instrument":"UVOT",
				"magnitude":"10.479",
				"system":"Vega",
				"telescope":"WISE",
				"u_time":"MJD",
				"source":"1"
			},
			{
				"time":"57199.71276",
				"band":"W1",
				"e_magnitude":"0.019",
				"includeshost":true,
				"instrument":"UVOT",
				"magnitude":"11.846",
				"system":"Vega",
				"telescope":"WISE",
				"u_time":"MJD",
				"source":"1"
			},
			{
				"time":"57199.71276",
				"band":"W2",
				"e_magnitude":"0.020",
				"includeshost":true,
				"instrument":"UVOT",
				"magnitude":"10.521",
				"system":"Vega",
				"telescope":"WISE",
				"u_time":"MJD",
				"source":"1"
			},
			{
				"time":"57199.77834",
				"band":"W1",
				"e_magnitude":"0.018",
				"includeshost":true,
				"instrument":"UVOT",
				"magnitude":"11.867",
				"system":"Vega",
				"telescope":"WISE",
				"u_time":"MJD",
				"source":"1"
			},
			{
				"time":"57199.77834",
				"band":"W2",
				"e_magnitude":"0.019",
				"includeshost":true,
				"instrument":"UVOT",
				"magnitude":"10.484",
				"system":"Vega",
				"telescope":"WISE",
				"u_time":"MJD",
				"source":"1"
			},
			{
				"time":"57199.84392",
				"band":"W1",
				"e_magnitude":"0.022",
				"includeshost":true,
				"instrument":"UVOT",
				"magnitude":"11.871",
				"system":"Vega",
				"telescope":"WISE",
				"u_time":"MJD",
				"source":"1"
			},
			{
				"time":"57199.84392",
				"band":"W2",
				"e_magnitude":"0.019",
				"includeshost":true,
				"instrument":"UVOT",
				"magnitude":"10.451",
				"system":"Vega",
				"telescope":"WISE",
				"u_time":"MJD",
				"source":"1"
			},
			{
				"time":"57199.84404",
				"band":"W1",
				"e_magnitude":"0.025",
				"includeshost":true,
				"instrument":"UVOT",
				"magnitude":"11.835",
				"system":"Vega",
				"telescope":"WISE",
				"u_time":"MJD",
				"source":"1"
			},
			{
				"time":"57199.84404",
				"band":"W2",
				"e_magnitude":"0.021",
				"includeshost":true,
				"instrument":"UVOT",
				"magnitude":"10.477",
				"system":"Vega",
				"telescope":"WISE",
				"u_time":"MJD",
				"source":"1"
			},
			{
				"time":"57199.90962",
				"band":"W1",
				"e_magnitude":"0.022",
				"includeshost":true,
				"instrument":"UVOT",
				"magnitude":"11.818",
				"system":"Vega",
				"telescope":"WISE",
				"u_time":"MJD",
				"source":"1"
			},
			{
				"time":"57199.90962",
				"band":"W2",
				"e_magnitude":"0.018",
				"includeshost":true,
				"instrument":"UVOT",
				"magnitude":"10.473",
				"system":"Vega",
				"telescope":"WISE",
				"u_time":"MJD",
				"source":"1"
			},
			{
				"time":"57199.97520",
				"band":"W1",
				"e_magnitude":"0.021",
				"includeshost":true,
				"instrument":"UVOT",
				"magnitude":"11.851",
				"system":"Vega",
				"telescope":"WISE",
				"u_time":"MJD",
				"source":"1"
			},
			{
				"time":"57199.97520",
				"band":"W2",
				"e_magnitude":"0.021",
				"includeshost":true,
				"instrument":"UVOT",
				"magnitude":"10.494",
				"system":"Vega",
				"telescope":"WISE",
				"u_time":"MJD",
				"source":"1"
			},
			{
				"time":"57200.04078",
				"band":"W1",
				"e_magnitude":"0.019",
				"includeshost":true,
				"instrument":"UVOT",
				"magnitude":"11.861",
				"system":"Vega",
				"telescope":"WISE",
				"u_time":"MJD",
				"source":"1"
			},
			{
				"time":"57200.04078",
				"band":"W2",
				"e_magnitude":"0.021",
				"includeshost":true,
				"instrument":"UVOT",
				"magnitude":"10.491",
				"system":"Vega",
				"telescope":"WISE",
				"u_time":"MJD",
				"source":"1"
			},
			{
				"time":"57200.10636",
				"band":"W1",
				"e_magnitude":"0.024",
				"includeshost":true,
				"instrument":"UVOT",
				"magnitude":"11.901",
				"system":"Vega",
				"telescope":"WISE",
				"u_time":"MJD",
				"source":"1"
			},
			{
				"time":"57200.10636",
				"band":"W2",
				"e_magnitude":"0.022",
				"includeshost":true,
				"instrument":"UVOT",
				"magnitude":"10.440",
				"system":"Vega",
				"telescope":"WISE",
				"u_time":"MJD",
				"source":"1"
			},
			{
				"time":"57200.10649",
				"band":"W1",
				"e_magnitude":"0.024",
				"includeshost":true,
				"instrument":"UVOT",
				"magnitude":"11.843",
				"system":"Vega",
				"telescope":"WISE",
				"u_time":"MJD",
				"source":"1"
			},
			{
				"time":"57200.10649",
				"band":"W2",
				"e_magnitude":"0.020",
				"includeshost":true,
				"instrument":"UVOT",
				"magnitude":"10.461",
				"system":"Vega",
				"telescope":"WISE",
				"u_time":"MJD",
				"source":"1"
			},
			{
				"time":"57200.17207",
				"band":"W1",
				"e_magnitude":"0.019",
				"includeshost":true,
				"instrument":"UVOT",
				"magnitude":"11.856",
				"system":"Vega",
				"telescope":"WISE",
				"u_time":"MJD",
				"source":"1"
			},
			{
				"time":"57200.17207",
				"band":"W2",
				"e_magnitude":"0.021",
				"includeshost":true,
				"instrument":"UVOT",
				"magnitude":"10.475",
				"system":"Vega",
				"telescope":"WISE",
				"u_time":"MJD",
				"source":"1"
			},
			{
				"time":"57307.27073",
				"band":"V",
				"e_magnitude":"0.100",
				"includeshost":true,
				"magnitude":"17.476",
				"telescope":"CSS",
				"u_time":"MJD",
				"source":"1"
			},
			{
				"time":"57307.27581",
				"band":"V",
				"e_magnitude":"0.099",
				"includeshost":true,
				"magnitude":"17.463",
				"telescope":"CSS",
				"u_time":"MJD",
				"source":"1"
			},
			{
				"time":"57307.28090",
				"band":"V",
				"e_magnitude":"0.100",
				"includeshost":true,
				"magnitude":"17.489",
				"telescope":"CSS",
				"u_time":"MJD",
				"source":"1"
			},
			{
				"time":"57307.28600",
				"band":"V",
				"e_magnitude":"0.095",
				"includeshost":true,
				"magnitude":"17.344",
				"telescope":"CSS",
				"u_time":"MJD",
				"source":"1"
			},
			{
				"time":"57344.15656",
				"band":"V",
				"e_magnitude":"0.095",
				"includeshost":true,
				"magnitude":"17.431",
				"telescope":"CSS",
				"u_time":"MJD",
				"source":"1"
			},
			{
				"time":"57344.16058",
				"band":"V",
				"e_magnitude":"0.096",
				"includeshost":true,
				"magnitude":"17.492",
				"telescope":"CSS",
				"u_time":"MJD",
				"source":"1"
			},
			{
				"time":"57344.16459",
				"band":"V",
				"e_magnitude":"0.098",
				"includeshost":true,
				"magnitude":"17.533",
				"telescope":"CSS",
				"u_time":"MJD",
				"source":"1"
			},
			{
				"time":"57344.16861",
				"band":"V",
				"e_magnitude":"0.089",
				"includeshost":true,
				"magnitude":"17.243",
				"telescope":"CSS",
				"u_time":"MJD",
				"source":"1"
			}
		]
	}
}