{
	"IGR J17361-4441":{
		"schema":"https://github.com/astrocatalogs/tidaldisruptions/blob/f405406/SCHEMA.md",
		"name":"IGR J17361-4441",
		"sources":[
			{
				"name":"2017ApJ...838..149A",
				"bibcode":"2017ApJ...838..149A",
				"reference":"Auchettl, Guillochon, & Ramirez-Ruiz (2017)",
				"alias":"1"
			},
			{
				"name":"2016A&A...594A..13P",
				"bibcode":"2016A&A...594A..13P",
				"reference":"Planck Collaboration et al. (2016)",
				"alias":"2"
			},
			{
				"name":"2014arXiv1407.5081D",
				"bibcode":"2014arXiv1407.5081D",
				"reference":"Del Santo et al. (2014)",
				"alias":"3"
			},
			{
				"name":"2011ApJ...737..103S",
				"bibcode":"2011ApJ...737..103S",
				"reference":"Schlafly & Finkbeiner (2011)",
				"alias":"4"
			},
			{
				"name":"The Open TDE Catalog",
				"bibcode":"2017ApJ...835...64G",
				"reference":"Guillochon et al. (2017)",
				"secondary":true,
				"url":"https://tde.space",
				"alias":"5"
			}
		],
		"alias":[
			{
				"value":"IGR J17361-4441",
				"source":"1"
			}
		],
		"citations":[
			{
				"value":"<a href='http://adsabs.harvard.edu/abs/2014arXiv1407.5081D'>Del Santo et al. 2014</a>*&Dagger;",
				"source":"3"
			}
		],
		"claimedtype":[
			{
				"value":"Planet + WD",
				"source":"3"
			},
			{
				"value":"MS + SMBH",
				"source":"3"
			}
		],
		"comovingdist":[
			{
				"value":"1.2",
				"derived":true,
				"u_value":"Mpc",
				"source":"2,3,5"
			}
		],
		"dec":[
			{
				"value":"-44:44:05.98",
				"u_value":"degrees",
				"source":"1"
			}
		],
		"discoverdate":[
			{
				"value":"2003/03/22",
				"derived":true,
				"source":"1,5"
			}
		],
		"ebv":[
			{
				"value":"0.3435",
				"derived":true,
				"e_value":"0.0177",
				"source":"4,5"
			}
		],
		"host":[
			{
				"value":"NGC 6388",
				"source":"1,3"
			}
		],
		"hostdec":[
			{
				"value":"-44:44:08.34",
				"u_value":"degrees",
				"source":"1"
			}
		],
		"hostoffsetang":[
			{
				"value":"2.435",
				"derived":true,
				"u_value":"arcseconds",
				"source":"1,5"
			}
		],
		"hostoffsetdist":[
			{
				"value":"0.01416",
				"source":"1,2,3,5"
			}
		],
		"hostra":[
			{
				"value":"17:36:17.46",
				"u_value":"hours",
				"source":"1"
			}
		],
		"lumdist":[
			{
				"value":"1.2",
				"derived":true,
				"u_value":"Mpc",
				"source":"2,3,5"
			}
		],
		"notes":[
			{
				"value":"Either planet disruption in NGC 6388 or star disruption in background galaxy",
				"source":"3"
			}
		],
		"ra":[
			{
				"value":"17:36:17.42",
				"u_value":"hours",
				"source":"1"
			}
		],
		"redshift":[
			{
				"value":"0.000271",
				"source":"3"
			}
		],
		"velocity":[
			{
				"value":"81.2",
				"derived":true,
				"u_value":"km/s",
				"source":"5"
			}
		],
		"photometry":[
			{
				"time":[
					"48710",
					"48710.160"
				],
				"countrate":"0.0296119",
				"energy":[
					"0.3",
					"2.0"
				],
				"flux":"3.66E-13",
				"instrument":"PSPC",
				"luminosity":"1.35E+42",
				"nhmw":"0.25",
				"photonindex":"4.5",
				"telescope":"ROSAT",
				"u_countrate":"s^-1",
				"u_energy":"keV",
				"u_flux":"ergs/cm^2/s",
				"u_time":"MJD",
				"upperlimit":true,
				"source":"1"
			},
			{
				"time":[
					"52720",
					"52720.339"
				],
				"countrate":"0.171318",
				"e_countrate":"0.00304686",
				"e_lower_flux":"2.03E-13",
				"e_lower_luminosity":"7.49E+41",
				"e_upper_flux":"2.10E-13",
				"e_upper_luminosity":"7.75E+41",
				"energy":[
					"0.3",
					"2.0"
				],
				"flux":"2.07E-13",
				"instrument":"PN",
				"luminosity":"7.64E+41",
				"photonindex":"2.33",
				"telescope":"XMM",
				"u_countrate":"s^-1",
				"u_energy":"keV",
				"u_flux":"ergs/cm^2/s",
				"u_time":"MJD",
				"source":"1"
			},
			{
				"time":[
					"53481.1",
					"53481.615"
				],
				"countrate":"0.0125647",
				"e_countrate":"0.000582156",
				"e_lower_flux":"3.26E-14",
				"e_lower_luminosity":"1.20E+41",
				"e_upper_flux":"3.62E-14",
				"e_upper_luminosity":"1.34E+41",
				"energy":[
					"0.3",
					"2.0"
				],
				"flux":"3.48E-14",
				"instrument":"ACIS-S",
				"luminosity":"1.28E+41",
				"photonindex":"3.78",
				"telescope":"Chandra",
				"u_countrate":"s^-1",
				"u_energy":"keV",
				"u_flux":"ergs/cm^2/s",
				"u_time":"MJD",
				"source":"1"
			},
			{
				"time":[
					"55327.6",
					"55327.621"
				],
				"countrate":"0.00580076",
				"e_countrate":"0.00311388",
				"e_lower_flux":"2.67E-14",
				"e_lower_luminosity":"9.85E+40",
				"e_upper_flux":"8.84E-14",
				"e_upper_luminosity":"3.26E+41",
				"energy":[
					"0.3",
					"2.0"
				],
				"flux":"5.76E-14",
				"instrument":"XRT",
				"luminosity":"2.13E+41",
				"mode":"PC",
				"nhmw":"0.42",
				"photonindex":"1.56",
				"telescope":"Swift",
				"u_countrate":"s^-1",
				"u_energy":"keV",
				"u_flux":"ergs/cm^2/s",
				"u_time":"MJD",
				"source":"1"
			},
			{
				"time":[
					"55794.2",
					"55794.471"
				],
				"countrate":"0.58074",
				"e_countrate":"0.00528264",
				"e_lower_flux":"3.81E-12",
				"e_lower_luminosity":"1.41E+43",
				"e_upper_flux":"3.93E-12",
				"e_upper_luminosity":"1.45E+43",
				"energy":[
					"0.3",
					"2.0"
				],
				"flux":"3.87E-12",
				"instrument":"XRT",
				"luminosity":"1.43E+43",
				"mode":"PC",
				"photonindex":"0.63",
				"telescope":"Swift",
				"u_countrate":"s^-1",
				"u_energy":"keV",
				"u_flux":"ergs/cm^2/s",
				"u_time":"MJD",
				"source":"1"
			},
			{
				"time":[
					"55802.5",
					"55802.528"
				],
				"countrate":"0.119814",
				"e_countrate":"0.00748331",
				"e_lower_flux":"1.14E-13",
				"e_lower_luminosity":"4.21E+41",
				"e_upper_flux":"1.41E-13",
				"e_upper_luminosity":"5.20E+41",
				"energy":[
					"0.3",
					"2.0"
				],
				"flux":"1.31E-13",
				"instrument":"ACIS-S",
				"luminosity":"4.83E+41",
				"photonindex":"0.638",
				"telescope":"Chandra",
				"u_countrate":"s^-1",
				"u_energy":"keV",
				"u_flux":"ergs/cm^2/s",
				"u_time":"MJD",
				"source":"1"
			},
			{
				"time":[
					"55805.7",
					"55805.700"
				],
				"countrate":"19.1",
				"e_countrate":"2.41",
				"e_lower_flux":"4.81E-11",
				"e_lower_luminosity":"1.77E+44",
				"e_upper_flux":"6.20E-11",
				"e_upper_luminosity":"2.29E+44",
				"energy":[
					"0.3",
					"2.0"
				],
				"flux":"5.50E-11",
				"instrument":"PN",
				"luminosity":"2.03E+44",
				"nhmw":"0.455",
				"photonindex":"1.975",
				"telescope":"XMM",
				"u_countrate":"s^-1",
				"u_energy":"keV",
				"u_flux":"ergs/cm^2/s",
				"u_time":"MJD",
				"source":"1"
			},
			{
				"time":[
					"55827.4",
					"55827.888"
				],
				"countrate":"1.96016",
				"e_countrate":"0.00747089",
				"e_lower_flux":"4.93E-12",
				"e_lower_luminosity":"1.82E+43",
				"e_upper_flux":"4.99E-12",
				"e_upper_luminosity":"1.84E+43",
				"energy":[
					"0.3",
					"2.0"
				],
				"flux":"4.96E-12",
				"instrument":"PN",
				"luminosity":"1.83E+43",
				"photonindex":"1.62",
				"telescope":"XMM",
				"u_countrate":"s^-1",
				"u_energy":"keV",
				"u_flux":"ergs/cm^2/s",
				"u_time":"MJD",
				"source":"1"
			},
			{
				"time":[
					"55829.9",
					"55830.590"
				],
				"countrate":"0.268297",
				"e_countrate":"0.00225448",
				"e_lower_flux":"4.38E-12",
				"e_lower_luminosity":"1.62E+43",
				"e_upper_flux":"4.47E-12",
				"e_upper_luminosity":"1.65E+43",
				"energy":[
					"0.3",
					"2.0"
				],
				"flux":"4.43E-12",
				"instrument":"XRT",
				"luminosity":"1.63E+43",
				"mode":"PC",
				"photonindex":"1.79",
				"telescope":"Swift",
				"u_countrate":"s^-1",
				"u_energy":"keV",
				"u_flux":"ergs/cm^2/s",
				"u_time":"MJD",
				"source":"1"
			},
			{
				"time":[
					"55979.2",
					"55979.391"
				],
				"countrate":"0.0173684",
				"e_countrate":"0.00116495",
				"e_lower_flux":"2.15E-13",
				"e_lower_luminosity":"7.93E+41",
				"e_upper_flux":"2.48E-13",
				"e_upper_luminosity":"9.15E+41",
				"energy":[
					"0.3",
					"2.0"
				],
				"flux":"2.33E-13",
				"instrument":"XRT",
				"luminosity":"8.60E+41",
				"mode":"PC",
				"photonindex":"2.26",
				"telescope":"Swift",
				"u_countrate":"s^-1",
				"u_energy":"keV",
				"u_flux":"ergs/cm^2/s",
				"u_time":"MJD",
				"source":"1"
			},
			{
				"time":[
					"56087.3",
					"56087.333"
				],
				"countrate":"0.00874252",
				"e_countrate":"0.0024569",
				"e_lower_flux":"1.17E-13",
				"e_lower_luminosity":"4.32E+41",
				"e_upper_flux":"2.08E-13",
				"e_upper_luminosity":"7.68E+41",
				"energy":[
					"0.3",
					"2.0"
				],
				"flux":"1.62E-13",
				"instrument":"XRT",
				"luminosity":"5.98E+41",
				"mode":"PC",
				"nhmw":"0.416667",
				"photonindex":"1.56",
				"telescope":"Swift",
				"u_countrate":"s^-1",
				"u_energy":"keV",
				"u_flux":"ergs/cm^2/s",
				"u_time":"MJD",
				"source":"1"
			},
			{
				"time":[
					"56139.4",
					"56139.537"
				],
				"countrate":"0.0172636",
				"e_countrate":"0.00138456",
				"e_lower_flux":"2.95E-13",
				"e_lower_luminosity":"1.09E+42",
				"e_upper_flux":"3.45E-13",
				"e_upper_luminosity":"1.27E+42",
				"energy":[
					"0.3",
					"2.0"
				],
				"flux":"3.21E-13",
				"instrument":"XRT",
				"luminosity":"1.18E+42",
				"mode":"PC",
				"nhmw":"0.42",
				"photonindex":"1.56",
				"telescope":"Swift",
				"u_countrate":"s^-1",
				"u_energy":"keV",
				"u_flux":"ergs/cm^2/s",
				"u_time":"MJD",
				"source":"1"
			}
		]
	}
}