{
	"IGR J17361-4441": {
		"hostdec": [
				{
					"source": "1", 
					"u_value": "degrees", 
					"value": "-44:44:08.34"
				}
		], 
		"lumdist": [
				{
					"u_value": "Mpc", 
					"derived": true, 
					"value": "1.2", 
					"source": "2,3,5"
				}
		], 
		"photometry": [
				{
					"u_energy": "keV", 
					"telescope": "ROSAT", 
					"instrument": "PSPC", 
					"source": "1", 
					"luminosity": "1.35E+42", 
					"energy": [
						"0.3", 
						"2.0"
					], 
					"u_countrate": "s^-1", 
					"photonindex": "4.5", 
					"countrate": "0.0296119", 
					"flux": "3.66E-13", 
					"nhmw": "0.25", 
					"u_flux": "ergs/cm^2/s", 
					"u_time": "MJD", 
					"time": [
						"48710", 
						"48710.160"
					], 
					"upperlimit": true
				}, 
				{
					"e_upper_luminosity": "7.75E+41", 
					"u_energy": "keV", 
					"telescope": "XMM", 
					"instrument": "PN", 
					"luminosity": "7.64E+41", 
					"energy": [
						"0.3", 
						"2.0"
					], 
					"e_lower_luminosity": "7.49E+41", 
					"u_countrate": "s^-1", 
					"photonindex": "2.33", 
					"countrate": "0.171318", 
					"e_lower_flux": "2.03E-13", 
					"flux": "2.07E-13", 
					"u_flux": "ergs/cm^2/s", 
					"u_time": "MJD", 
					"e_upper_flux": "2.10E-13", 
					"time": [
						"52720", 
						"52720.339"
					], 
					"e_countrate": "0.00304686", 
					"source": "1"
				}, 
				{
					"e_upper_luminosity": "1.34E+41", 
					"u_energy": "keV", 
					"telescope": "Chandra", 
					"instrument": "ACIS-S", 
					"luminosity": "1.28E+41", 
					"energy": [
						"0.3", 
						"2.0"
					], 
					"e_lower_luminosity": "1.20E+41", 
					"u_countrate": "s^-1", 
					"photonindex": "3.78", 
					"countrate": "0.0125647", 
					"e_lower_flux": "3.26E-14", 
					"flux": "3.48E-14", 
					"u_flux": "ergs/cm^2/s", 
					"u_time": "MJD", 
					"e_upper_flux": "3.62E-14", 
					"time": [
						"53481.1", 
						"53481.615"
					], 
					"e_countrate": "0.000582156", 
					"source": "1"
				}, 
				{
					"e_upper_luminosity": "3.26E+41", 
					"u_energy": "keV", 
					"telescope": "Swift", 
					"instrument": "XRT", 
					"source": "1", 
					"luminosity": "2.13E+41", 
					"energy": [
						"0.3", 
						"2.0"
					], 
					"e_lower_luminosity": "9.85E+40", 
					"u_countrate": "s^-1", 
					"photonindex": "1.56", 
					"countrate": "0.00580076", 
					"e_lower_flux": "2.67E-14", 
					"flux": "5.76E-14", 
					"nhmw": "0.42", 
					"u_flux": "ergs/cm^2/s", 
					"mode": "PC", 
					"e_upper_flux": "8.84E-14", 
					"time": [
						"55327.6", 
						"55327.621"
					], 
					"e_countrate": "0.00311388", 
					"u_time": "MJD"
				}, 
				{
					"e_upper_luminosity": "1.45E+43", 
					"u_energy": "keV", 
					"telescope": "Swift", 
					"instrument": "XRT", 
					"source": "1", 
					"luminosity": "1.43E+43", 
					"energy": [
						"0.3", 
						"2.0"
					], 
					"e_lower_luminosity": "1.41E+43", 
					"u_countrate": "s^-1", 
					"photonindex": "0.63", 
					"countrate": "0.58074", 
					"e_lower_flux": "3.81E-12", 
					"flux": "3.87E-12", 
					"u_flux": "ergs/cm^2/s", 
					"mode": "PC", 
					"e_upper_flux": "3.93E-12", 
					"time": [
						"55794.2", 
						"55794.471"
					], 
					"e_countrate": "0.00528264", 
					"u_time": "MJD"
				}, 
				{
					"e_upper_luminosity": "5.20E+41", 
					"u_energy": "keV", 
					"telescope": "Chandra", 
					"instrument": "ACIS-S", 
					"luminosity": "4.83E+41", 
					"energy": [
						"0.3", 
						"2.0"
					], 
					"e_lower_luminosity": "4.21E+41", 
					"u_countrate": "s^-1", 
					"photonindex": "0.638", 
					"countrate": "0.119814", 
					"e_lower_flux": "1.14E-13", 
					"flux": "1.31E-13", 
					"u_flux": "ergs/cm^2/s", 
					"u_time": "MJD", 
					"e_upper_flux": "1.41E-13", 
					"time": [
						"55802.5", 
						"55802.528"
					], 
					"e_countrate": "0.00748331", 
					"source": "1"
				}, 
				{
					"e_upper_luminosity": "2.29E+44", 
					"u_energy": "keV", 
					"telescope": "XMM", 
					"instrument": "PN", 
					"luminosity": "2.03E+44", 
					"energy": [
						"0.3", 
						"2.0"
					], 
					"e_lower_luminosity": "1.77E+44", 
					"u_countrate": "s^-1", 
					"photonindex": "1.975", 
					"countrate": "19.1", 
					"e_lower_flux": "4.81E-11", 
					"flux": "5.50E-11", 
					"nhmw": "0.455", 
					"u_flux": "ergs/cm^2/s", 
					"u_time": "MJD", 
					"e_upper_flux": "6.20E-11", 
					"time": [
						"55805.7", 
						"55805.700"
					], 
					"e_countrate": "2.41", 
					"source": "1"
				}, 
				{
					"e_upper_luminosity": "1.84E+43", 
					"u_energy": "keV", 
					"telescope": "XMM", 
					"instrument": "PN", 
					"luminosity": "1.83E+43", 
					"energy": [
						"0.3", 
						"2.0"
					], 
					"e_lower_luminosity": "1.82E+43", 
					"u_countrate": "s^-1", 
					"photonindex": "1.62", 
					"countrate": "1.96016", 
					"e_lower_flux": "4.93E-12", 
					"flux": "4.96E-12", 
					"u_flux": "ergs/cm^2/s", 
					"u_time": "MJD", 
					"e_upper_flux": "4.99E-12", 
					"time": [
						"55827.4", 
						"55827.888"
					], 
					"e_countrate": "0.00747089", 
					"source": "1"
				}, 
				{
					"e_upper_luminosity": "1.65E+43", 
					"u_energy": "keV", 
					"telescope": "Swift", 
					"instrument": "XRT", 
					"source": "1", 
					"luminosity": "1.63E+43", 
					"energy": [
						"0.3", 
						"2.0"
					], 
					"e_lower_luminosity": "1.62E+43", 
					"u_countrate": "s^-1", 
					"photonindex": "1.79", 
					"countrate": "0.268297", 
					"e_lower_flux": "4.38E-12", 
					"flux": "4.43E-12", 
					"u_flux": "ergs/cm^2/s", 
					"mode": "PC", 
					"e_upper_flux": "4.47E-12", 
					"time": [
						"55829.9", 
						"55830.590"
					], 
					"e_countrate": "0.00225448", 
					"u_time": "MJD"
				}, 
				{
					"e_upper_luminosity": "9.15E+41", 
					"u_energy": "keV", 
					"telescope": "Swift", 
					"instrument": "XRT", 
					"source": "1", 
					"luminosity": "8.60E+41", 
					"energy": [
						"0.3", 
						"2.0"
					], 
					"e_lower_luminosity": "7.93E+41", 
					"u_countrate": "s^-1", 
					"photonindex": "2.26", 
					"countrate": "0.0173684", 
					"e_lower_flux": "2.15E-13", 
					"flux": "2.33E-13", 
					"u_flux": "ergs/cm^2/s", 
					"mode": "PC", 
					"e_upper_flux": "2.48E-13", 
					"time": [
						"55979.2", 
						"55979.391"
					], 
					"e_countrate": "0.00116495", 
					"u_time": "MJD"
				}, 
				{
					"e_upper_luminosity": "7.68E+41", 
					"u_energy": "keV", 
					"telescope": "Swift", 
					"instrument": "XRT", 
					"source": "1", 
					"luminosity": "5.98E+41", 
					"energy": [
						"0.3", 
						"2.0"
					], 
					"e_lower_luminosity": "4.32E+41", 
					"u_countrate": "s^-1", 
					"photonindex": "1.56", 
					"countrate": "0.00874252", 
					"e_lower_flux": "1.17E-13", 
					"flux": "1.62E-13", 
					"nhmw": "0.416667", 
					"u_flux": "ergs/cm^2/s", 
					"mode": "PC", 
					"e_upper_flux": "2.08E-13", 
					"time": [
						"56087.3", 
						"56087.333"
					], 
					"e_countrate": "0.0024569", 
					"u_time": "MJD"
				}, 
				{
					"e_upper_luminosity": "1.27E+42", 
					"u_energy": "keV", 
					"telescope": "Swift", 
					"instrument": "XRT", 
					"source": "1", 
					"luminosity": "1.18E+42", 
					"energy": [
						"0.3", 
						"2.0"
					], 
					"e_lower_luminosity": "1.09E+42", 
					"u_countrate": "s^-1", 
					"photonindex": "1.56", 
					"countrate": "0.0172636", 
					"e_lower_flux": "2.95E-13", 
					"flux": "3.21E-13", 
					"nhmw": "0.42", 
					"u_flux": "ergs/cm^2/s", 
					"mode": "PC", 
					"e_upper_flux": "3.45E-13", 
					"time": [
						"56139.4", 
						"56139.537"
					], 
					"e_countrate": "0.00138456", 
					"u_time": "MJD"
				}
		], 
		"comovingdist": [
				{
					"u_value": "Mpc", 
					"derived": true, 
					"value": "1.2", 
					"source": "2,3,5"
				}
		], 
		"name": "IGR J17361-4441", 
		"alias": [
				{
					"source": "1", 
					"value": "IGR J17361-4441"
				}
		], 
		"notes": [
				{
					"source": "3", 
					"value": "Either planet disruption in NGC 6388 or star disruption in background galaxy"
				}
		], 
		"redshift": [
				{
					"source": "3", 
					"value": "0.000271"
				}
		], 
		"claimedtype": [
				{
					"source": "3", 
					"value": "Planet + WD"
				}, 
				{
					"source": "3", 
					"value": "MS + SMBH"
				}
		], 
		"host": [
				{
					"source": "1,3", 
					"value": "NGC 6388"
				}
		], 
		"hostoffsetdist": [
				{
					"source": "1,2,3,5", 
					"value": "0.01416"
				}
		], 
		"sources": [
				{
					"alias": "1", 
					"bibcode": "2017ApJ...838..149A", 
					"name": "2017ApJ...838..149A", 
					"reference": "Auchettl, Guillochon, & Ramirez-Ruiz (2017)"
				}, 
				{
					"alias": "2", 
					"bibcode": "2016A&A...594A..13P", 
					"name": "2016A&A...594A..13P", 
					"reference": "Planck Collaboration et al. (2016)"
				}, 
				{
					"alias": "3", 
					"bibcode": "2014arXiv1407.5081D", 
					"name": "2014arXiv1407.5081D", 
					"reference": "Del Santo et al. (2014)"
				}, 
				{
					"alias": "4", 
					"bibcode": "2011ApJ...737..103S", 
					"name": "2011ApJ...737..103S", 
					"reference": "Schlafly & Finkbeiner (2011)"
				}, 
				{
					"bibcode": "2017ApJ...835...64G", 
					"name": "The Open TDE Catalog", 
					"reference": "Guillochon et al. (2017)", 
					"url": "https://tde.space", 
					"alias": "5", 
					"secondary": true
				}
		], 
		"ebv": [
				{
					"e_value": "0.0177", 
					"derived": true, 
					"value": "0.3435", 
					"source": "4,5"
				}
		], 
		"citations": [
				{
					"source": "3", 
					"value": "<a href='http://adsabs.harvard.edu/abs/2014arXiv1407.5081D'>Del Santo et al. 2014</a>*&Dagger;"
				}
		], 
		"discoverdate": [
				{
					"source": "1,5", 
					"derived": true, 
					"value": "2003/03/22"
				}
		], 
		"ra": [
				{
					"source": "1", 
					"u_value": "hours", 
					"value": "17:36:17.42"
				}
		], 
		"hostra": [
				{
					"source": "1", 
					"u_value": "hours", 
					"value": "17:36:17.46"
				}
		], 
		"velocity": [
				{
					"u_value": "km/s", 
					"derived": true, 
					"value": "81.2", 
					"source": "5"
				}
		], 
		"dec": [
				{
					"source": "1", 
					"u_value": "degrees", 
					"value": "-44:44:05.98"
				}
		], 
		"hostoffsetang": [
				{
					"u_value": "arcseconds", 
					"derived": true, 
					"value": "2.435", 
					"source": "1,5"
				}
		], 
		"schema": "https://github.com/astrocatalogs/tidaldisruptions/blob/f405406/SCHEMA.md"
	}
}