{"iPTF16axa": {"ebv": [{"e_value": "0.0005", "derived": true, "value": "0.0386", "source": "4,5"}], "redshift": [{"source": "1", "value": "0.108"}], "maxvisualdate": [{"source": "1,5", "derived": true, "value": "2016/06/05"}], "sources": [{"alias": "1", "bibcode": "2017arXiv170301299H", "name": "2017arXiv170301299H", "reference": "Hung et al. (2017)"}, {"alias": "2", "bibcode": "2017ApJ...842...29H", "name": "2017ApJ...842...29H", "reference": "Hung et al. (2017)"}, {"alias": "3", "bibcode": "2016A&A...594A..13P", "name": "2016A&A...594A..13P", "reference": "Planck Collaboration et al. (2016)"}, {"alias": "4", "bibcode": "2011ApJ...737..103S", "name": "2011ApJ...737..103S", "reference": "Schlafly & Finkbeiner (2011)"}, {"bibcode": "2017ApJ...835...64G", "name": "The Open TDE Catalog", "reference": "Guillochon et al. (2017)", "url": "https://tde.space", "alias": "5", "secondary": true}, {"bibcode": "2000A&AS..143....9W", "name": "SIMBAD astronomical database", "reference": "Wenger et al. (2000)", "url": "http://simbad.u-strasbg.fr/", "alias": "6", "secondary": true}], "maxabsmag": [{"source": "1,3,5", "derived": true, "value": "-19.38"}], "hostdec": [{"source": "1", "u_value": "degrees", "value": "+30:35:36.6"}], "comovingdist": [{"u_value": "Mpc", "derived": true, "value": "466", "source": "1,3,5"}], "maxappmag": [{"source": "1,5", "derived": true, "value": "19.07"}], "maxdate": [{"source": "1,5", "derived": true, "value": "2016/06/12"}], "maxvisualband": [{"source": "1,5", "derived": true, "value": "g"}], "ra": [{"source": "1,2,6", "u_value": "hours", "value": "17:03:34.36"}], "maxvisualappmag": [{"source": "1,5", "derived": true, "value": "19.46"}], "schema": "https://github.com/astrocatalogs/tidaldisruptions/blob/f405406/SCHEMA.md", "hostra": [{"source": "1", "u_value": "hours", "value": "17:03:34.34"}], "lumdist": [{"u_value": "Mpc", "derived": true, "value": "516", "source": "1,3,5"}], "maxband": [{"source": "1,5", "derived": true, "value": "W2"}], "host": [{"source": "1", "value": "SDSS J170334.34+303536.6"}], "discoverdate": [{"source": "1,5", "derived": true, "value": "2016/05/29"}], "photometry": [{"e_magnitude": "0.071", "telescope": "P48", "source": "1", "system": "Vega", "band": "g", "magnitude": "19.486", "u_time": "MJD", "time": "57537.397"}, {"e_magnitude": "0.033", "telescope": "P60", "source": "1", "system": "Vega", "band": "r", "magnitude": "20.045", "u_time": "MJD", "time": "57540.397"}, {"e_magnitude": "0.045", "telescope": "P60", "source": "1", "system": "Vega", "band": "i", "magnitude": "19.901", "u_time": "MJD", "time": "57540.401"}, {"e_magnitude": "0.032", "telescope": "P60", "source": "1", "system": "Vega", "band": "g", "magnitude": "19.615", "u_time": "MJD", "time": "57540.404"}, {"e_magnitude": "0.054", "telescope": "P60", "source": "1", "system": "Vega", "band": "r", "magnitude": "19.972", "u_time": "MJD", "time": "57541.421"}, {"e_magnitude": "0.050", "telescope": "P60", "source": "1", "system": "Vega", "band": "i", "magnitude": "19.827", "u_time": "MJD", "time": "57541.424"}, {"e_magnitude": "0.031", "telescope": "P60", "source": "1", "system": "Vega", "band": "g", "magnitude": "19.592", "u_time": "MJD", "time": "57541.428"}, {"e_magnitude": "0.081", "telescope": "P48", "source": "1", "system": "Vega", "band": "g", "magnitude": "19.464", "u_time": "MJD", "time": "57544.370"}, {"e_magnitude": "0.050", "telescope": "Swift", "instrument": "UVOT", "system": "Vega", "band": "W2", "magnitude": "19.110", "u_time": "MJD", "time": "57546.189", "source": "1"}, {"e_magnitude": "0.029", "telescope": "P60", "source": "1", "system": "Vega", "band": "r", "magnitude": "20.090", "u_time": "MJD", "time": "57547.392"}, {"e_magnitude": "0.054", "telescope": "P60", "source": "1", "system": "Vega", "band": "i", "magnitude": "19.891", "u_time": "MJD", "time": "57547.395"}, {"e_magnitude": "0.027", "telescope": "P60", "source": "1", "system": "Vega", "band": "g", "magnitude": "19.724", "u_time": "MJD", "time": "57547.399"}, {"e_magnitude": "0.085", "telescope": "P48", "source": "1", "system": "Vega", "band": "g", "magnitude": "19.626", "u_time": "MJD", "time": "57548.385"}, {"e_magnitude": "0.137", "telescope": "LCO", "source": "1", "system": "Vega", "band": "g", "magnitude": "20.119", "u_time": "MJD", "time": "57548.510"}, {"e_magnitude": "0.391", "telescope": "LCO", "source": "1", "system": "Vega", "band": "r", "magnitude": "19.999", "u_time": "MJD", "time": "57548.514"}, {"e_magnitude": "0.378", "telescope": "LCO", "source": "1", "system": "Vega", "band": "i", "magnitude": "20.046", "u_time": "MJD", "time": "57548.527"}, {"e_magnitude": "0.090", "telescope": "Swift", "instrument": "UVOT", "system": "Vega", "band": "W1", "magnitude": "19.320", "u_time": "MJD", "time": "57551.230", "source": "1"}, {"e_magnitude": "0.140", "telescope": "Swift", "instrument": "UVOT", "system": "Vega", "band": "U", "magnitude": "19.300", "u_time": "MJD", "time": "57551.231", "source": "1"}, {"e_magnitude": "0.060", "telescope": "Swift", "instrument": "UVOT", "system": "Vega", "band": "W2", "magnitude": "19.070", "u_time": "MJD", "time": "57551.232", "source": "1"}, {"e_magnitude": "0.070", "telescope": "Swift", "instrument": "UVOT", "system": "Vega", "band": "M2", "magnitude": "19.250", "u_time": "MJD", "time": "57551.236", "source": "1"}, {"e_magnitude": "0.030", "telescope": "P60", "source": "1", "system": "Vega", "band": "r", "magnitude": "20.162", "u_time": "MJD", "time": "57551.451"}, {"e_magnitude": "0.052", "telescope": "P60", "source": "1", "system": "Vega", "band": "i", "magnitude": "20.041", "u_time": "MJD", "time": "57551.456"}, {"e_magnitude": "0.103", "telescope": "P48", "source": "1", "system": "Vega", "band": "g", "magnitude": "19.673", "u_time": "MJD", "time": "57552.373"}, {"e_magnitude": "0.074", "telescope": "P60", "source": "1", "system": "Vega", "band": "r", "magnitude": "20.235", "u_time": "MJD", "time": "57554.368"}, {"e_magnitude": "0.118", "telescope": "P60", "source": "1", "system": "Vega", "band": "i", "magnitude": "20.063", "u_time": "MJD", "time": "57554.373"}, {"e_magnitude": "0.042", "telescope": "P60", "source": "1", "system": "Vega", "band": "g", "magnitude": "19.959", "u_time": "MJD", "time": "57554.378"}, {"e_magnitude": "0.157", "telescope": "LCO", "source": "1", "system": "Vega", "band": "g", "magnitude": "20.579", "u_time": "MJD", "time": "57555.590"}, {"e_magnitude": "0.357", "telescope": "LCO", "source": "1", "system": "Vega", "band": "i", "magnitude": "19.796", "u_time": "MJD", "time": "57555.599"}, {"e_magnitude": "0.100", "telescope": "Swift", "instrument": "UVOT", "system": "Vega", "band": "W1", "magnitude": "19.500", "u_time": "MJD", "time": "57556.820", "source": "1"}, {"e_magnitude": "0.150", "telescope": "Swift", "instrument": "UVOT", "system": "Vega", "band": "U", "magnitude": "19.410", "u_time": "MJD", "time": "57556.822", "source": "1"}, {"e_magnitude": "0.070", "telescope": "Swift", "instrument": "UVOT", "system": "Vega", "band": "W2", "magnitude": "19.350", "u_time": "MJD", "time": "57556.824", "source": "1"}, {"e_magnitude": "0.070", "telescope": "Swift", "instrument": "UVOT", "system": "Vega", "band": "M2", "magnitude": "19.500", "u_time": "MJD", "time": "57556.828", "source": "1"}, {"e_magnitude": "0.106", "telescope": "P60", "source": "1", "system": "Vega", "band": "r", "magnitude": "20.404", "u_time": "MJD", "time": "57558.459"}, {"e_magnitude": "0.143", "telescope": "P60", "source": "1", "system": "Vega", "band": "i", "magnitude": "20.171", "u_time": "MJD", "time": "57558.464"}, {"e_magnitude": "0.127", "telescope": "P60", "source": "1", "system": "Vega", "band": "g", "magnitude": "20.192", "u_time": "MJD", "time": "57558.469"}, {"e_magnitude": "0.260", "telescope": "P60", "source": "1", "system": "Vega", "band": "r", "magnitude": "20.401", "u_time": "MJD", "time": "57559.483"}, {"e_magnitude": "0.160", "telescope": "Swift", "instrument": "UVOT", "system": "Vega", "band": "W1", "magnitude": "19.650", "u_time": "MJD", "time": "57561.391", "source": "1"}, {"e_magnitude": "0.127", "telescope": "P60", "source": "1", "system": "Vega", "band": "r", "magnitude": "20.527", "u_time": "MJD", "time": "57565.198"}, {"e_magnitude": "0.356", "telescope": "P60", "source": "1", "system": "Vega", "band": "i", "magnitude": "20.408", "u_time": "MJD", "time": "57565.202"}, {"e_magnitude": "0.076", "telescope": "P60", "source": "1", "system": "Vega", "band": "g", "magnitude": "20.165", "u_time": "MJD", "time": "57565.219"}, {"e_magnitude": "0.029", "telescope": "P60", "source": "1", "system": "Vega", "band": "r", "magnitude": "20.661", "u_time": "MJD", "time": "57566.205"}, {"e_magnitude": "0.027", "telescope": "P60", "source": "1", "system": "Vega", "band": "g", "magnitude": "20.284", "u_time": "MJD", "time": "57566.220"}, {"e_magnitude": "0.040", "telescope": "P60", "source": "1", "system": "Vega", "band": "r", "magnitude": "20.711", "u_time": "MJD", "time": "57569.229"}, {"e_magnitude": "0.120", "telescope": "Swift", "instrument": "UVOT", "system": "Vega", "band": "W1", "magnitude": "19.780", "u_time": "MJD", "time": "57571.630", "source": "1"}, {"e_magnitude": "0.220", "telescope": "Swift", "instrument": "UVOT", "system": "Vega", "band": "U", "magnitude": "19.950", "u_time": "MJD", "time": "57571.632", "source": "1"}, {"e_magnitude": "0.090", "telescope": "Swift", "instrument": "UVOT", "system": "Vega", "band": "W2", "magnitude": "19.920", "u_time": "MJD", "time": "57571.634", "source": "1"}, {"e_magnitude": "0.090", "telescope": "Swift", "instrument": "UVOT", "system": "Vega", "band": "M2", "magnitude": "19.980", "u_time": "MJD", "time": "57571.637", "source": "1"}, {"e_magnitude": "0.108", "telescope": "LCO", "source": "1", "system": "Vega", "band": "g", "magnitude": "20.918", "u_time": "MJD", "time": "57574.502"}, {"e_magnitude": "0.283", "telescope": "LCO", "source": "1", "system": "Vega", "band": "r", "magnitude": "20.543", "u_time": "MJD", "time": "57574.512"}, {"e_magnitude": "0.311", "telescope": "LCO", "source": "1", "system": "Vega", "band": "i", "magnitude": "20.586", "u_time": "MJD", "time": "57574.519"}, {"e_magnitude": "0.180", "telescope": "Swift", "instrument": "UVOT", "system": "Vega", "band": "W1", "magnitude": "20.320", "u_time": "MJD", "time": "57576.483", "source": "1"}, {"e_magnitude": "0.250", "telescope": "Swift", "instrument": "UVOT", "system": "Vega", "band": "U", "magnitude": "20.090", "u_time": "MJD", "time": "57576.484", "source": "1"}, {"e_magnitude": "0.100", "telescope": "Swift", "instrument": "UVOT", "system": "Vega", "band": "W2", "magnitude": "20.040", "u_time": "MJD", "time": "57576.485", "source": "1"}, {"e_magnitude": "0.100", "telescope": "Swift", "instrument": "UVOT", "system": "Vega", "band": "M2", "magnitude": "20.070", "u_time": "MJD", "time": "57576.487", "source": "1"}, {"e_magnitude": "0.122", "telescope": "LCO", "source": "1", "system": "Vega", "band": "g", "magnitude": "20.931", "u_time": "MJD", "time": "57581.465"}, {"e_magnitude": "0.297", "telescope": "LCO", "source": "1", "system": "Vega", "band": "r", "magnitude": "20.671", "u_time": "MJD", "time": "57581.474"}, {"e_magnitude": "0.326", "telescope": "LCO", "source": "1", "system": "Vega", "band": "i", "magnitude": "20.642", "u_time": "MJD", "time": "57581.482"}, {"e_magnitude": "0.087", "telescope": "P60", "source": "1", "system": "Vega", "band": "r", "magnitude": "21.020", "u_time": "MJD", "time": "57583.255"}, {"e_magnitude": "0.127", "telescope": "P60", "source": "1", "system": "Vega", "band": "i", "magnitude": "20.633", "u_time": "MJD", "time": "57583.258"}, {"e_magnitude": "0.053", "telescope": "P60", "source": "1", "system": "Vega", "band": "g", "magnitude": "20.611", "u_time": "MJD", "time": "57583.261"}, {"e_magnitude": "0.113", "telescope": "P60", "source": "1", "system": "Vega", "band": "r", "magnitude": "21.149", "u_time": "MJD", "time": "57585.188"}, {"e_magnitude": "0.093", "telescope": "P60", "source": "1", "system": "Vega", "band": "i", "magnitude": "20.615", "u_time": "MJD", "time": "57585.191"}, {"e_magnitude": "0.070", "telescope": "P60", "source": "1", "system": "Vega", "band": "g", "magnitude": "20.749", "u_time": "MJD", "time": "57585.194"}, {"e_magnitude": "0.170", "telescope": "Swift", "instrument": "UVOT", "system": "Vega", "band": "W1", "magnitude": "19.910", "u_time": "MJD", "time": "57585.933", "source": "1"}, {"e_magnitude": "0.220", "telescope": "Swift", "instrument": "UVOT", "system": "Vega", "band": "U", "magnitude": "19.820", "u_time": "MJD", "time": "57585.935", "source": "1"}, {"e_magnitude": "0.110", "telescope": "Swift", "instrument": "UVOT", "system": "Vega", "band": "W2", "magnitude": "19.920", "u_time": "MJD", "time": "57585.937", "source": "1"}, {"e_magnitude": "0.144", "telescope": "P60", "source": "1", "system": "Vega", "band": "r", "magnitude": "21.025", "u_time": "MJD", "time": "57587.188"}, {"e_magnitude": "0.144", "telescope": "P60", "source": "1", "system": "Vega", "band": "i", "magnitude": "20.881", "u_time": "MJD", "time": "57587.191"}, {"e_magnitude": "0.105", "telescope": "P60", "source": "1", "system": "Vega", "band": "g", "magnitude": "20.699", "u_time": "MJD", "time": "57587.193"}, {"e_magnitude": "0.274", "telescope": "LCO", "source": "1", "system": "Vega", "band": "g", "magnitude": "20.612", "u_time": "MJD", "time": "57587.472"}, {"e_magnitude": "0.339", "telescope": "LCO", "source": "1", "system": "Vega", "band": "r", "magnitude": "20.580", "u_time": "MJD", "time": "57587.480"}, {"e_magnitude": "0.462", "telescope": "LCO", "source": "1", "system": "Vega", "band": "i", "magnitude": "20.537", "u_time": "MJD", "time": "57587.489"}, {"e_magnitude": "0.130", "telescope": "Swift", "instrument": "UVOT", "system": "Vega", "band": "U", "magnitude": "19.820", "u_time": "MJD", "time": "57587.587", "source": "1"}, {"e_magnitude": "0.110", "telescope": "Swift", "instrument": "UVOT", "system": "Vega", "band": "M2", "magnitude": "20.110", "u_time": "MJD", "time": "57587.593", "source": "1"}, {"e_magnitude": "0.230", "telescope": "Swift", "instrument": "UVOT", "system": "Vega", "band": "W1", "magnitude": "20.020", "u_time": "MJD", "time": "57592.581", "source": "1"}, {"e_magnitude": "0.160", "telescope": "Swift", "instrument": "UVOT", "system": "Vega", "band": "W2", "magnitude": "20.220", "u_time": "MJD", "time": "57592.583", "source": "1"}, {"e_magnitude": "0.250", "telescope": "Swift", "instrument": "UVOT", "system": "Vega", "band": "M2", "magnitude": "20.450", "u_time": "MJD", "time": "57592.586", "source": "1"}, {"e_magnitude": "0.068", "telescope": "P60", "source": "1", "system": "Vega", "band": "r", "magnitude": "21.063", "u_time": "MJD", "time": "57593.228"}, {"e_magnitude": "0.082", "telescope": "P60", "source": "1", "system": "Vega", "band": "i", "magnitude": "20.829", "u_time": "MJD", "time": "57593.231"}, {"e_magnitude": "0.048", "telescope": "P60", "source": "1", "system": "Vega", "band": "g", "magnitude": "20.736", "u_time": "MJD", "time": "57593.234"}, {"e_magnitude": "0.140", "telescope": "Swift", "instrument": "UVOT", "system": "Vega", "band": "W1", "magnitude": "20.500", "u_time": "MJD", "time": "57594.422", "source": "1"}, {"e_magnitude": "0.130", "telescope": "Swift", "instrument": "UVOT", "system": "Vega", "band": "U", "magnitude": "19.940", "u_time": "MJD", "time": "57594.425", "source": "1"}, {"e_magnitude": "0.060", "telescope": "Swift", "instrument": "UVOT", "system": "Vega", "band": "W2", "magnitude": "19.870", "u_time": "MJD", "time": "57594.428", "source": "1"}, {"e_magnitude": "0.100", "telescope": "Swift", "instrument": "UVOT", "system": "Vega", "band": "M2", "magnitude": "20.060", "u_time": "MJD", "time": "57594.436", "source": "1"}, {"e_magnitude": "0.102", "telescope": "P60", "source": "1", "system": "Vega", "band": "r", "magnitude": "21.241", "u_time": "MJD", "time": "57595.176"}, {"e_magnitude": "0.143", "telescope": "P60", "source": "1", "system": "Vega", "band": "i", "magnitude": "20.879", "u_time": "MJD", "time": "57595.179"}, {"e_magnitude": "0.048", "telescope": "P60", "source": "1", "system": "Vega", "band": "g", "magnitude": "20.771", "u_time": "MJD", "time": "57595.182"}, {"e_magnitude": "0.278", "telescope": "LCO", "source": "1", "system": "Vega", "band": "g", "magnitude": "21.310", "u_time": "MJD", "time": "57595.453"}, {"e_magnitude": "0.342", "telescope": "LCO", "source": "1", "system": "Vega", "band": "r", "magnitude": "20.603", "u_time": "MJD", "time": "57595.462"}, {"e_magnitude": "0.408", "telescope": "LCO", "source": "1", "system": "Vega", "band": "i", "magnitude": "20.747", "u_time": "MJD", "time": "57595.470"}, {"e_magnitude": "0.100", "telescope": "P60", "source": "1", "system": "Vega", "band": "r", "magnitude": "21.213", "u_time": "MJD", "time": "57597.234"}, {"e_magnitude": "0.101", "telescope": "P60", "source": "1", "system": "Vega", "band": "i", "magnitude": "20.769", "u_time": "MJD", "time": "57597.237"}, {"e_magnitude": "0.056", "telescope": "P60", "source": "1", "system": "Vega", "band": "g", "magnitude": "20.883", "u_time": "MJD", "time": "57597.239"}, {"e_magnitude": "0.130", "telescope": "Swift", "instrument": "UVOT", "system": "Vega", "band": "W1", "magnitude": "20.190", "u_time": "MJD", "time": "57599.092", "source": "1"}, {"e_magnitude": "0.190", "telescope": "Swift", "instrument": "UVOT", "system": "Vega", "band": "U", "magnitude": "20.220", "u_time": "MJD", "time": "57599.093", "source": "1"}, {"e_magnitude": "0.080", "telescope": "Swift", "instrument": "UVOT", "system": "Vega", "band": "W2", "magnitude": "20.120", "u_time": "MJD", "time": "57599.095", "source": "1"}, {"e_magnitude": "0.160", "telescope": "Swift", "instrument": "UVOT", "system": "Vega", "band": "M2", "magnitude": "20.160", "u_time": "MJD", "time": "57599.099", "source": "1"}, {"e_magnitude": "0.077", "telescope": "P60", "source": "1", "system": "Vega", "band": "r", "magnitude": "21.086", "u_time": "MJD", "time": "57599.191"}, {"e_magnitude": "0.101", "telescope": "P60", "source": "1", "system": "Vega", "band": "i", "magnitude": "21.000", "u_time": "MJD", "time": "57599.194"}, {"e_magnitude": "0.046", "telescope": "P60", "source": "1", "system": "Vega", "band": "g", "magnitude": "20.875", "u_time": "MJD", "time": "57599.197"}, {"e_magnitude": "0.081", "telescope": "P60", "source": "1", "system": "Vega", "band": "g", "magnitude": "20.947", "u_time": "MJD", "time": "57601.183"}, {"e_magnitude": "0.069", "telescope": "P60", "source": "1", "system": "Vega", "band": "r", "magnitude": "21.280", "u_time": "MJD", "time": "57605.207"}, {"e_magnitude": "0.089", "telescope": "P60", "source": "1", "system": "Vega", "band": "i", "magnitude": "21.116", "u_time": "MJD", "time": "57605.210"}, {"e_magnitude": "0.048", "telescope": "P60", "source": "1", "system": "Vega", "band": "g", "magnitude": "21.041", "u_time": "MJD", "time": "57605.213"}, {"e_magnitude": "0.105", "telescope": "P60", "source": "1", "system": "Vega", "band": "r", "magnitude": "21.380", "u_time": "MJD", "time": "57607.170"}, {"e_magnitude": "0.125", "telescope": "P60", "source": "1", "system": "Vega", "band": "i", "magnitude": "20.975", "u_time": "MJD", "time": "57607.173"}, {"e_magnitude": "0.052", "telescope": "P60", "source": "1", "system": "Vega", "band": "g", "magnitude": "20.995", "u_time": "MJD", "time": "57607.176"}, {"e_magnitude": "0.140", "telescope": "Swift", "instrument": "UVOT", "system": "Vega", "band": "W1", "magnitude": "20.430", "u_time": "MJD", "time": "57607.997", "source": "1"}, {"e_magnitude": "0.170", "telescope": "Swift", "instrument": "UVOT", "system": "Vega", "band": "U", "magnitude": "20.170", "u_time": "MJD", "time": "57607.998", "source": "1"}, {"e_magnitude": "0.080", "telescope": "Swift", "instrument": "UVOT", "system": "Vega", "band": "W2", "magnitude": "20.300", "u_time": "MJD", "time": "57607.999", "source": "1"}, {"e_magnitude": "0.130", "telescope": "Swift", "instrument": "UVOT", "system": "Vega", "band": "M2", "magnitude": "20.640", "u_time": "MJD", "time": "57608.002", "source": "1"}, {"e_magnitude": "0.124", "telescope": "P60", "source": "1", "system": "Vega", "band": "r", "magnitude": "21.317", "u_time": "MJD", "time": "57609.171"}, {"e_magnitude": "0.114", "telescope": "P60", "source": "1", "system": "Vega", "band": "i", "magnitude": "21.109", "u_time": "MJD", "time": "57609.174"}, {"e_magnitude": "0.057", "telescope": "P60", "source": "1", "system": "Vega", "band": "g", "magnitude": "21.011", "u_time": "MJD", "time": "57609.177"}, {"e_magnitude": "0.108", "telescope": "P60", "source": "1", "system": "Vega", "band": "r", "magnitude": "21.267", "u_time": "MJD", "time": "57611.191"}, {"e_magnitude": "0.223", "telescope": "P60", "source": "1", "system": "Vega", "band": "i", "magnitude": "21.012", "u_time": "MJD", "time": "57611.194"}, {"e_magnitude": "0.067", "telescope": "P60", "source": "1", "system": "Vega", "band": "g", "magnitude": "21.079", "u_time": "MJD", "time": "57611.196"}, {"e_magnitude": "0.150", "telescope": "P60", "source": "1", "system": "Vega", "band": "r", "magnitude": "21.377", "u_time": "MJD", "time": "57613.167"}, {"e_magnitude": "0.163", "telescope": "P60", "source": "1", "system": "Vega", "band": "i", "magnitude": "20.974", "u_time": "MJD", "time": "57613.170"}, {"e_magnitude": "0.100", "telescope": "P60", "source": "1", "system": "Vega", "band": "g", "magnitude": "21.038", "u_time": "MJD", "time": "57613.173"}, {"e_magnitude": "0.130", "telescope": "Swift", "instrument": "UVOT", "system": "Vega", "band": "W1", "magnitude": "20.430", "u_time": "MJD", "time": "57613.235", "source": "1"}, {"e_magnitude": "0.150", "telescope": "Swift", "instrument": "UVOT", "system": "Vega", "band": "U", "magnitude": "20.220", "u_time": "MJD", "time": "57613.238", "source": "1"}, {"e_magnitude": "0.070", "telescope": "Swift", "instrument": "UVOT", "system": "Vega", "band": "W2", "magnitude": "20.380", "u_time": "MJD", "time": "57613.241", "source": "1"}, {"e_magnitude": "0.120", "telescope": "Swift", "instrument": "UVOT", "system": "Vega", "band": "M2", "magnitude": "20.550", "u_time": "MJD", "time": "57613.248", "source": "1"}, {"e_magnitude": "0.171", "telescope": "P60", "source": "1", "system": "Vega", "band": "r", "magnitude": "21.320", "u_time": "MJD", "time": "57614.175"}, {"e_magnitude": "0.141", "telescope": "P60", "source": "1", "system": "Vega", "band": "g", "magnitude": "21.261", "u_time": "MJD", "time": "57614.180"}, {"e_magnitude": "0.177", "telescope": "P60", "source": "1", "system": "Vega", "band": "g", "magnitude": "21.221", "u_time": "MJD", "time": "57615.168"}, {"e_magnitude": "0.212", "telescope": "P60", "source": "1", "system": "Vega", "band": "r", "magnitude": "21.284", "u_time": "MJD", "time": "57616.161"}, {"e_magnitude": "0.189", "telescope": "P60", "source": "1", "system": "Vega", "band": "i", "magnitude": "21.030", "u_time": "MJD", "time": "57616.163"}, {"e_magnitude": "0.113", "telescope": "P60", "source": "1", "system": "Vega", "band": "g", "magnitude": "21.111", "u_time": "MJD", "time": "57616.166"}, {"e_magnitude": "0.244", "telescope": "P60", "source": "1", "system": "Vega", "band": "r", "magnitude": "21.155", "u_time": "MJD", "time": "57617.163"}, {"e_magnitude": "0.286", "telescope": "P60", "source": "1", "system": "Vega", "band": "i", "magnitude": "21.165", "u_time": "MJD", "time": "57617.166"}, {"e_magnitude": "0.181", "telescope": "P60", "source": "1", "system": "Vega", "band": "g", "magnitude": "20.903", "u_time": "MJD", "time": "57617.169"}, {"e_magnitude": "0.191", "telescope": "P60", "source": "1", "system": "Vega", "band": "g", "magnitude": "21.329", "u_time": "MJD", "time": "57618.150"}, {"e_magnitude": "0.143", "telescope": "P60", "source": "1", "system": "Vega", "band": "g", "magnitude": "20.976", "u_time": "MJD", "time": "57619.156"}, {"e_magnitude": "0.190", "telescope": "Swift", "instrument": "UVOT", "system": "Vega", "band": "W1", "magnitude": "20.740", "u_time": "MJD", "time": "57620.538", "source": "1"}, {"e_magnitude": "0.200", "telescope": "Swift", "instrument": "UVOT", "system": "Vega", "band": "U", "magnitude": "20.140", "u_time": "MJD", "time": "57620.540", "source": "1"}, {"e_magnitude": "0.090", "telescope": "Swift", "instrument": "UVOT", "system": "Vega", "band": "W2", "magnitude": "20.470", "u_time": "MJD", "time": "57620.542", "source": "1"}, {"e_magnitude": "0.150", "telescope": "Swift", "instrument": "UVOT", "system": "Vega", "band": "M2", "magnitude": "20.740", "u_time": "MJD", "time": "57620.546", "source": "1"}, {"e_magnitude": "0.170", "telescope": "P60", "source": "1", "system": "Vega", "band": "r", "magnitude": "21.398", "u_time": "MJD", "time": "57621.144"}, {"e_magnitude": "0.120", "telescope": "P60", "source": "1", "system": "Vega", "band": "g", "magnitude": "21.160", "u_time": "MJD", "time": "57621.150"}, {"e_magnitude": "0.107", "telescope": "P60", "source": "1", "system": "Vega", "band": "r", "magnitude": "21.358", "u_time": "MJD", "time": "57625.153"}, {"e_magnitude": "0.125", "telescope": "P60", "source": "1", "system": "Vega", "band": "i", "magnitude": "21.086", "u_time": "MJD", "time": "57625.156"}, {"e_magnitude": "0.049", "telescope": "P60", "source": "1", "system": "Vega", "band": "g", "magnitude": "21.203", "u_time": "MJD", "time": "57625.158"}, {"e_magnitude": "0.091", "telescope": "P60", "source": "1", "system": "Vega", "band": "r", "magnitude": "21.478", "u_time": "MJD", "time": "57629.148"}, {"e_magnitude": "0.160", "telescope": "P60", "source": "1", "system": "Vega", "band": "r", "magnitude": "21.474", "u_time": "MJD", "time": "57631.146"}, {"e_magnitude": "0.141", "telescope": "P60", "source": "1", "system": "Vega", "band": "i", "magnitude": "21.146", "u_time": "MJD", "time": "57631.149"}, {"e_magnitude": "0.071", "telescope": "P60", "source": "1", "system": "Vega", "band": "g", "magnitude": "21.218", "u_time": "MJD", "time": "57631.152"}, {"e_magnitude": "0.113", "telescope": "P60", "source": "1", "system": "Vega", "band": "r", "magnitude": "21.464", "u_time": "MJD", "time": "57633.161"}, {"e_magnitude": "0.155", "telescope": "P60", "source": "1", "system": "Vega", "band": "i", "magnitude": "21.111", "u_time": "MJD", "time": "57633.164"}, {"e_magnitude": "0.063", "telescope": "P60", "source": "1", "system": "Vega", "band": "g", "magnitude": "21.297", "u_time": "MJD", "time": "57633.166"}, {"e_magnitude": "0.138", "telescope": "P60", "source": "1", "system": "Vega", "band": "g", "magnitude": "21.356", "u_time": "MJD", "time": "57635.135"}, {"e_magnitude": "0.226", "telescope": "P60", "source": "1", "system": "Vega", "band": "r", "magnitude": "21.650", "u_time": "MJD", "time": "57637.139"}, {"e_magnitude": "0.180", "telescope": "P60", "source": "1", "system": "Vega", "band": "r", "magnitude": "21.634", "u_time": "MJD", "time": "57639.222"}, {"e_magnitude": "0.244", "telescope": "P60", "source": "1", "system": "Vega", "band": "i", "magnitude": "21.417", "u_time": "MJD", "time": "57639.224"}, {"e_magnitude": "0.093", "telescope": "P60", "source": "1", "system": "Vega", "band": "g", "magnitude": "21.413", "u_time": "MJD", "time": "57639.227"}, {"e_magnitude": "0.096", "telescope": "P60", "source": "1", "system": "Vega", "band": "r", "magnitude": "21.489", "u_time": "MJD", "time": "57640.182"}, {"e_magnitude": "0.356", "telescope": "P60", "source": "1", "system": "Vega", "band": "r", "magnitude": "21.640", "u_time": "MJD", "time": "57646.151"}, {"e_magnitude": "0.256", "telescope": "P60", "source": "1", "system": "Vega", "band": "i", "magnitude": "21.199", "u_time": "MJD", "time": "57646.171"}, {"e_magnitude": "0.330", "telescope": "P60", "source": "1", "system": "Vega", "band": "g", "magnitude": "21.328", "u_time": "MJD", "time": "57646.190"}, {"e_magnitude": "0.527", "telescope": "P60", "source": "1", "system": "Vega", "band": "r", "magnitude": "21.896", "u_time": "MJD", "time": "57656.140"}, {"e_magnitude": "0.276", "telescope": "P60", "source": "1", "system": "Vega", "band": "i", "magnitude": "21.213", "u_time": "MJD", "time": "57656.163"}, {"e_magnitude": "0.277", "telescope": "P60", "source": "1", "system": "Vega", "band": "g", "magnitude": "21.536", "u_time": "MJD", "time": "57656.182"}], "name": "iPTF16axa", "hostoffsetdist": [{"source": "1,2,3,5,6", "value": "0.7353"}], "alias": [{"source": "1,6", "value": "iPTF16axa"}], "velocity": [{"u_value": "km/s", "derived": true, "value": "30600", "source": "5"}], "dec": [{"source": "1,2,6", "u_value": "degrees", "value": "+30:35:36.8"}], "hostoffsetang": [{"u_value": "arcseconds", "derived": true, "value": "0.3606", "source": "1,2,5,6"}]}}