{
	"iPTF16axa":{
		"schema":"https://github.com/astrocatalogs/tidaldisruptions/blob/f405406/SCHEMA.md",
		"name":"iPTF16axa",
		"sources":[
			{
				"name":"2017arXiv170301299H",
				"bibcode":"2017arXiv170301299H",
				"reference":"Hung et al. (2017)",
				"alias":"1"
			},
			{
				"name":"2016A&A...594A..13P",
				"bibcode":"2016A&A...594A..13P",
				"reference":"Planck Collaboration et al. (2016)",
				"alias":"2"
			},
			{
				"name":"2011ApJ...737..103S",
				"bibcode":"2011ApJ...737..103S",
				"reference":"Schlafly & Finkbeiner (2011)",
				"alias":"3"
			},
			{
				"name":"The Open TDE Catalog",
				"bibcode":"2017ApJ...835...64G",
				"reference":"Guillochon et al. (2017)",
				"secondary":true,
				"url":"https://tde.space",
				"alias":"4"
			}
		],
		"alias":[
			{
				"value":"iPTF16axa",
				"source":"1"
			}
		],
		"comovingdist":[
			{
				"value":"466",
				"derived":true,
				"u_value":"Mpc",
				"source":"1,2,4"
			}
		],
		"dec":[
			{
				"value":"+30:35:36.8",
				"u_value":"degrees",
				"source":"1"
			}
		],
		"discoverdate":[
			{
				"value":"2016/05/29",
				"derived":true,
				"source":"1,4"
			}
		],
		"ebv":[
			{
				"value":"0.0386",
				"derived":true,
				"e_value":"0.0005",
				"source":"3,4"
			}
		],
		"host":[
			{
				"value":"SDSS J170334.34+303536.6",
				"source":"1"
			}
		],
		"hostdec":[
			{
				"value":"+30:35:36.6",
				"u_value":"degrees",
				"source":"1"
			}
		],
		"hostoffsetang":[
			{
				"value":"0.3606",
				"derived":true,
				"u_value":"arcseconds",
				"source":"1,4"
			}
		],
		"hostoffsetdist":[
			{
				"value":"0.7353",
				"source":"1,2,4"
			}
		],
		"hostra":[
			{
				"value":"17:03:34.34",
				"u_value":"hours",
				"source":"1"
			}
		],
		"lumdist":[
			{
				"value":"516",
				"derived":true,
				"u_value":"Mpc",
				"source":"1,2,4"
			}
		],
		"maxabsmag":[
			{
				"value":"-19.38",
				"derived":true,
				"source":"1,2,4"
			}
		],
		"maxappmag":[
			{
				"value":"19.07",
				"derived":true,
				"source":"1,4"
			}
		],
		"maxband":[
			{
				"value":"W2",
				"derived":true,
				"source":"1,4"
			}
		],
		"maxdate":[
			{
				"value":"2016/06/12",
				"derived":true,
				"source":"1,4"
			}
		],
		"maxvisualappmag":[
			{
				"value":"19.46",
				"derived":true,
				"source":"1,4"
			}
		],
		"maxvisualband":[
			{
				"value":"g",
				"derived":true,
				"source":"1,4"
			}
		],
		"maxvisualdate":[
			{
				"value":"2016/06/05",
				"derived":true,
				"source":"1,4"
			}
		],
		"ra":[
			{
				"value":"17:03:34.36",
				"u_value":"hours",
				"source":"1"
			}
		],
		"redshift":[
			{
				"value":"0.108",
				"source":"1"
			}
		],
		"velocity":[
			{
				"value":"30600",
				"derived":true,
				"u_value":"km/s",
				"source":"4"
			}
		],
		"photometry":[
			{
				"time":"57537.397",
				"band":"g",
				"e_magnitude":"0.071",
				"magnitude":"19.486",
				"system":"Vega",
				"telescope":"P48",
				"u_time":"MJD",
				"source":"1"
			},
			{
				"time":"57540.397",
				"band":"r",
				"e_magnitude":"0.033",
				"magnitude":"20.045",
				"system":"Vega",
				"telescope":"P60",
				"u_time":"MJD",
				"source":"1"
			},
			{
				"time":"57540.401",
				"band":"i",
				"e_magnitude":"0.045",
				"magnitude":"19.901",
				"system":"Vega",
				"telescope":"P60",
				"u_time":"MJD",
				"source":"1"
			},
			{
				"time":"57540.404",
				"band":"g",
				"e_magnitude":"0.032",
				"magnitude":"19.615",
				"system":"Vega",
				"telescope":"P60",
				"u_time":"MJD",
				"source":"1"
			},
			{
				"time":"57541.421",
				"band":"r",
				"e_magnitude":"0.054",
				"magnitude":"19.972",
				"system":"Vega",
				"telescope":"P60",
				"u_time":"MJD",
				"source":"1"
			},
			{
				"time":"57541.424",
				"band":"i",
				"e_magnitude":"0.050",
				"magnitude":"19.827",
				"system":"Vega",
				"telescope":"P60",
				"u_time":"MJD",
				"source":"1"
			},
			{
				"time":"57541.428",
				"band":"g",
				"e_magnitude":"0.031",
				"magnitude":"19.592",
				"system":"Vega",
				"telescope":"P60",
				"u_time":"MJD",
				"source":"1"
			},
			{
				"time":"57544.370",
				"band":"g",
				"e_magnitude":"0.081",
				"magnitude":"19.464",
				"system":"Vega",
				"telescope":"P48",
				"u_time":"MJD",
				"source":"1"
			},
			{
				"time":"57546.189",
				"band":"W2",
				"e_magnitude":"0.050",
				"instrument":"UVOT",
				"magnitude":"19.110",
				"system":"Vega",
				"telescope":"Swift",
				"u_time":"MJD",
				"source":"1"
			},
			{
				"time":"57547.392",
				"band":"r",
				"e_magnitude":"0.029",
				"magnitude":"20.090",
				"system":"Vega",
				"telescope":"P60",
				"u_time":"MJD",
				"source":"1"
			},
			{
				"time":"57547.395",
				"band":"i",
				"e_magnitude":"0.054",
				"magnitude":"19.891",
				"system":"Vega",
				"telescope":"P60",
				"u_time":"MJD",
				"source":"1"
			},
			{
				"time":"57547.399",
				"band":"g",
				"e_magnitude":"0.027",
				"magnitude":"19.724",
				"system":"Vega",
				"telescope":"P60",
				"u_time":"MJD",
				"source":"1"
			},
			{
				"time":"57548.385",
				"band":"g",
				"e_magnitude":"0.085",
				"magnitude":"19.626",
				"system":"Vega",
				"telescope":"P48",
				"u_time":"MJD",
				"source":"1"
			},
			{
				"time":"57548.510",
				"band":"g",
				"e_magnitude":"0.137",
				"magnitude":"20.119",
				"system":"Vega",
				"telescope":"LCO",
				"u_time":"MJD",
				"source":"1"
			},
			{
				"time":"57548.514",
				"band":"r",
				"e_magnitude":"0.391",
				"magnitude":"19.999",
				"system":"Vega",
				"telescope":"LCO",
				"u_time":"MJD",
				"source":"1"
			},
			{
				"time":"57548.527",
				"band":"i",
				"e_magnitude":"0.378",
				"magnitude":"20.046",
				"system":"Vega",
				"telescope":"LCO",
				"u_time":"MJD",
				"source":"1"
			},
			{
				"time":"57551.230",
				"band":"W1",
				"e_magnitude":"0.090",
				"instrument":"UVOT",
				"magnitude":"19.320",
				"system":"Vega",
				"telescope":"Swift",
				"u_time":"MJD",
				"source":"1"
			},
			{
				"time":"57551.231",
				"band":"U",
				"e_magnitude":"0.140",
				"instrument":"UVOT",
				"magnitude":"19.300",
				"system":"Vega",
				"telescope":"Swift",
				"u_time":"MJD",
				"source":"1"
			},
			{
				"time":"57551.232",
				"band":"W2",
				"e_magnitude":"0.060",
				"instrument":"UVOT",
				"magnitude":"19.070",
				"system":"Vega",
				"telescope":"Swift",
				"u_time":"MJD",
				"source":"1"
			},
			{
				"time":"57551.236",
				"band":"M2",
				"e_magnitude":"0.070",
				"instrument":"UVOT",
				"magnitude":"19.250",
				"system":"Vega",
				"telescope":"Swift",
				"u_time":"MJD",
				"source":"1"
			},
			{
				"time":"57551.451",
				"band":"r",
				"e_magnitude":"0.030",
				"magnitude":"20.162",
				"system":"Vega",
				"telescope":"P60",
				"u_time":"MJD",
				"source":"1"
			},
			{
				"time":"57551.456",
				"band":"i",
				"e_magnitude":"0.052",
				"magnitude":"20.041",
				"system":"Vega",
				"telescope":"P60",
				"u_time":"MJD",
				"source":"1"
			},
			{
				"time":"57552.373",
				"band":"g",
				"e_magnitude":"0.103",
				"magnitude":"19.673",
				"system":"Vega",
				"telescope":"P48",
				"u_time":"MJD",
				"source":"1"
			},
			{
				"time":"57554.368",
				"band":"r",
				"e_magnitude":"0.074",
				"magnitude":"20.235",
				"system":"Vega",
				"telescope":"P60",
				"u_time":"MJD",
				"source":"1"
			},
			{
				"time":"57554.373",
				"band":"i",
				"e_magnitude":"0.118",
				"magnitude":"20.063",
				"system":"Vega",
				"telescope":"P60",
				"u_time":"MJD",
				"source":"1"
			},
			{
				"time":"57554.378",
				"band":"g",
				"e_magnitude":"0.042",
				"magnitude":"19.959",
				"system":"Vega",
				"telescope":"P60",
				"u_time":"MJD",
				"source":"1"
			},
			{
				"time":"57555.590",
				"band":"g",
				"e_magnitude":"0.157",
				"magnitude":"20.579",
				"system":"Vega",
				"telescope":"LCO",
				"u_time":"MJD",
				"source":"1"
			},
			{
				"time":"57555.599",
				"band":"i",
				"e_magnitude":"0.357",
				"magnitude":"19.796",
				"system":"Vega",
				"telescope":"LCO",
				"u_time":"MJD",
				"source":"1"
			},
			{
				"time":"57556.820",
				"band":"W1",
				"e_magnitude":"0.100",
				"instrument":"UVOT",
				"magnitude":"19.500",
				"system":"Vega",
				"telescope":"Swift",
				"u_time":"MJD",
				"source":"1"
			},
			{
				"time":"57556.822",
				"band":"U",
				"e_magnitude":"0.150",
				"instrument":"UVOT",
				"magnitude":"19.410",
				"system":"Vega",
				"telescope":"Swift",
				"u_time":"MJD",
				"source":"1"
			},
			{
				"time":"57556.824",
				"band":"W2",
				"e_magnitude":"0.070",
				"instrument":"UVOT",
				"magnitude":"19.350",
				"system":"Vega",
				"telescope":"Swift",
				"u_time":"MJD",
				"source":"1"
			},
			{
				"time":"57556.828",
				"band":"M2",
				"e_magnitude":"0.070",
				"instrument":"UVOT",
				"magnitude":"19.500",
				"system":"Vega",
				"telescope":"Swift",
				"u_time":"MJD",
				"source":"1"
			},
			{
				"time":"57558.459",
				"band":"r",
				"e_magnitude":"0.106",
				"magnitude":"20.404",
				"system":"Vega",
				"telescope":"P60",
				"u_time":"MJD",
				"source":"1"
			},
			{
				"time":"57558.464",
				"band":"i",
				"e_magnitude":"0.143",
				"magnitude":"20.171",
				"system":"Vega",
				"telescope":"P60",
				"u_time":"MJD",
				"source":"1"
			},
			{
				"time":"57558.469",
				"band":"g",
				"e_magnitude":"0.127",
				"magnitude":"20.192",
				"system":"Vega",
				"telescope":"P60",
				"u_time":"MJD",
				"source":"1"
			},
			{
				"time":"57559.483",
				"band":"r",
				"e_magnitude":"0.260",
				"magnitude":"20.401",
				"system":"Vega",
				"telescope":"P60",
				"u_time":"MJD",
				"source":"1"
			},
			{
				"time":"57561.391",
				"band":"W1",
				"e_magnitude":"0.160",
				"instrument":"UVOT",
				"magnitude":"19.650",
				"system":"Vega",
				"telescope":"Swift",
				"u_time":"MJD",
				"source":"1"
			},
			{
				"time":"57565.198",
				"band":"r",
				"e_magnitude":"0.127",
				"magnitude":"20.527",
				"system":"Vega",
				"telescope":"P60",
				"u_time":"MJD",
				"source":"1"
			},
			{
				"time":"57565.202",
				"band":"i",
				"e_magnitude":"0.356",
				"magnitude":"20.408",
				"system":"Vega",
				"telescope":"P60",
				"u_time":"MJD",
				"source":"1"
			},
			{
				"time":"57565.219",
				"band":"g",
				"e_magnitude":"0.076",
				"magnitude":"20.165",
				"system":"Vega",
				"telescope":"P60",
				"u_time":"MJD",
				"source":"1"
			},
			{
				"time":"57566.205",
				"band":"r",
				"e_magnitude":"0.029",
				"magnitude":"20.661",
				"system":"Vega",
				"telescope":"P60",
				"u_time":"MJD",
				"source":"1"
			},
			{
				"time":"57566.220",
				"band":"g",
				"e_magnitude":"0.027",
				"magnitude":"20.284",
				"system":"Vega",
				"telescope":"P60",
				"u_time":"MJD",
				"source":"1"
			},
			{
				"time":"57569.229",
				"band":"r",
				"e_magnitude":"0.040",
				"magnitude":"20.711",
				"system":"Vega",
				"telescope":"P60",
				"u_time":"MJD",
				"source":"1"
			},
			{
				"time":"57571.630",
				"band":"W1",
				"e_magnitude":"0.120",
				"instrument":"UVOT",
				"magnitude":"19.780",
				"system":"Vega",
				"telescope":"Swift",
				"u_time":"MJD",
				"source":"1"
			},
			{
				"time":"57571.632",
				"band":"U",
				"e_magnitude":"0.220",
				"instrument":"UVOT",
				"magnitude":"19.950",
				"system":"Vega",
				"telescope":"Swift",
				"u_time":"MJD",
				"source":"1"
			},
			{
				"time":"57571.634",
				"band":"W2",
				"e_magnitude":"0.090",
				"instrument":"UVOT",
				"magnitude":"19.920",
				"system":"Vega",
				"telescope":"Swift",
				"u_time":"MJD",
				"source":"1"
			},
			{
				"time":"57571.637",
				"band":"M2",
				"e_magnitude":"0.090",
				"instrument":"UVOT",
				"magnitude":"19.980",
				"system":"Vega",
				"telescope":"Swift",
				"u_time":"MJD",
				"source":"1"
			},
			{
				"time":"57574.502",
				"band":"g",
				"e_magnitude":"0.108",
				"magnitude":"20.918",
				"system":"Vega",
				"telescope":"LCO",
				"u_time":"MJD",
				"source":"1"
			},
			{
				"time":"57574.512",
				"band":"r",
				"e_magnitude":"0.283",
				"magnitude":"20.543",
				"system":"Vega",
				"telescope":"LCO",
				"u_time":"MJD",
				"source":"1"
			},
			{
				"time":"57574.519",
				"band":"i",
				"e_magnitude":"0.311",
				"magnitude":"20.586",
				"system":"Vega",
				"telescope":"LCO",
				"u_time":"MJD",
				"source":"1"
			},
			{
				"time":"57576.483",
				"band":"W1",
				"e_magnitude":"0.180",
				"instrument":"UVOT",
				"magnitude":"20.320",
				"system":"Vega",
				"telescope":"Swift",
				"u_time":"MJD",
				"source":"1"
			},
			{
				"time":"57576.484",
				"band":"U",
				"e_magnitude":"0.250",
				"instrument":"UVOT",
				"magnitude":"20.090",
				"system":"Vega",
				"telescope":"Swift",
				"u_time":"MJD",
				"source":"1"
			},
			{
				"time":"57576.485",
				"band":"W2",
				"e_magnitude":"0.100",
				"instrument":"UVOT",
				"magnitude":"20.040",
				"system":"Vega",
				"telescope":"Swift",
				"u_time":"MJD",
				"source":"1"
			},
			{
				"time":"57576.487",
				"band":"M2",
				"e_magnitude":"0.100",
				"instrument":"UVOT",
				"magnitude":"20.070",
				"system":"Vega",
				"telescope":"Swift",
				"u_time":"MJD",
				"source":"1"
			},
			{
				"time":"57581.465",
				"band":"g",
				"e_magnitude":"0.122",
				"magnitude":"20.931",
				"system":"Vega",
				"telescope":"LCO",
				"u_time":"MJD",
				"source":"1"
			},
			{
				"time":"57581.474",
				"band":"r",
				"e_magnitude":"0.297",
				"magnitude":"20.671",
				"system":"Vega",
				"telescope":"LCO",
				"u_time":"MJD",
				"source":"1"
			},
			{
				"time":"57581.482",
				"band":"i",
				"e_magnitude":"0.326",
				"magnitude":"20.642",
				"system":"Vega",
				"telescope":"LCO",
				"u_time":"MJD",
				"source":"1"
			},
			{
				"time":"57583.255",
				"band":"r",
				"e_magnitude":"0.087",
				"magnitude":"21.020",
				"system":"Vega",
				"telescope":"P60",
				"u_time":"MJD",
				"source":"1"
			},
			{
				"time":"57583.258",
				"band":"i",
				"e_magnitude":"0.127",
				"magnitude":"20.633",
				"system":"Vega",
				"telescope":"P60",
				"u_time":"MJD",
				"source":"1"
			},
			{
				"time":"57583.261",
				"band":"g",
				"e_magnitude":"0.053",
				"magnitude":"20.611",
				"system":"Vega",
				"telescope":"P60",
				"u_time":"MJD",
				"source":"1"
			},
			{
				"time":"57585.188",
				"band":"r",
				"e_magnitude":"0.113",
				"magnitude":"21.149",
				"system":"Vega",
				"telescope":"P60",
				"u_time":"MJD",
				"source":"1"
			},
			{
				"time":"57585.191",
				"band":"i",
				"e_magnitude":"0.093",
				"magnitude":"20.615",
				"system":"Vega",
				"telescope":"P60",
				"u_time":"MJD",
				"source":"1"
			},
			{
				"time":"57585.194",
				"band":"g",
				"e_magnitude":"0.070",
				"magnitude":"20.749",
				"system":"Vega",
				"telescope":"P60",
				"u_time":"MJD",
				"source":"1"
			},
			{
				"time":"57585.933",
				"band":"W1",
				"e_magnitude":"0.170",
				"instrument":"UVOT",
				"magnitude":"19.910",
				"system":"Vega",
				"telescope":"Swift",
				"u_time":"MJD",
				"source":"1"
			},
			{
				"time":"57585.935",
				"band":"U",
				"e_magnitude":"0.220",
				"instrument":"UVOT",
				"magnitude":"19.820",
				"system":"Vega",
				"telescope":"Swift",
				"u_time":"MJD",
				"source":"1"
			},
			{
				"time":"57585.937",
				"band":"W2",
				"e_magnitude":"0.110",
				"instrument":"UVOT",
				"magnitude":"19.920",
				"system":"Vega",
				"telescope":"Swift",
				"u_time":"MJD",
				"source":"1"
			},
			{
				"time":"57587.188",
				"band":"r",
				"e_magnitude":"0.144",
				"magnitude":"21.025",
				"system":"Vega",
				"telescope":"P60",
				"u_time":"MJD",
				"source":"1"
			},
			{
				"time":"57587.191",
				"band":"i",
				"e_magnitude":"0.144",
				"magnitude":"20.881",
				"system":"Vega",
				"telescope":"P60",
				"u_time":"MJD",
				"source":"1"
			},
			{
				"time":"57587.193",
				"band":"g",
				"e_magnitude":"0.105",
				"magnitude":"20.699",
				"system":"Vega",
				"telescope":"P60",
				"u_time":"MJD",
				"source":"1"
			},
			{
				"time":"57587.472",
				"band":"g",
				"e_magnitude":"0.274",
				"magnitude":"20.612",
				"system":"Vega",
				"telescope":"LCO",
				"u_time":"MJD",
				"source":"1"
			},
			{
				"time":"57587.480",
				"band":"r",
				"e_magnitude":"0.339",
				"magnitude":"20.580",
				"system":"Vega",
				"telescope":"LCO",
				"u_time":"MJD",
				"source":"1"
			},
			{
				"time":"57587.489",
				"band":"i",
				"e_magnitude":"0.462",
				"magnitude":"20.537",
				"system":"Vega",
				"telescope":"LCO",
				"u_time":"MJD",
				"source":"1"
			},
			{
				"time":"57587.587",
				"band":"U",
				"e_magnitude":"0.130",
				"instrument":"UVOT",
				"magnitude":"19.820",
				"system":"Vega",
				"telescope":"Swift",
				"u_time":"MJD",
				"source":"1"
			},
			{
				"time":"57587.593",
				"band":"M2",
				"e_magnitude":"0.110",
				"instrument":"UVOT",
				"magnitude":"20.110",
				"system":"Vega",
				"telescope":"Swift",
				"u_time":"MJD",
				"source":"1"
			},
			{
				"time":"57592.581",
				"band":"W1",
				"e_magnitude":"0.230",
				"instrument":"UVOT",
				"magnitude":"20.020",
				"system":"Vega",
				"telescope":"Swift",
				"u_time":"MJD",
				"source":"1"
			},
			{
				"time":"57592.583",
				"band":"W2",
				"e_magnitude":"0.160",
				"instrument":"UVOT",
				"magnitude":"20.220",
				"system":"Vega",
				"telescope":"Swift",
				"u_time":"MJD",
				"source":"1"
			},
			{
				"time":"57592.586",
				"band":"M2",
				"e_magnitude":"0.250",
				"instrument":"UVOT",
				"magnitude":"20.450",
				"system":"Vega",
				"telescope":"Swift",
				"u_time":"MJD",
				"source":"1"
			},
			{
				"time":"57593.228",
				"band":"r",
				"e_magnitude":"0.068",
				"magnitude":"21.063",
				"system":"Vega",
				"telescope":"P60",
				"u_time":"MJD",
				"source":"1"
			},
			{
				"time":"57593.231",
				"band":"i",
				"e_magnitude":"0.082",
				"magnitude":"20.829",
				"system":"Vega",
				"telescope":"P60",
				"u_time":"MJD",
				"source":"1"
			},
			{
				"time":"57593.234",
				"band":"g",
				"e_magnitude":"0.048",
				"magnitude":"20.736",
				"system":"Vega",
				"telescope":"P60",
				"u_time":"MJD",
				"source":"1"
			},
			{
				"time":"57594.422",
				"band":"W1",
				"e_magnitude":"0.140",
				"instrument":"UVOT",
				"magnitude":"20.500",
				"system":"Vega",
				"telescope":"Swift",
				"u_time":"MJD",
				"source":"1"
			},
			{
				"time":"57594.425",
				"band":"U",
				"e_magnitude":"0.130",
				"instrument":"UVOT",
				"magnitude":"19.940",
				"system":"Vega",
				"telescope":"Swift",
				"u_time":"MJD",
				"source":"1"
			},
			{
				"time":"57594.428",
				"band":"W2",
				"e_magnitude":"0.060",
				"instrument":"UVOT",
				"magnitude":"19.870",
				"system":"Vega",
				"telescope":"Swift",
				"u_time":"MJD",
				"source":"1"
			},
			{
				"time":"57594.436",
				"band":"M2",
				"e_magnitude":"0.100",
				"instrument":"UVOT",
				"magnitude":"20.060",
				"system":"Vega",
				"telescope":"Swift",
				"u_time":"MJD",
				"source":"1"
			},
			{
				"time":"57595.176",
				"band":"r",
				"e_magnitude":"0.102",
				"magnitude":"21.241",
				"system":"Vega",
				"telescope":"P60",
				"u_time":"MJD",
				"source":"1"
			},
			{
				"time":"57595.179",
				"band":"i",
				"e_magnitude":"0.143",
				"magnitude":"20.879",
				"system":"Vega",
				"telescope":"P60",
				"u_time":"MJD",
				"source":"1"
			},
			{
				"time":"57595.182",
				"band":"g",
				"e_magnitude":"0.048",
				"magnitude":"20.771",
				"system":"Vega",
				"telescope":"P60",
				"u_time":"MJD",
				"source":"1"
			},
			{
				"time":"57595.453",
				"band":"g",
				"e_magnitude":"0.278",
				"magnitude":"21.310",
				"system":"Vega",
				"telescope":"LCO",
				"u_time":"MJD",
				"source":"1"
			},
			{
				"time":"57595.462",
				"band":"r",
				"e_magnitude":"0.342",
				"magnitude":"20.603",
				"system":"Vega",
				"telescope":"LCO",
				"u_time":"MJD",
				"source":"1"
			},
			{
				"time":"57595.470",
				"band":"i",
				"e_magnitude":"0.408",
				"magnitude":"20.747",
				"system":"Vega",
				"telescope":"LCO",
				"u_time":"MJD",
				"source":"1"
			},
			{
				"time":"57597.234",
				"band":"r",
				"e_magnitude":"0.100",
				"magnitude":"21.213",
				"system":"Vega",
				"telescope":"P60",
				"u_time":"MJD",
				"source":"1"
			},
			{
				"time":"57597.237",
				"band":"i",
				"e_magnitude":"0.101",
				"magnitude":"20.769",
				"system":"Vega",
				"telescope":"P60",
				"u_time":"MJD",
				"source":"1"
			},
			{
				"time":"57597.239",
				"band":"g",
				"e_magnitude":"0.056",
				"magnitude":"20.883",
				"system":"Vega",
				"telescope":"P60",
				"u_time":"MJD",
				"source":"1"
			},
			{
				"time":"57599.092",
				"band":"W1",
				"e_magnitude":"0.130",
				"instrument":"UVOT",
				"magnitude":"20.190",
				"system":"Vega",
				"telescope":"Swift",
				"u_time":"MJD",
				"source":"1"
			},
			{
				"time":"57599.093",
				"band":"U",
				"e_magnitude":"0.190",
				"instrument":"UVOT",
				"magnitude":"20.220",
				"system":"Vega",
				"telescope":"Swift",
				"u_time":"MJD",
				"source":"1"
			},
			{
				"time":"57599.095",
				"band":"W2",
				"e_magnitude":"0.080",
				"instrument":"UVOT",
				"magnitude":"20.120",
				"system":"Vega",
				"telescope":"Swift",
				"u_time":"MJD",
				"source":"1"
			},
			{
				"time":"57599.099",
				"band":"M2",
				"e_magnitude":"0.160",
				"instrument":"UVOT",
				"magnitude":"20.160",
				"system":"Vega",
				"telescope":"Swift",
				"u_time":"MJD",
				"source":"1"
			},
			{
				"time":"57599.191",
				"band":"r",
				"e_magnitude":"0.077",
				"magnitude":"21.086",
				"system":"Vega",
				"telescope":"P60",
				"u_time":"MJD",
				"source":"1"
			},
			{
				"time":"57599.194",
				"band":"i",
				"e_magnitude":"0.101",
				"magnitude":"21.000",
				"system":"Vega",
				"telescope":"P60",
				"u_time":"MJD",
				"source":"1"
			},
			{
				"time":"57599.197",
				"band":"g",
				"e_magnitude":"0.046",
				"magnitude":"20.875",
				"system":"Vega",
				"telescope":"P60",
				"u_time":"MJD",
				"source":"1"
			},
			{
				"time":"57601.183",
				"band":"g",
				"e_magnitude":"0.081",
				"magnitude":"20.947",
				"system":"Vega",
				"telescope":"P60",
				"u_time":"MJD",
				"source":"1"
			},
			{
				"time":"57605.207",
				"band":"r",
				"e_magnitude":"0.069",
				"magnitude":"21.280",
				"system":"Vega",
				"telescope":"P60",
				"u_time":"MJD",
				"source":"1"
			},
			{
				"time":"57605.210",
				"band":"i",
				"e_magnitude":"0.089",
				"magnitude":"21.116",
				"system":"Vega",
				"telescope":"P60",
				"u_time":"MJD",
				"source":"1"
			},
			{
				"time":"57605.213",
				"band":"g",
				"e_magnitude":"0.048",
				"magnitude":"21.041",
				"system":"Vega",
				"telescope":"P60",
				"u_time":"MJD",
				"source":"1"
			},
			{
				"time":"57607.170",
				"band":"r",
				"e_magnitude":"0.105",
				"magnitude":"21.380",
				"system":"Vega",
				"telescope":"P60",
				"u_time":"MJD",
				"source":"1"
			},
			{
				"time":"57607.173",
				"band":"i",
				"e_magnitude":"0.125",
				"magnitude":"20.975",
				"system":"Vega",
				"telescope":"P60",
				"u_time":"MJD",
				"source":"1"
			},
			{
				"time":"57607.176",
				"band":"g",
				"e_magnitude":"0.052",
				"magnitude":"20.995",
				"system":"Vega",
				"telescope":"P60",
				"u_time":"MJD",
				"source":"1"
			},
			{
				"time":"57607.997",
				"band":"W1",
				"e_magnitude":"0.140",
				"instrument":"UVOT",
				"magnitude":"20.430",
				"system":"Vega",
				"telescope":"Swift",
				"u_time":"MJD",
				"source":"1"
			},
			{
				"time":"57607.998",
				"band":"U",
				"e_magnitude":"0.170",
				"instrument":"UVOT",
				"magnitude":"20.170",
				"system":"Vega",
				"telescope":"Swift",
				"u_time":"MJD",
				"source":"1"
			},
			{
				"time":"57607.999",
				"band":"W2",
				"e_magnitude":"0.080",
				"instrument":"UVOT",
				"magnitude":"20.300",
				"system":"Vega",
				"telescope":"Swift",
				"u_time":"MJD",
				"source":"1"
			},
			{
				"time":"57608.002",
				"band":"M2",
				"e_magnitude":"0.130",
				"instrument":"UVOT",
				"magnitude":"20.640",
				"system":"Vega",
				"telescope":"Swift",
				"u_time":"MJD",
				"source":"1"
			},
			{
				"time":"57609.171",
				"band":"r",
				"e_magnitude":"0.124",
				"magnitude":"21.317",
				"system":"Vega",
				"telescope":"P60",
				"u_time":"MJD",
				"source":"1"
			},
			{
				"time":"57609.174",
				"band":"i",
				"e_magnitude":"0.114",
				"magnitude":"21.109",
				"system":"Vega",
				"telescope":"P60",
				"u_time":"MJD",
				"source":"1"
			},
			{
				"time":"57609.177",
				"band":"g",
				"e_magnitude":"0.057",
				"magnitude":"21.011",
				"system":"Vega",
				"telescope":"P60",
				"u_time":"MJD",
				"source":"1"
			},
			{
				"time":"57611.191",
				"band":"r",
				"e_magnitude":"0.108",
				"magnitude":"21.267",
				"system":"Vega",
				"telescope":"P60",
				"u_time":"MJD",
				"source":"1"
			},
			{
				"time":"57611.194",
				"band":"i",
				"e_magnitude":"0.223",
				"magnitude":"21.012",
				"system":"Vega",
				"telescope":"P60",
				"u_time":"MJD",
				"source":"1"
			},
			{
				"time":"57611.196",
				"band":"g",
				"e_magnitude":"0.067",
				"magnitude":"21.079",
				"system":"Vega",
				"telescope":"P60",
				"u_time":"MJD",
				"source":"1"
			},
			{
				"time":"57613.167",
				"band":"r",
				"e_magnitude":"0.150",
				"magnitude":"21.377",
				"system":"Vega",
				"telescope":"P60",
				"u_time":"MJD",
				"source":"1"
			},
			{
				"time":"57613.170",
				"band":"i",
				"e_magnitude":"0.163",
				"magnitude":"20.974",
				"system":"Vega",
				"telescope":"P60",
				"u_time":"MJD",
				"source":"1"
			},
			{
				"time":"57613.173",
				"band":"g",
				"e_magnitude":"0.100",
				"magnitude":"21.038",
				"system":"Vega",
				"telescope":"P60",
				"u_time":"MJD",
				"source":"1"
			},
			{
				"time":"57613.235",
				"band":"W1",
				"e_magnitude":"0.130",
				"instrument":"UVOT",
				"magnitude":"20.430",
				"system":"Vega",
				"telescope":"Swift",
				"u_time":"MJD",
				"source":"1"
			},
			{
				"time":"57613.238",
				"band":"U",
				"e_magnitude":"0.150",
				"instrument":"UVOT",
				"magnitude":"20.220",
				"system":"Vega",
				"telescope":"Swift",
				"u_time":"MJD",
				"source":"1"
			},
			{
				"time":"57613.241",
				"band":"W2",
				"e_magnitude":"0.070",
				"instrument":"UVOT",
				"magnitude":"20.380",
				"system":"Vega",
				"telescope":"Swift",
				"u_time":"MJD",
				"source":"1"
			},
			{
				"time":"57613.248",
				"band":"M2",
				"e_magnitude":"0.120",
				"instrument":"UVOT",
				"magnitude":"20.550",
				"system":"Vega",
				"telescope":"Swift",
				"u_time":"MJD",
				"source":"1"
			},
			{
				"time":"57614.175",
				"band":"r",
				"e_magnitude":"0.171",
				"magnitude":"21.320",
				"system":"Vega",
				"telescope":"P60",
				"u_time":"MJD",
				"source":"1"
			},
			{
				"time":"57614.180",
				"band":"g",
				"e_magnitude":"0.141",
				"magnitude":"21.261",
				"system":"Vega",
				"telescope":"P60",
				"u_time":"MJD",
				"source":"1"
			},
			{
				"time":"57615.168",
				"band":"g",
				"e_magnitude":"0.177",
				"magnitude":"21.221",
				"system":"Vega",
				"telescope":"P60",
				"u_time":"MJD",
				"source":"1"
			},
			{
				"time":"57616.161",
				"band":"r",
				"e_magnitude":"0.212",
				"magnitude":"21.284",
				"system":"Vega",
				"telescope":"P60",
				"u_time":"MJD",
				"source":"1"
			},
			{
				"time":"57616.163",
				"band":"i",
				"e_magnitude":"0.189",
				"magnitude":"21.030",
				"system":"Vega",
				"telescope":"P60",
				"u_time":"MJD",
				"source":"1"
			},
			{
				"time":"57616.166",
				"band":"g",
				"e_magnitude":"0.113",
				"magnitude":"21.111",
				"system":"Vega",
				"telescope":"P60",
				"u_time":"MJD",
				"source":"1"
			},
			{
				"time":"57617.163",
				"band":"r",
				"e_magnitude":"0.244",
				"magnitude":"21.155",
				"system":"Vega",
				"telescope":"P60",
				"u_time":"MJD",
				"source":"1"
			},
			{
				"time":"57617.166",
				"band":"i",
				"e_magnitude":"0.286",
				"magnitude":"21.165",
				"system":"Vega",
				"telescope":"P60",
				"u_time":"MJD",
				"source":"1"
			},
			{
				"time":"57617.169",
				"band":"g",
				"e_magnitude":"0.181",
				"magnitude":"20.903",
				"system":"Vega",
				"telescope":"P60",
				"u_time":"MJD",
				"source":"1"
			},
			{
				"time":"57618.150",
				"band":"g",
				"e_magnitude":"0.191",
				"magnitude":"21.329",
				"system":"Vega",
				"telescope":"P60",
				"u_time":"MJD",
				"source":"1"
			},
			{
				"time":"57619.156",
				"band":"g",
				"e_magnitude":"0.143",
				"magnitude":"20.976",
				"system":"Vega",
				"telescope":"P60",
				"u_time":"MJD",
				"source":"1"
			},
			{
				"time":"57620.538",
				"band":"W1",
				"e_magnitude":"0.190",
				"instrument":"UVOT",
				"magnitude":"20.740",
				"system":"Vega",
				"telescope":"Swift",
				"u_time":"MJD",
				"source":"1"
			},
			{
				"time":"57620.540",
				"band":"U",
				"e_magnitude":"0.200",
				"instrument":"UVOT",
				"magnitude":"20.140",
				"system":"Vega",
				"telescope":"Swift",
				"u_time":"MJD",
				"source":"1"
			},
			{
				"time":"57620.542",
				"band":"W2",
				"e_magnitude":"0.090",
				"instrument":"UVOT",
				"magnitude":"20.470",
				"system":"Vega",
				"telescope":"Swift",
				"u_time":"MJD",
				"source":"1"
			},
			{
				"time":"57620.546",
				"band":"M2",
				"e_magnitude":"0.150",
				"instrument":"UVOT",
				"magnitude":"20.740",
				"system":"Vega",
				"telescope":"Swift",
				"u_time":"MJD",
				"source":"1"
			},
			{
				"time":"57621.144",
				"band":"r",
				"e_magnitude":"0.170",
				"magnitude":"21.398",
				"system":"Vega",
				"telescope":"P60",
				"u_time":"MJD",
				"source":"1"
			},
			{
				"time":"57621.150",
				"band":"g",
				"e_magnitude":"0.120",
				"magnitude":"21.160",
				"system":"Vega",
				"telescope":"P60",
				"u_time":"MJD",
				"source":"1"
			},
			{
				"time":"57625.153",
				"band":"r",
				"e_magnitude":"0.107",
				"magnitude":"21.358",
				"system":"Vega",
				"telescope":"P60",
				"u_time":"MJD",
				"source":"1"
			},
			{
				"time":"57625.156",
				"band":"i",
				"e_magnitude":"0.125",
				"magnitude":"21.086",
				"system":"Vega",
				"telescope":"P60",
				"u_time":"MJD",
				"source":"1"
			},
			{
				"time":"57625.158",
				"band":"g",
				"e_magnitude":"0.049",
				"magnitude":"21.203",
				"system":"Vega",
				"telescope":"P60",
				"u_time":"MJD",
				"source":"1"
			},
			{
				"time":"57629.148",
				"band":"r",
				"e_magnitude":"0.091",
				"magnitude":"21.478",
				"system":"Vega",
				"telescope":"P60",
				"u_time":"MJD",
				"source":"1"
			},
			{
				"time":"57631.146",
				"band":"r",
				"e_magnitude":"0.160",
				"magnitude":"21.474",
				"system":"Vega",
				"telescope":"P60",
				"u_time":"MJD",
				"source":"1"
			},
			{
				"time":"57631.149",
				"band":"i",
				"e_magnitude":"0.141",
				"magnitude":"21.146",
				"system":"Vega",
				"telescope":"P60",
				"u_time":"MJD",
				"source":"1"
			},
			{
				"time":"57631.152",
				"band":"g",
				"e_magnitude":"0.071",
				"magnitude":"21.218",
				"system":"Vega",
				"telescope":"P60",
				"u_time":"MJD",
				"source":"1"
			},
			{
				"time":"57633.161",
				"band":"r",
				"e_magnitude":"0.113",
				"magnitude":"21.464",
				"system":"Vega",
				"telescope":"P60",
				"u_time":"MJD",
				"source":"1"
			},
			{
				"time":"57633.164",
				"band":"i",
				"e_magnitude":"0.155",
				"magnitude":"21.111",
				"system":"Vega",
				"telescope":"P60",
				"u_time":"MJD",
				"source":"1"
			},
			{
				"time":"57633.166",
				"band":"g",
				"e_magnitude":"0.063",
				"magnitude":"21.297",
				"system":"Vega",
				"telescope":"P60",
				"u_time":"MJD",
				"source":"1"
			},
			{
				"time":"57635.135",
				"band":"g",
				"e_magnitude":"0.138",
				"magnitude":"21.356",
				"system":"Vega",
				"telescope":"P60",
				"u_time":"MJD",
				"source":"1"
			},
			{
				"time":"57637.139",
				"band":"r",
				"e_magnitude":"0.226",
				"magnitude":"21.650",
				"system":"Vega",
				"telescope":"P60",
				"u_time":"MJD",
				"source":"1"
			},
			{
				"time":"57639.222",
				"band":"r",
				"e_magnitude":"0.180",
				"magnitude":"21.634",
				"system":"Vega",
				"telescope":"P60",
				"u_time":"MJD",
				"source":"1"
			},
			{
				"time":"57639.224",
				"band":"i",
				"e_magnitude":"0.244",
				"magnitude":"21.417",
				"system":"Vega",
				"telescope":"P60",
				"u_time":"MJD",
				"source":"1"
			},
			{
				"time":"57639.227",
				"band":"g",
				"e_magnitude":"0.093",
				"magnitude":"21.413",
				"system":"Vega",
				"telescope":"P60",
				"u_time":"MJD",
				"source":"1"
			},
			{
				"time":"57640.182",
				"band":"r",
				"e_magnitude":"0.096",
				"magnitude":"21.489",
				"system":"Vega",
				"telescope":"P60",
				"u_time":"MJD",
				"source":"1"
			},
			{
				"time":"57646.151",
				"band":"r",
				"e_magnitude":"0.356",
				"magnitude":"21.640",
				"system":"Vega",
				"telescope":"P60",
				"u_time":"MJD",
				"source":"1"
			},
			{
				"time":"57646.171",
				"band":"i",
				"e_magnitude":"0.256",
				"magnitude":"21.199",
				"system":"Vega",
				"telescope":"P60",
				"u_time":"MJD",
				"source":"1"
			},
			{
				"time":"57646.190",
				"band":"g",
				"e_magnitude":"0.330",
				"magnitude":"21.328",
				"system":"Vega",
				"telescope":"P60",
				"u_time":"MJD",
				"source":"1"
			},
			{
				"time":"57656.140",
				"band":"r",
				"e_magnitude":"0.527",
				"magnitude":"21.896",
				"system":"Vega",
				"telescope":"P60",
				"u_time":"MJD",
				"source":"1"
			},
			{
				"time":"57656.163",
				"band":"i",
				"e_magnitude":"0.276",
				"magnitude":"21.213",
				"system":"Vega",
				"telescope":"P60",
				"u_time":"MJD",
				"source":"1"
			},
			{
				"time":"57656.182",
				"band":"g",
				"e_magnitude":"0.277",
				"magnitude":"21.536",
				"system":"Vega",
				"telescope":"P60",
				"u_time":"MJD",
				"source":"1"
			}
		]
	}
}