{"iPTF16fnl": {"discoverer": [{"source": "7", "value": "iPTF"}], "redshift": [{"source": "7", "kind": "spectroscopic", "value": "0.016328"}], "claimedtype": [{"source": "7", "value": "TDE"}], "maxvisualdate": [{"source": "1,8", "derived": true, "value": "2016/08/30"}], "sources": [{"alias": "1", "bibcode": "2017arXiv170300965B", "name": "2017arXiv170300965B", "reference": "Blagorodnova et al. (2017)"}, {"alias": "2", "bibcode": "2017ApJ...838..149A", "name": "2017ApJ...838..149A", "reference": "Auchettl, Guillochon, & Ramirez-Ruiz (2017)"}, {"alias": "3", "bibcode": "2016ATel.9433....1G", "name": "2016ATel.9433....1G", "reference": "Gezari et al. (2016)"}, {"alias": "4", "bibcode": "2016A&A...594A..13P", "name": "2016A&A...594A..13P", "reference": "Planck Collaboration et al. (2016)"}, {"alias": "5", "bibcode": "2011ApJ...737..103S", "name": "2011ApJ...737..103S", "reference": "Schlafly & Finkbeiner (2011)"}, {"url": "http://www.astronomerstelegram.org/?read=9433", "alias": "6", "name": "ATel 9433"}, {"url": "https://wis-tns.weizmann.ac.il/", "alias": "7", "name": "Transient Name Server"}, {"bibcode": "2017ApJ...835...64G", "name": "The Open TDE Catalog", "reference": "Guillochon et al. (2017)", "url": "https://tde.space", "alias": "8", "secondary": true}, {"bibcode": "2000A&AS..143....9W", "name": "SIMBAD astronomical database", "reference": "Wenger et al. (2000)", "url": "http://simbad.u-strasbg.fr/", "alias": "9", "secondary": true}], "maxabsmag": [{"source": "4,7,8", "derived": true, "value": "-19.1139"}], "ebv": [{"e_value": "0.0016", "derived": true, "value": "0.0713", "source": "5,8"}], "hostdec": [{"source": "6", "u_value": "degrees", "value": "+32:53:37.24"}], "comovingdist": [{"u_value": "Mpc", "derived": true, "value": "71.987", "source": "4,7,8"}], "maxappmag": [{"source": "1,8", "derived": true, "value": "15.19"}], "maxdate": [{"source": "1,8", "derived": true, "value": "2016/08/30"}], "maxvisualband": [{"source": "1,8", "derived": true, "value": "B"}], "ra": [{"source": "3,6,7,9", "u_value": "hours", "value": "00:29:57.04"}], "maxvisualappmag": [{"source": "1,8", "derived": true, "value": "15.68"}], "schema": "https://github.com/astrocatalogs/tidaldisruptions/blob/f405406/SCHEMA.md", "hostra": [{"source": "6", "u_value": "hours", "value": "00:29:57.010"}], "lumdist": [{"u_value": "Mpc", "kind": "spectroscopic", "derived": true, "value": "73.163", "source": "4,7,8"}], "maxband": [{"source": "1,8", "derived": true, "value": "V"}], "host": [{"source": "6", "value": "MRK 950"}], "discoverdate": [{"source": "6", "value": "2016/08/26"}], "photometry": [{"u_energy": "keV", "telescope": "ROSAT", "instrument": "PSPC", "source": "2", "luminosity": "7.96E+40", "energy": ["0.3", "2.0"], "u_countrate": "s^-1", "photonindex": "4.5", "countrate": "0.0206", "flux": "1.36E-13", "nhmw": "0.0561", "u_flux": "ergs/cm^2/s", "u_time": "MJD", "time": ["48100", "48100.004"], "upperlimit": true}, {"telescope": "P48", "observer": "iPTF", "instrument": "CFH12k", "source": "7", "band": "R", "magnitude": "21.5", "u_time": "MJD", "time": "54832.5", "upperlimit": true}, {"source": "6", "band": "g", "magnitude": "17.4", "u_time": "MJD", "time": "57626"}, {"source": "6", "band": "r", "magnitude": "17.7", "u_time": "MJD", "time": "57626"}, {"e_magnitude": "0.07", "telescope": "P48", "instrument": "CFH12k", "band": "g", "magnitude": "17.50", "u_time": "MJD", "time": "57626.4", "source": "1"}, {"e_magnitude": "0.09", "telescope": "P48", "instrument": "CFH12k", "band": "g", "magnitude": "17.23", "u_time": "MJD", "time": "57629.4", "source": "1"}, {"e_magnitude": "0.08", "telescope": "P48", "instrument": "CFH12k", "band": "r", "magnitude": "17.54", "u_time": "MJD", "time": "57629.4", "source": "1"}, {"telescope": "P48", "observer": "iPTF", "instrument": "CFH12k", "band": "R", "magnitude": "17.2273", "u_time": "MJD", "time": "57629.4229977", "source": "7"}, {"e_magnitude": "0.03", "telescope": "Swift", "instrument": "UVOT", "band": "B", "magnitude": "15.68", "u_time": "MJD", "time": "57630.8", "source": "1"}, {"e_magnitude": "0.04", "telescope": "Swift", "instrument": "UVOT", "band": "M2", "magnitude": "16.92", "u_time": "MJD", "time": "57630.8", "source": "1"}, {"e_magnitude": "0.04", "telescope": "Swift", "instrument": "UVOT", "band": "U", "magnitude": "16.35", "u_time": "MJD", "time": "57630.8", "source": "1"}, {"e_magnitude": "0.04", "telescope": "Swift", "instrument": "UVOT", "band": "V", "magnitude": "15.19", "u_time": "MJD", "time": "57630.8", "source": "1"}, {"e_magnitude": "0.04", "telescope": "Swift", "instrument": "UVOT", "band": "W1", "magnitude": "16.83", "u_time": "MJD", "time": "57630.8", "source": "1"}, {"e_magnitude": "0.04", "telescope": "Swift", "instrument": "UVOT", "band": "W2", "magnitude": "16.61", "u_time": "MJD", "time": "57630.8", "source": "1"}, {"e_magnitude": "0.07", "telescope": "P60", "instrument": "SEDM", "band": "g", "magnitude": "17.17", "u_time": "MJD", "time": "57631.7", "source": "1"}, {"e_magnitude": "0.12", "telescope": "P60", "instrument": "SEDM", "band": "r", "magnitude": "17.42", "u_time": "MJD", "time": "57631.7", "source": "1"}, {"e_magnitude": "0.09", "telescope": "P60", "instrument": "SEDM", "band": "u", "magnitude": "17.13", "u_time": "MJD", "time": "57631.7", "source": "1"}, {"e_magnitude": "0.07", "telescope": "P48", "instrument": "CFH12k", "band": "g", "magnitude": "17.24", "u_time": "MJD", "time": "57632.4", "source": "1"}, {"e_magnitude": "0.07", "telescope": "P60", "instrument": "SEDM", "band": "g", "magnitude": "17.24", "u_time": "MJD", "time": "57633.0", "source": "1"}, {"e_magnitude": "0.08", "telescope": "P60", "instrument": "SEDM", "band": "i", "magnitude": "17.28", "u_time": "MJD", "time": "57633.0", "source": "1"}, {"e_magnitude": "0.09", "telescope": "P60", "instrument": "SEDM", "band": "r", "magnitude": "17.31", "u_time": "MJD", "time": "57633.0", "source": "1"}, {"e_magnitude": "0.07", "telescope": "P60", "instrument": "SEDM", "band": "u", "magnitude": "17.11", "u_time": "MJD", "time": "57633.0", "source": "1"}, {"e_magnitude": "0.06", "telescope": "P60", "instrument": "SEDM", "band": "g", "magnitude": "17.23", "u_time": "MJD", "time": "57634.7", "source": "1"}, {"e_magnitude": "0.09", "telescope": "P60", "instrument": "SEDM", "band": "i", "magnitude": "17.26", "u_time": "MJD", "time": "57634.7", "source": "1"}, {"e_magnitude": "0.12", "telescope": "P60", "instrument": "SEDM", "band": "r", "magnitude": "17.33", "u_time": "MJD", "time": "57634.7", "source": "1"}, {"e_magnitude": "0.07", "telescope": "P60", "instrument": "SEDM", "band": "u", "magnitude": "17.16", "u_time": "MJD", "time": "57634.7", "source": "1"}, {"e_magnitude": "0.04", "telescope": "Swift", "instrument": "UVOT", "band": "B", "magnitude": "15.74", "u_time": "MJD", "time": "57635.2", "source": "1"}, {"e_magnitude": "0.04", "telescope": "Swift", "instrument": "UVOT", "band": "M2", "magnitude": "17.09", "u_time": "MJD", "time": "57635.2", "source": "1"}, {"e_magnitude": "0.04", "telescope": "Swift", "instrument": "UVOT", "band": "U", "magnitude": "16.55", "u_time": "MJD", "time": "57635.2", "source": "1"}, {"e_magnitude": "0.05", "telescope": "Swift", "instrument": "UVOT", "band": "V", "magnitude": "15.31", "u_time": "MJD", "time": "57635.2", "source": "1"}, {"e_magnitude": "0.05", "telescope": "Swift", "instrument": "UVOT", "band": "W1", "magnitude": "16.95", "u_time": "MJD", "time": "57635.2", "source": "1"}, {"e_magnitude": "0.04", "telescope": "Swift", "instrument": "UVOT", "band": "W2", "magnitude": "16.84", "u_time": "MJD", "time": "57635.2", "source": "1"}, {"e_magnitude": "0.06", "telescope": "P48", "instrument": "CFH12k", "band": "g", "magnitude": "17.29", "u_time": "MJD", "time": "57635.4", "source": "1"}, {"e_magnitude": "0.08", "telescope": "P48", "instrument": "CFH12k", "band": "r", "magnitude": "17.48", "u_time": "MJD", "time": "57635.4", "source": "1"}, {"e_magnitude": "0.07", "telescope": "P60", "instrument": "SEDM", "band": "g", "magnitude": "17.35", "u_time": "MJD", "time": "57635.8", "source": "1"}, {"e_magnitude": "0.08", "telescope": "P60", "instrument": "SEDM", "band": "i", "magnitude": "17.44", "u_time": "MJD", "time": "57635.8", "source": "1"}, {"e_magnitude": "0.11", "telescope": "P60", "instrument": "SEDM", "band": "r", "magnitude": "17.46", "u_time": "MJD", "time": "57635.8", "source": "1"}, {"e_magnitude": "0.08", "telescope": "P60", "instrument": "SEDM", "band": "u", "magnitude": "17.24", "u_time": "MJD", "time": "57635.8", "source": "1"}, {"e_magnitude": "0.04", "telescope": "Swift", "instrument": "UVOT", "band": "B", "magnitude": "15.82", "u_time": "MJD", "time": "57636.6", "source": "1"}, {"e_magnitude": "0.04", "telescope": "Swift", "instrument": "UVOT", "band": "M2", "magnitude": "17.15", "u_time": "MJD", "time": "57636.6", "source": "1"}, {"e_magnitude": "0.04", "telescope": "Swift", "instrument": "UVOT", "band": "U", "magnitude": "16.54", "u_time": "MJD", "time": "57636.6", "source": "1"}, {"e_magnitude": "0.04", "telescope": "Swift", "instrument": "UVOT", "band": "V", "magnitude": "15.38", "u_time": "MJD", "time": "57636.6", "source": "1"}, {"e_magnitude": "0.04", "telescope": "Swift", "instrument": "UVOT", "band": "W1", "magnitude": "17.03", "u_time": "MJD", "time": "57636.6", "source": "1"}, {"e_magnitude": "0.04", "telescope": "Swift", "instrument": "UVOT", "band": "W2", "magnitude": "16.88", "u_time": "MJD", "time": "57636.6", "source": "1"}, {"e_magnitude": "0.08", "telescope": "P60", "instrument": "SEDM", "band": "g", "magnitude": "17.45", "u_time": "MJD", "time": "57636.8", "source": "1"}, {"e_magnitude": "0.10", "telescope": "P60", "instrument": "SEDM", "band": "i", "magnitude": "17.48", "u_time": "MJD", "time": "57636.8", "source": "1"}, {"e_magnitude": "0.11", "telescope": "P60", "instrument": "SEDM", "band": "r", "magnitude": "17.60", "u_time": "MJD", "time": "57636.8", "source": "1"}, {"e_magnitude": "0.08", "telescope": "P60", "instrument": "SEDM", "band": "u", "magnitude": "17.33", "u_time": "MJD", "time": "57636.8", "source": "1"}, {"e_magnitude": "0.07", "telescope": "P60", "instrument": "SEDM", "band": "g", "magnitude": "17.54", "u_time": "MJD", "time": "57637.7", "source": "1"}, {"e_magnitude": "0.07", "telescope": "P60", "instrument": "SEDM", "band": "i", "magnitude": "17.53", "u_time": "MJD", "time": "57637.7", "source": "1"}, {"e_magnitude": "0.07", "telescope": "P60", "instrument": "SEDM", "band": "r", "magnitude": "17.64", "u_time": "MJD", "time": "57637.7", "source": "1"}, {"e_magnitude": "0.12", "telescope": "P60", "instrument": "SEDM", "band": "u", "magnitude": "17.44", "u_time": "MJD", "time": "57637.7", "source": "1"}, {"e_magnitude": "0.04", "telescope": "Swift", "instrument": "UVOT", "band": "B", "magnitude": "15.75", "u_time": "MJD", "time": "57638.3", "source": "1"}, {"e_magnitude": "0.05", "telescope": "Swift", "instrument": "UVOT", "band": "M2", "magnitude": "17.27", "u_time": "MJD", "time": "57638.3", "source": "1"}, {"e_magnitude": "0.04", "telescope": "Swift", "instrument": "UVOT", "band": "U", "magnitude": "16.60", "u_time": "MJD", "time": "57638.3", "source": "1"}, {"e_magnitude": "0.05", "telescope": "Swift", "instrument": "UVOT", "band": "V", "magnitude": "15.40", "u_time": "MJD", "time": "57638.3", "source": "1"}, {"e_magnitude": "0.05", "telescope": "Swift", "instrument": "UVOT", "band": "W1", "magnitude": "17.20", "u_time": "MJD", "time": "57638.3", "source": "1"}, {"e_magnitude": "0.04", "telescope": "Swift", "instrument": "UVOT", "band": "W2", "magnitude": "17.03", "u_time": "MJD", "time": "57638.3", "source": "1"}, {"e_magnitude": "0.07", "telescope": "P48", "instrument": "CFH12k", "band": "g", "magnitude": "17.59", "u_time": "MJD", "time": "57638.4", "source": "1"}, {"e_magnitude": "0.10", "telescope": "P48", "instrument": "CFH12k", "band": "r", "magnitude": "17.84", "u_time": "MJD", "time": "57638.4", "source": "1"}, {"e_magnitude": "0.07", "telescope": "P60", "instrument": "SEDM", "band": "g", "magnitude": "17.55", "u_time": "MJD", "time": "57638.7", "source": "1"}, {"e_magnitude": "0.07", "telescope": "P60", "instrument": "SEDM", "band": "i", "magnitude": "17.69", "u_time": "MJD", "time": "57638.7", "source": "1"}, {"e_magnitude": "0.07", "telescope": "P60", "instrument": "SEDM", "band": "r", "magnitude": "17.65", "u_time": "MJD", "time": "57638.7", "source": "1"}, {"e_magnitude": "0.07", "telescope": "P60", "instrument": "SEDM", "band": "u", "magnitude": "17.49", "u_time": "MJD", "time": "57638.7", "source": "1"}, {"e_magnitude": "0.04", "telescope": "Swift", "instrument": "UVOT", "band": "B", "magnitude": "15.82", "u_time": "MJD", "time": "57639.4", "source": "1"}, {"e_magnitude": "0.04", "telescope": "Swift", "instrument": "UVOT", "band": "M2", "magnitude": "17.36", "u_time": "MJD", "time": "57639.4", "source": "1"}, {"e_magnitude": "0.04", "telescope": "Swift", "instrument": "UVOT", "band": "U", "magnitude": "16.69", "u_time": "MJD", "time": "57639.4", "source": "1"}, {"e_magnitude": "0.04", "telescope": "Swift", "instrument": "UVOT", "band": "V", "magnitude": "15.39", "u_time": "MJD", "time": "57639.4", "source": "1"}, {"e_magnitude": "0.05", "telescope": "Swift", "instrument": "UVOT", "band": "W1", "magnitude": "17.23", "u_time": "MJD", "time": "57639.4", "source": "1"}, {"e_magnitude": "0.04", "telescope": "Swift", "instrument": "UVOT", "band": "W2", "magnitude": "17.11", "u_time": "MJD", "time": "57639.4", "source": "1"}, {"e_magnitude": "0.07", "telescope": "P60", "instrument": "SEDM", "band": "g", "magnitude": "17.64", "u_time": "MJD", "time": "57639.7", "source": "1"}, {"e_magnitude": "0.07", "telescope": "P60", "instrument": "SEDM", "band": "i", "magnitude": "17.65", "u_time": "MJD", "time": "57639.7", "source": "1"}, {"e_magnitude": "0.07", "telescope": "P60", "instrument": "SEDM", "band": "r", "magnitude": "17.70", "u_time": "MJD", "time": "57639.7", "source": "1"}, {"e_magnitude": "0.09", "telescope": "P60", "instrument": "SEDM", "band": "u", "magnitude": "17.56", "u_time": "MJD", "time": "57639.7", "source": "1"}, {"e_magnitude": "0.04", "telescope": "Swift", "instrument": "UVOT", "band": "B", "magnitude": "15.84", "u_time": "MJD", "time": "57640.1", "source": "1"}, {"e_magnitude": "0.04", "telescope": "Swift", "instrument": "UVOT", "band": "M2", "magnitude": "17.40", "u_time": "MJD", "time": "57640.1", "source": "1"}, {"e_magnitude": "0.04", "telescope": "Swift", "instrument": "UVOT", "band": "U", "magnitude": "16.69", "u_time": "MJD", "time": "57640.1", "source": "1"}, {"e_magnitude": "0.04", "telescope": "Swift", "instrument": "UVOT", "band": "V", "magnitude": "15.37", "u_time": "MJD", "time": "57640.1", "source": "1"}, {"e_magnitude": "0.05", "telescope": "Swift", "instrument": "UVOT", "band": "W1", "magnitude": "17.29", "u_time": "MJD", "time": "57640.1", "source": "1"}, {"e_magnitude": "0.04", "telescope": "Swift", "instrument": "UVOT", "band": "W2", "magnitude": "17.10", "u_time": "MJD", "time": "57640.1", "source": "1"}, {"e_magnitude": "0.07", "telescope": "P60", "instrument": "SEDM", "band": "g", "magnitude": "17.70", "u_time": "MJD", "time": "57640.7", "source": "1"}, {"e_magnitude": "0.07", "telescope": "P60", "instrument": "SEDM", "band": "i", "magnitude": "17.74", "u_time": "MJD", "time": "57640.7", "source": "1"}, {"e_magnitude": "0.06", "telescope": "P60", "instrument": "SEDM", "band": "r", "magnitude": "17.70", "u_time": "MJD", "time": "57640.7", "source": "1"}, {"e_magnitude": "0.07", "telescope": "P60", "instrument": "SEDM", "band": "u", "magnitude": "17.65", "u_time": "MJD", "time": "57640.7", "source": "1"}, {"e_magnitude": "0.08", "telescope": "P48", "instrument": "CFH12k", "band": "g", "magnitude": "17.81", "u_time": "MJD", "time": "57641.4", "source": "1"}, {"e_magnitude": "0.09", "telescope": "P48", "instrument": "CFH12k", "band": "r", "magnitude": "18.22", "u_time": "MJD", "time": "57641.4", "source": "1"}, {"e_magnitude": "0.08", "telescope": "P48", "instrument": "CFH12k", "band": "g", "magnitude": "17.91", "u_time": "MJD", "time": "57642.4", "source": "1"}, {"e_magnitude": "0.06", "telescope": "P48", "instrument": "CFH12k", "band": "r", "magnitude": "18.04", "u_time": "MJD", "time": "57642.4", "source": "1"}, {"e_magnitude": "0.05", "telescope": "Swift", "instrument": "UVOT", "band": "B", "magnitude": "15.87", "u_time": "MJD", "time": "57642.6", "source": "1"}, {"e_magnitude": "0.06", "telescope": "Swift", "instrument": "UVOT", "band": "M2", "magnitude": "17.54", "u_time": "MJD", "time": "57642.6", "source": "1"}, {"e_magnitude": "0.07", "telescope": "Swift", "instrument": "UVOT", "band": "U", "magnitude": "16.87", "u_time": "MJD", "time": "57642.6", "source": "1"}, {"e_magnitude": "0.07", "telescope": "Swift", "instrument": "UVOT", "band": "V", "magnitude": "15.34", "u_time": "MJD", "time": "57642.6", "source": "1"}, {"e_magnitude": "0.07", "telescope": "Swift", "instrument": "UVOT", "band": "W1", "magnitude": "17.42", "u_time": "MJD", "time": "57642.6", "source": "1"}, {"e_magnitude": "0.05", "telescope": "Swift", "instrument": "UVOT", "band": "W2", "magnitude": "17.31", "u_time": "MJD", "time": "57642.6", "source": "1"}, {"e_magnitude": "0.04", "telescope": "Swift", "instrument": "UVOT", "band": "B", "magnitude": "15.92", "u_time": "MJD", "time": "57643.6", "source": "1"}, {"e_magnitude": "0.05", "telescope": "Swift", "instrument": "UVOT", "band": "M2", "magnitude": "17.69", "u_time": "MJD", "time": "57643.6", "source": "1"}, {"e_magnitude": "0.04", "telescope": "Swift", "instrument": "UVOT", "band": "U", "magnitude": "16.90", "u_time": "MJD", "time": "57643.6", "source": "1"}, {"e_magnitude": "0.05", "telescope": "Swift", "instrument": "UVOT", "band": "V", "magnitude": "15.39", "u_time": "MJD", "time": "57643.6", "source": "1"}, {"e_magnitude": "0.05", "telescope": "Swift", "instrument": "UVOT", "band": "W1", "magnitude": "17.51", "u_time": "MJD", "time": "57643.6", "source": "1"}, {"e_magnitude": "0.04", "telescope": "Swift", "instrument": "UVOT", "band": "W2", "magnitude": "17.32", "u_time": "MJD", "time": "57643.6", "source": "1"}, {"e_magnitude": "0.09", "telescope": "P60", "instrument": "SEDM", "band": "r", "magnitude": "18.28", "u_time": "MJD", "time": "57644.8", "source": "1"}, {"e_magnitude": "0.04", "telescope": "Swift", "instrument": "UVOT", "band": "B", "magnitude": "15.97", "u_time": "MJD", "time": "57645.8", "source": "1"}, {"e_magnitude": "0.05", "telescope": "Swift", "instrument": "UVOT", "band": "M2", "magnitude": "17.80", "u_time": "MJD", "time": "57645.8", "source": "1"}, {"e_magnitude": "0.04", "telescope": "Swift", "instrument": "UVOT", "band": "U", "magnitude": "16.96", "u_time": "MJD", "time": "57645.8", "source": "1"}, {"e_magnitude": "0.04", "telescope": "Swift", "instrument": "UVOT", "band": "V", "magnitude": "15.38", "u_time": "MJD", "time": "57645.8", "source": "1"}, {"e_magnitude": "0.05", "telescope": "Swift", "instrument": "UVOT", "band": "W1", "magnitude": "17.65", "u_time": "MJD", "time": "57645.8", "source": "1"}, {"e_magnitude": "0.04", "telescope": "Swift", "instrument": "UVOT", "band": "W2", "magnitude": "17.51", "u_time": "MJD", "time": "57645.8", "source": "1"}, {"e_magnitude": "0.04", "telescope": "Swift", "instrument": "UVOT", "band": "B", "magnitude": "15.99", "u_time": "MJD", "time": "57648.7", "source": "1"}, {"e_magnitude": "0.06", "telescope": "Swift", "instrument": "UVOT", "band": "M2", "magnitude": "17.92", "u_time": "MJD", "time": "57648.7", "source": "1"}, {"e_magnitude": "0.04", "telescope": "Swift", "instrument": "UVOT", "band": "U", "magnitude": "16.97", "u_time": "MJD", "time": "57648.7", "source": "1"}, {"e_magnitude": "0.07", "telescope": "Swift", "instrument": "UVOT", "band": "V", "magnitude": "15.35", "u_time": "MJD", "time": "57648.7", "source": "1"}, {"e_magnitude": "0.05", "telescope": "Swift", "instrument": "UVOT", "band": "W1", "magnitude": "17.78", "u_time": "MJD", "time": "57648.7", "source": "1"}, {"e_magnitude": "0.04", "telescope": "Swift", "instrument": "UVOT", "band": "W2", "magnitude": "17.70", "u_time": "MJD", "time": "57648.7", "source": "1"}, {"e_magnitude": "0.04", "telescope": "Swift", "instrument": "UVOT", "band": "B", "magnitude": "16.00", "u_time": "MJD", "time": "57651.4", "source": "1"}, {"e_magnitude": "0.05", "telescope": "Swift", "instrument": "UVOT", "band": "M2", "magnitude": "18.19", "u_time": "MJD", "time": "57651.4", "source": "1"}, {"e_magnitude": "0.05", "telescope": "Swift", "instrument": "UVOT", "band": "U", "magnitude": "17.14", "u_time": "MJD", "time": "57651.4", "source": "1"}, {"e_magnitude": "0.04", "telescope": "Swift", "instrument": "UVOT", "band": "V", "magnitude": "15.41", "u_time": "MJD", "time": "57651.4", "source": "1"}, {"e_magnitude": "0.06", "telescope": "Swift", "instrument": "UVOT", "band": "W1", "magnitude": "17.96", "u_time": "MJD", "time": "57651.4", "source": "1"}, {"e_magnitude": "0.04", "telescope": "Swift", "instrument": "UVOT", "band": "W2", "magnitude": "17.99", "u_time": "MJD", "time": "57651.4", "source": "1"}, {"e_magnitude": "0.12", "telescope": "P60", "instrument": "SEDM", "band": "g", "magnitude": "18.75", "u_time": "MJD", "time": "57654.7", "source": "1"}, {"e_magnitude": "0.17", "telescope": "P60", "instrument": "SEDM", "band": "r", "magnitude": "18.68", "u_time": "MJD", "time": "57654.7", "source": "1"}, {"e_magnitude": "0.21", "telescope": "P60", "instrument": "SEDM", "band": "u", "magnitude": "18.56", "u_time": "MJD", "time": "57654.7", "source": "1"}, {"e_magnitude": "0.05", "telescope": "Swift", "instrument": "UVOT", "band": "B", "magnitude": "16.01", "u_time": "MJD", "time": "57655.4", "source": "1"}, {"e_magnitude": "0.07", "telescope": "Swift", "instrument": "UVOT", "band": "M2", "magnitude": "18.35", "u_time": "MJD", "time": "57655.4", "source": "1"}, {"e_magnitude": "0.06", "telescope": "Swift", "instrument": "UVOT", "band": "U", "magnitude": "17.21", "u_time": "MJD", "time": "57655.4", "source": "1"}, {"e_magnitude": "0.06", "telescope": "Swift", "instrument": "UVOT", "band": "V", "magnitude": "15.48", "u_time": "MJD", "time": "57655.4", "source": "1"}, {"e_magnitude": "0.08", "telescope": "Swift", "instrument": "UVOT", "band": "W1", "magnitude": "18.10", "u_time": "MJD", "time": "57655.4", "source": "1"}, {"e_magnitude": "0.06", "telescope": "Swift", "instrument": "UVOT", "band": "W2", "magnitude": "18.10", "u_time": "MJD", "time": "57655.4", "source": "1"}, {"e_magnitude": "0.08", "telescope": "P48", "instrument": "CFH12k", "band": "g", "magnitude": "18.79", "u_time": "MJD", "time": "57655.5", "source": "1"}, {"e_magnitude": "0.11", "telescope": "P48", "instrument": "CFH12k", "band": "r", "magnitude": "18.91", "u_time": "MJD", "time": "57655.5", "source": "1"}, {"u_energy": "keV", "telescope": "Swift", "instrument": "XRT", "source": "2", "luminosity": "3.29E+40", "energy": ["0.3", "2.0"], "u_countrate": "s^-1", "photonindex": "4.5", "countrate": "0.0027", "flux": "5.62E-14", "nhmw": "0.0561", "u_flux": "ergs/cm^2/s", "mode": "PC", "time": ["57656.6", "57657.030"], "upperlimit": true, "u_time": "MJD"}, {"e_magnitude": "0.04", "telescope": "Swift", "instrument": "UVOT", "band": "B", "magnitude": "16.04", "u_time": "MJD", "time": "57657.5", "source": "1"}, {"e_magnitude": "0.06", "telescope": "Swift", "instrument": "UVOT", "band": "M2", "magnitude": "18.50", "u_time": "MJD", "time": "57657.5", "source": "1"}, {"e_magnitude": "0.05", "telescope": "Swift", "instrument": "UVOT", "band": "U", "magnitude": "17.17", "u_time": "MJD", "time": "57657.5", "source": "1"}, {"e_magnitude": "0.05", "telescope": "Swift", "instrument": "UVOT", "band": "V", "magnitude": "15.42", "u_time": "MJD", "time": "57657.5", "source": "1"}, {"e_magnitude": "0.06", "telescope": "Swift", "instrument": "UVOT", "band": "W2", "magnitude": "18.37", "u_time": "MJD", "time": "57657.5", "source": "1"}, {"e_magnitude": "0.14", "telescope": "P60", "instrument": "SEDM", "band": "g", "magnitude": "19.02", "u_time": "MJD", "time": "57657.7", "source": "1"}, {"e_magnitude": "0.15", "telescope": "P60", "instrument": "SEDM", "band": "r", "magnitude": "18.84", "u_time": "MJD", "time": "57657.7", "source": "1"}, {"e_magnitude": "0.09", "telescope": "P60", "instrument": "SEDM", "band": "u", "magnitude": "18.58", "u_time": "MJD", "time": "57657.7", "source": "1"}, {"e_magnitude": "0.04", "telescope": "Swift", "instrument": "UVOT", "band": "B", "magnitude": "16.05", "u_time": "MJD", "time": "57660.4", "source": "1"}, {"e_magnitude": "0.06", "telescope": "Swift", "instrument": "UVOT", "band": "M2", "magnitude": "18.58", "u_time": "MJD", "time": "57660.4", "source": "1"}, {"e_magnitude": "0.05", "telescope": "Swift", "instrument": "UVOT", "band": "U", "magnitude": "17.20", "u_time": "MJD", "time": "57660.4", "source": "1"}, {"e_magnitude": "0.05", "telescope": "Swift", "instrument": "UVOT", "band": "V", "magnitude": "15.42", "u_time": "MJD", "time": "57660.4", "source": "1"}, {"e_magnitude": "0.06", "telescope": "Swift", "instrument": "UVOT", "band": "W1", "magnitude": "18.25", "u_time": "MJD", "time": "57660.4", "source": "1"}, {"e_magnitude": "0.05", "telescope": "Swift", "instrument": "UVOT", "band": "W2", "magnitude": "18.41", "u_time": "MJD", "time": "57660.4", "source": "1"}, {"e_magnitude": "0.20", "telescope": "P48", "instrument": "CFH12k", "band": "g", "magnitude": "19.14", "u_time": "MJD", "time": "57661.5", "source": "1"}, {"e_magnitude": "0.09", "telescope": "P48", "instrument": "CFH12k", "band": "r", "magnitude": "19.34", "u_time": "MJD", "time": "57661.5", "source": "1"}, {"e_magnitude": "0.12", "telescope": "P60", "instrument": "SEDM", "band": "g", "magnitude": "19.64", "u_time": "MJD", "time": "57662.7", "source": "1"}, {"e_magnitude": "0.16", "telescope": "P60", "instrument": "SEDM", "band": "r", "magnitude": "19.25", "u_time": "MJD", "time": "57662.7", "source": "1"}, {"e_magnitude": "0.08", "telescope": "P60", "instrument": "SEDM", "band": "u", "magnitude": "19.05", "u_time": "MJD", "time": "57662.7", "source": "1"}, {"e_magnitude": "0.04", "telescope": "Swift", "instrument": "UVOT", "band": "B", "magnitude": "16.01", "u_time": "MJD", "time": "57663.6", "source": "1"}, {"e_magnitude": "0.06", "telescope": "Swift", "instrument": "UVOT", "band": "M2", "magnitude": "18.62", "u_time": "MJD", "time": "57663.6", "source": "1"}, {"e_magnitude": "0.05", "telescope": "Swift", "instrument": "UVOT", "band": "U", "magnitude": "17.36", "u_time": "MJD", "time": "57663.6", "source": "1"}, {"e_magnitude": "0.05", "telescope": "Swift", "instrument": "UVOT", "band": "V", "magnitude": "15.61", "u_time": "MJD", "time": "57663.6", "source": "1"}, {"e_magnitude": "0.07", "telescope": "Swift", "instrument": "UVOT", "band": "W1", "magnitude": "18.32", "u_time": "MJD", "time": "57663.6", "source": "1"}, {"e_magnitude": "0.05", "telescope": "Swift", "instrument": "UVOT", "band": "W2", "magnitude": "18.50", "u_time": "MJD", "time": "57663.6", "source": "1"}, {"e_magnitude": "0.12", "telescope": "P48", "instrument": "CFH12k", "band": "g", "magnitude": "19.18", "u_time": "MJD", "time": "57664.5", "source": "1"}, {"e_magnitude": "0.11", "telescope": "P48", "instrument": "CFH12k", "band": "r", "magnitude": "18.98", "u_time": "MJD", "time": "57664.5", "source": "1"}, {"e_magnitude": "0.30", "telescope": "P60", "instrument": "SEDM", "band": "g", "magnitude": "19.00", "u_time": "MJD", "time": "57665.7", "source": "1"}, {"e_magnitude": "0.10", "telescope": "P60", "instrument": "SEDM", "band": "r", "magnitude": "19.27", "u_time": "MJD", "time": "57665.7", "source": "1"}, {"e_magnitude": "0.10", "telescope": "P48", "instrument": "CFH12k", "band": "g", "magnitude": "19.19", "u_time": "MJD", "time": "57667.5", "source": "1"}, {"e_magnitude": "0.09", "telescope": "P48", "instrument": "CFH12k", "band": "r", "magnitude": "18.88", "u_time": "MJD", "time": "57667.5", "source": "1"}, {"e_magnitude": "0.04", "telescope": "Swift", "instrument": "UVOT", "band": "B", "magnitude": "16.09", "u_time": "MJD", "time": "57667.6", "source": "1"}, {"e_magnitude": "0.06", "telescope": "Swift", "instrument": "UVOT", "band": "M2", "magnitude": "18.75", "u_time": "MJD", "time": "57667.6", "source": "1"}, {"e_magnitude": "0.05", "telescope": "Swift", "instrument": "UVOT", "band": "U", "magnitude": "17.24", "u_time": "MJD", "time": "57667.6", "source": "1"}, {"e_magnitude": "0.05", "telescope": "Swift", "instrument": "UVOT", "band": "V", "magnitude": "15.49", "u_time": "MJD", "time": "57667.6", "source": "1"}, {"e_magnitude": "0.07", "telescope": "Swift", "instrument": "UVOT", "band": "W1", "magnitude": "18.33", "u_time": "MJD", "time": "57667.6", "source": "1"}, {"e_magnitude": "0.06", "telescope": "Swift", "instrument": "UVOT", "band": "W2", "magnitude": "18.67", "u_time": "MJD", "time": "57667.6", "source": "1"}, {"e_magnitude": "0.11", "telescope": "P48", "instrument": "CFH12k", "band": "g", "magnitude": "19.46", "u_time": "MJD", "time": "57670.5", "source": "1"}, {"e_magnitude": "0.13", "telescope": "P48", "instrument": "CFH12k", "band": "r", "magnitude": "19.72", "u_time": "MJD", "time": "57670.5", "source": "1"}, {"e_magnitude": "0.09", "telescope": "P60", "instrument": "SEDM", "band": "g", "magnitude": "19.48", "u_time": "MJD", "time": "57670.6", "source": "1"}, {"e_magnitude": "0.11", "telescope": "P60", "instrument": "SEDM", "band": "r", "magnitude": "19.24", "u_time": "MJD", "time": "57670.6", "source": "1"}, {"e_magnitude": "0.04", "telescope": "Swift", "instrument": "UVOT", "band": "B", "magnitude": "15.99", "u_time": "MJD", "time": "57671.6", "source": "1"}, {"e_magnitude": "0.05", "telescope": "Swift", "instrument": "UVOT", "band": "U", "magnitude": "17.27", "u_time": "MJD", "time": "57671.6", "source": "1"}, {"e_magnitude": "0.07", "telescope": "Swift", "instrument": "UVOT", "band": "W1", "magnitude": "18.42", "u_time": "MJD", "time": "57671.6", "source": "1"}, {"e_magnitude": "0.08", "telescope": "Swift", "instrument": "UVOT", "band": "W2", "magnitude": "18.81", "u_time": "MJD", "time": "57671.6", "source": "1"}, {"e_magnitude": "0.10", "telescope": "P60", "instrument": "SEDM", "band": "g", "magnitude": "19.56", "u_time": "MJD", "time": "57673.6", "source": "1"}, {"e_magnitude": "0.10", "telescope": "P60", "instrument": "SEDM", "band": "r", "magnitude": "19.22", "u_time": "MJD", "time": "57673.6", "source": "1"}, {"e_magnitude": "0.04", "telescope": "Swift", "instrument": "UVOT", "band": "B", "magnitude": "16.05", "u_time": "MJD", "time": "57676.1", "source": "1"}, {"e_magnitude": "0.11", "telescope": "Swift", "instrument": "UVOT", "band": "M2", "magnitude": "18.91", "u_time": "MJD", "time": "57676.1", "source": "1"}, {"e_magnitude": "0.06", "telescope": "Swift", "instrument": "UVOT", "band": "U", "magnitude": "17.38", "u_time": "MJD", "time": "57676.1", "source": "1"}, {"e_magnitude": "0.05", "telescope": "Swift", "instrument": "UVOT", "band": "V", "magnitude": "15.46", "u_time": "MJD", "time": "57676.1", "source": "1"}, {"e_magnitude": "0.08", "telescope": "Swift", "instrument": "UVOT", "band": "W1", "magnitude": "18.55", "u_time": "MJD", "time": "57676.1", "source": "1"}, {"e_magnitude": "0.07", "telescope": "Swift", "instrument": "UVOT", "band": "W2", "magnitude": "18.95", "u_time": "MJD", "time": "57676.1", "source": "1"}, {"e_magnitude": "0.04", "telescope": "Swift", "instrument": "UVOT", "band": "B", "magnitude": "16.07", "u_time": "MJD", "time": "57679.6", "source": "1"}, {"e_magnitude": "0.07", "telescope": "Swift", "instrument": "UVOT", "band": "M2", "magnitude": "18.99", "u_time": "MJD", "time": "57679.6", "source": "1"}, {"e_magnitude": "0.05", "telescope": "Swift", "instrument": "UVOT", "band": "U", "magnitude": "17.35", "u_time": "MJD", "time": "57679.6", "source": "1"}, {"e_magnitude": "0.05", "telescope": "Swift", "instrument": "UVOT", "band": "V", "magnitude": "15.63", "u_time": "MJD", "time": "57679.6", "source": "1"}, {"e_magnitude": "0.07", "telescope": "Swift", "instrument": "UVOT", "band": "W1", "magnitude": "18.51", "u_time": "MJD", "time": "57679.6", "source": "1"}, {"e_magnitude": "0.07", "telescope": "Swift", "instrument": "UVOT", "band": "W2", "magnitude": "19.01", "u_time": "MJD", "time": "57679.6", "source": "1"}, {"e_magnitude": "0.15", "telescope": "P60", "instrument": "SEDM", "band": "g", "magnitude": "19.32", "u_time": "MJD", "time": "57679.9", "source": "1"}, {"e_magnitude": "0.22", "telescope": "P60", "instrument": "SEDM", "band": "r", "magnitude": "20.15", "u_time": "MJD", "time": "57679.9", "source": "1"}, {"e_magnitude": "-0.50", "telescope": "P48", "instrument": "CFH12k", "band": "g", "magnitude": "19.56", "u_time": "MJD", "time": "57681.3", "source": "1"}, {"e_magnitude": "0.23", "telescope": "P48", "instrument": "CFH12k", "band": "r", "magnitude": "20.03", "u_time": "MJD", "time": "57681.3", "source": "1"}, {"e_magnitude": "0.10", "telescope": "P60", "instrument": "SEDM", "band": "u", "magnitude": "19.71", "u_time": "MJD", "time": "57681.6", "source": "1"}, {"e_magnitude": "0.32", "telescope": "P48", "instrument": "CFH12k", "band": "g", "magnitude": "20.72", "u_time": "MJD", "time": "57682.3", "source": "1"}, {"e_magnitude": "0.26", "telescope": "P48", "instrument": "CFH12k", "band": "r", "magnitude": "20.54", "u_time": "MJD", "time": "57682.3", "source": "1"}, {"e_magnitude": "0.04", "telescope": "Swift", "instrument": "UVOT", "band": "B", "magnitude": "16.06", "u_time": "MJD", "time": "57683.1", "source": "1"}, {"e_magnitude": "0.07", "telescope": "Swift", "instrument": "UVOT", "band": "M2", "magnitude": "19.06", "u_time": "MJD", "time": "57683.1", "source": "1"}, {"e_magnitude": "0.06", "telescope": "Swift", "instrument": "UVOT", "band": "U", "magnitude": "17.37", "u_time": "MJD", "time": "57683.1", "source": "1"}, {"e_magnitude": "0.05", "telescope": "Swift", "instrument": "UVOT", "band": "V", "magnitude": "15.55", "u_time": "MJD", "time": "57683.1", "source": "1"}, {"e_magnitude": "0.08", "telescope": "Swift", "instrument": "UVOT", "band": "W1", "magnitude": "18.56", "u_time": "MJD", "time": "57683.1", "source": "1"}, {"e_magnitude": "0.07", "telescope": "Swift", "instrument": "UVOT", "band": "W2", "magnitude": "18.93", "u_time": "MJD", "time": "57683.1", "source": "1"}, {"e_magnitude": "0.35", "telescope": "P48", "instrument": "CFH12k", "band": "g", "magnitude": "20.15", "u_time": "MJD", "time": "57683.2", "source": "1"}, {"e_magnitude": "0.34", "telescope": "P48", "instrument": "CFH12k", "band": "r", "magnitude": "20.46", "u_time": "MJD", "time": "57683.2", "source": "1"}, {"e_magnitude": "-0.50", "telescope": "P48", "instrument": "CFH12k", "band": "g", "magnitude": "19.47", "u_time": "MJD", "time": "57684.3", "source": "1"}, {"e_magnitude": "0.19", "telescope": "P48", "instrument": "CFH12k", "band": "r", "magnitude": "19.66", "u_time": "MJD", "time": "57684.3", "source": "1"}, {"e_magnitude": "0.17", "telescope": "P48", "instrument": "CFH12k", "band": "g", "magnitude": "19.94", "u_time": "MJD", "time": "57687.3", "source": "1"}, {"e_magnitude": "-0.50", "telescope": "P48", "instrument": "CFH12k", "band": "r", "magnitude": "20.06", "u_time": "MJD", "time": "57687.3", "source": "1"}, {"e_magnitude": "0.04", "telescope": "Swift", "instrument": "UVOT", "band": "B", "magnitude": "16.09", "u_time": "MJD", "time": "57687.8", "source": "1"}, {"e_magnitude": "0.07", "telescope": "Swift", "instrument": "UVOT", "band": "M2", "magnitude": "19.18", "u_time": "MJD", "time": "57687.8", "source": "1"}, {"e_magnitude": "0.06", "telescope": "Swift", "instrument": "UVOT", "band": "U", "magnitude": "17.40", "u_time": "MJD", "time": "57687.8", "source": "1"}, {"e_magnitude": "0.05", "telescope": "Swift", "instrument": "UVOT", "band": "V", "magnitude": "15.57", "u_time": "MJD", "time": "57687.8", "source": "1"}, {"e_magnitude": "0.08", "telescope": "Swift", "instrument": "UVOT", "band": "W1", "magnitude": "18.74", "u_time": "MJD", "time": "57687.8", "source": "1"}, {"e_magnitude": "0.07", "telescope": "Swift", "instrument": "UVOT", "band": "W2", "magnitude": "19.16", "u_time": "MJD", "time": "57687.8", "source": "1"}, {"e_magnitude": "0.36", "telescope": "P48", "instrument": "CFH12k", "band": "g", "magnitude": "20.50", "u_time": "MJD", "time": "57688.3", "source": "1"}, {"e_magnitude": "0.35", "telescope": "P60", "instrument": "SEDM", "band": "i", "magnitude": "18.92", "u_time": "MJD", "time": "57688.6", "source": "1"}, {"e_magnitude": "0.04", "telescope": "Swift", "instrument": "UVOT", "band": "B", "magnitude": "16.09", "u_time": "MJD", "time": "57691.9", "source": "1"}, {"e_magnitude": "0.07", "telescope": "Swift", "instrument": "UVOT", "band": "M2", "magnitude": "19.09", "u_time": "MJD", "time": "57691.9", "source": "1"}, {"e_magnitude": "0.06", "telescope": "Swift", "instrument": "UVOT", "band": "U", "magnitude": "17.40", "u_time": "MJD", "time": "57691.9", "source": "1"}, {"e_magnitude": "0.05", "telescope": "Swift", "instrument": "UVOT", "band": "V", "magnitude": "15.54", "u_time": "MJD", "time": "57691.9", "source": "1"}, {"e_magnitude": "0.08", "telescope": "Swift", "instrument": "UVOT", "band": "W1", "magnitude": "18.63", "u_time": "MJD", "time": "57691.9", "source": "1"}, {"e_magnitude": "0.08", "telescope": "Swift", "instrument": "UVOT", "band": "W2", "magnitude": "19.16", "u_time": "MJD", "time": "57691.9", "source": "1"}, {"e_magnitude": "0.22", "telescope": "P48", "instrument": "CFH12k", "band": "g", "magnitude": "20.29", "u_time": "MJD", "time": "57694.3", "source": "1"}, {"e_magnitude": "0.25", "telescope": "P48", "instrument": "CFH12k", "band": "r", "magnitude": "19.66", "u_time": "MJD", "time": "57694.3", "source": "1"}, {"e_magnitude": "0.23", "telescope": "P48", "instrument": "CFH12k", "band": "g", "magnitude": "20.33", "u_time": "MJD", "time": "57695.2", "source": "1"}, {"e_magnitude": "-0.50", "telescope": "P48", "instrument": "CFH12k", "band": "r", "magnitude": "20.47", "u_time": "MJD", "time": "57695.2", "source": "1"}, {"e_magnitude": "0.23", "telescope": "P48", "instrument": "CFH12k", "band": "g", "magnitude": "20.12", "u_time": "MJD", "time": "57696.3", "source": "1"}, {"e_magnitude": "0.36", "telescope": "P48", "instrument": "CFH12k", "band": "r", "magnitude": "20.84", "u_time": "MJD", "time": "57696.3", "source": "1"}, {"e_magnitude": "-0.50", "telescope": "P48", "instrument": "CFH12k", "band": "g", "magnitude": "19.98", "u_time": "MJD", "time": "57697.3", "source": "1"}, {"e_magnitude": "-0.50", "telescope": "P48", "instrument": "CFH12k", "band": "r", "magnitude": "20.20", "u_time": "MJD", "time": "57697.3", "source": "1"}, {"e_magnitude": "0.16", "telescope": "P48", "instrument": "CFH12k", "band": "g", "magnitude": "19.62", "u_time": "MJD", "time": "57698.2", "source": "1"}, {"e_magnitude": "-0.50", "telescope": "P48", "instrument": "CFH12k", "band": "r", "magnitude": "20.08", "u_time": "MJD", "time": "57698.2", "source": "1"}, {"e_magnitude": "-0.50", "telescope": "P48", "instrument": "CFH12k", "band": "g", "magnitude": "19.62", "u_time": "MJD", "time": "57699.3", "source": "1"}, {"e_magnitude": "-0.50", "telescope": "P48", "instrument": "CFH12k", "band": "r", "magnitude": "19.59", "u_time": "MJD", "time": "57699.3", "source": "1"}, {"e_magnitude": "0.08", "telescope": "Swift", "instrument": "UVOT", "band": "M2", "magnitude": "19.38", "u_time": "MJD", "time": "57712.7", "source": "1"}, {"e_magnitude": "0.04", "telescope": "Swift", "instrument": "UVOT", "band": "U", "magnitude": "17.46", "u_time": "MJD", "time": "57712.7", "source": "1"}, {"e_magnitude": "0.06", "telescope": "Swift", "instrument": "UVOT", "band": "W1", "magnitude": "18.65", "u_time": "MJD", "time": "57712.7", "source": "1"}, {"e_magnitude": "0.06", "telescope": "Swift", "instrument": "UVOT", "band": "W2", "magnitude": "19.36", "u_time": "MJD", "time": "57712.7", "source": "1"}, {"e_magnitude": "0.09", "telescope": "Swift", "instrument": "UVOT", "band": "M2", "magnitude": "19.40", "u_time": "MJD", "time": "57716.7", "source": "1"}, {"e_magnitude": "0.04", "telescope": "Swift", "instrument": "UVOT", "band": "U", "magnitude": "17.45", "u_time": "MJD", "time": "57716.7", "source": "1"}, {"e_magnitude": "0.07", "telescope": "Swift", "instrument": "UVOT", "band": "W1", "magnitude": "18.81", "u_time": "MJD", "time": "57716.7", "source": "1"}, {"e_magnitude": "0.06", "telescope": "Swift", "instrument": "UVOT", "band": "W2", "magnitude": "19.33", "u_time": "MJD", "time": "57716.7", "source": "1"}, {"u_energy": "keV", "telescope": "Swift", "instrument": "XRT", "source": "2", "luminosity": "2.98E+40", "energy": ["0.3", "2.0"], "u_countrate": "s^-1", "photonindex": "4.5", "countrate": "0.00245", "flux": "5.10E-14", "nhmw": "0.0561", "u_flux": "ergs/cm^2/s", "mode": "PC", "time": ["57718.6", "57718.707"], "upperlimit": true, "u_time": "MJD"}, {"e_magnitude": "0.08", "telescope": "Swift", "instrument": "UVOT", "band": "M2", "magnitude": "19.30", "u_time": "MJD", "time": "57720.0", "source": "1"}, {"e_magnitude": "0.04", "telescope": "Swift", "instrument": "UVOT", "band": "U", "magnitude": "17.50", "u_time": "MJD", "time": "57720.0", "source": "1"}, {"e_magnitude": "0.07", "telescope": "Swift", "instrument": "UVOT", "band": "W1", "magnitude": "18.75", "u_time": "MJD", "time": "57720.0", "source": "1"}, {"e_magnitude": "0.06", "telescope": "Swift", "instrument": "UVOT", "band": "W2", "magnitude": "19.44", "u_time": "MJD", "time": "57720.0", "source": "1"}, {"e_magnitude": "0.08", "telescope": "Swift", "instrument": "UVOT", "band": "M2", "magnitude": "19.30", "u_time": "MJD", "time": "57724.7", "source": "1"}, {"e_magnitude": "0.04", "telescope": "Swift", "instrument": "UVOT", "band": "U", "magnitude": "17.46", "u_time": "MJD", "time": "57724.7", "source": "1"}, {"e_magnitude": "0.07", "telescope": "Swift", "instrument": "UVOT", "band": "W1", "magnitude": "18.76", "u_time": "MJD", "time": "57724.7", "source": "1"}, {"e_magnitude": "0.07", "telescope": "Swift", "instrument": "UVOT", "band": "W2", "magnitude": "19.48", "u_time": "MJD", "time": "57724.7", "source": "1"}], "name": "iPTF16fnl", "spectra": [{"telescope": "P60", "observer": "SEDM robot", "u_wavelengths": "Angstrom", "source": "7", "instrument": "SED-Machine", "survey": "iPTF", "u_fluxes": "erg/s/cm^2/Angstrom", "time": "57629.5", "data": [["3806.7", "4.1792e-16"], ["3822.6", "4.3270e-16"], ["3838.6", "5.6792e-16"], ["3854.7", "5.3586e-16"], ["3870.8", "5.7700e-16"], ["3887.0", "4.5270e-16"], ["3903.3", "4.7243e-16"], ["3919.6", "3.7513e-16"], ["3936.0", "3.8386e-16"], ["3952.5", "3.9702e-16"], ["3969.0", "3.3376e-16"], ["3985.6", "3.9007e-16"], ["4002.3", "4.5107e-16"], ["4019.0", "3.9341e-16"], ["4035.8", "3.3492e-16"], ["4052.7", "3.4155e-16"], ["4069.7", "3.5608e-16"], ["4086.7", "3.7314e-16"], ["4103.8", "4.0492e-16"], ["4121.0", "4.3063e-16"], ["4138.2", "4.2055e-16"], ["4155.5", "3.7746e-16"], ["4172.9", "4.0414e-16"], ["4190.4", "4.1173e-16"], ["4207.9", "4.6183e-16"], ["4225.5", "5.0727e-16"], ["4243.2", "4.2321e-16"], ["4261.0", "4.1724e-16"], ["4278.8", "3.9863e-16"], ["4296.7", "4.0674e-16"], ["4314.7", "4.2891e-16"], ["4332.7", "4.2420e-16"], ["4350.9", "4.0649e-16"], ["4369.1", "4.1610e-16"], ["4387.3", "4.3417e-16"], ["4405.7", "4.1710e-16"], ["4424.1", "4.1353e-16"], ["4442.6", "3.9237e-16"], ["4461.2", "4.2269e-16"], ["4479.9", "4.4994e-16"], ["4498.6", "4.4577e-16"], ["4517.5", "4.3910e-16"], ["4536.4", "4.2812e-16"], ["4555.3", "4.2864e-16"], ["4574.4", "4.3885e-16"], ["4593.5", "4.6467e-16"], ["4612.8", "4.6072e-16"], ["4632.1", "4.6306e-16"], ["4651.4", "4.7969e-16"], ["4670.9", "4.6302e-16"], ["4690.5", "4.9735e-16"], ["4710.1", "5.3407e-16"], ["4729.8", "5.3524e-16"], ["4749.6", "5.4849e-16"], ["4769.4", "5.2617e-16"], ["4789.4", "5.2451e-16"], ["4809.4", "5.1547e-16"], ["4829.6", "4.8757e-16"], ["4849.8", "5.0366e-16"], ["4870.1", "5.0022e-16"], ["4890.4", "4.7051e-16"], ["4910.9", "4.4911e-16"], ["4931.4", "4.2014e-16"], ["4952.1", "4.0736e-16"], ["4972.8", "4.3493e-16"], ["4993.6", "4.4021e-16"], ["5014.5", "4.4050e-16"], ["5035.5", "4.3590e-16"], ["5056.6", "4.0408e-16"], ["5077.7", "4.0721e-16"], ["5099.0", "4.0618e-16"], ["5120.3", "4.1022e-16"], ["5141.7", "4.1279e-16"], ["5163.2", "4.0238e-16"], ["5184.8", "4.0797e-16"], ["5206.5", "3.9919e-16"], ["5228.3", "3.9250e-16"], ["5250.2", "3.8137e-16"], ["5272.2", "3.7997e-16"], ["5294.2", "3.8501e-16"], ["5316.4", "3.7675e-16"], ["5338.6", "3.7276e-16"], ["5360.9", "3.6760e-16"], ["5383.4", "3.8540e-16"], ["5405.9", "3.7728e-16"], ["5428.5", "3.8121e-16"], ["5451.2", "3.8686e-16"], ["5474.0", "3.7645e-16"], ["5496.9", "3.6155e-16"], ["5519.9", "3.5740e-16"], ["5543.0", "3.5684e-16"], ["5566.2", "3.5774e-16"], ["5589.5", "3.7669e-16"], ["5612.9", "3.7142e-16"], ["5636.4", "3.5476e-16"], ["5660.0", "3.4830e-16"], ["5683.7", "3.6007e-16"], ["5707.4", "3.6249e-16"], ["5731.3", "3.4936e-16"], ["5755.3", "3.6884e-16"], ["5779.4", "3.5603e-16"], ["5803.6", "3.4114e-16"], ["5827.8", "3.5104e-16"], ["5852.2", "3.4872e-16"], ["5876.7", "3.5369e-16"], ["5901.3", "3.5963e-16"], ["5926.0", "3.5393e-16"], ["5950.8", "3.5472e-16"], ["5975.7", "3.5144e-16"], ["6000.7", "3.4747e-16"], ["6025.8", "3.5173e-16"], ["6051.0", "3.4578e-16"], ["6076.3", "3.4412e-16"], ["6101.8", "3.4136e-16"], ["6127.3", "3.3954e-16"], ["6152.9", "3.3827e-16"], ["6178.7", "3.3980e-16"], ["6204.5", "3.3196e-16"], ["6230.5", "3.2277e-16"], ["6256.6", "3.1865e-16"], ["6282.7", "3.0512e-16"], ["6309.0", "3.1189e-16"], ["6335.4", "3.1834e-16"], ["6361.9", "3.1745e-16"], ["6388.5", "3.1756e-16"], ["6415.3", "3.1385e-16"], ["6442.1", "3.1483e-16"], ["6469.1", "3.1355e-16"], ["6496.1", "3.0485e-16"], ["6523.3", "3.0893e-16"], ["6550.6", "3.1132e-16"], ["6578.0", "3.0731e-16"], ["6605.5", "3.0854e-16"], ["6633.2", "3.1141e-16"], ["6660.9", "3.1279e-16"], ["6688.8", "3.1495e-16"], ["6716.8", "3.1538e-16"], ["6744.9", "3.1341e-16"], ["6773.1", "2.9939e-16"], ["6801.5", "2.9480e-16"], ["6829.9", "2.9200e-16"], ["6858.5", "2.8746e-16"], ["6887.2", "2.8006e-16"], ["6916.0", "2.7979e-16"], ["6944.9", "2.7926e-16"], ["6974.0", "2.7498e-16"], ["7003.2", "2.7803e-16"], ["7032.5", "2.7850e-16"], ["7061.9", "2.8465e-16"], ["7091.5", "2.7669e-16"], ["7121.1", "2.6781e-16"], ["7150.9", "2.6298e-16"], ["7180.8", "2.5538e-16"], ["7210.9", "2.5082e-16"], ["7241.1", "2.5382e-16"], ["7271.4", "2.5520e-16"], ["7301.8", "2.5327e-16"], ["7332.3", "2.5482e-16"], ["7363.0", "2.4861e-16"], ["7393.8", "2.5252e-16"], ["7424.8", "2.5694e-16"], ["7455.8", "2.5281e-16"], ["7487.0", "2.4919e-16"], ["7518.3", "2.5150e-16"], ["7549.8", "2.4564e-16"], ["7581.4", "2.4414e-16"], ["7613.1", "2.4034e-16"], ["7645.0", "2.3908e-16"], ["7677.0", "2.4332e-16"], ["7709.1", "2.4543e-16"], ["7741.3", "2.3980e-16"], ["7773.7", "2.3529e-16"], ["7806.2", "2.3346e-16"], ["7838.9", "2.3164e-16"], ["7871.7", "2.2903e-16"], ["7904.6", "2.2551e-16"], ["7937.7", "2.3345e-16"], ["7970.9", "2.2979e-16"], ["8004.3", "2.2724e-16"], ["8037.8", "2.2221e-16"], ["8071.4", "2.1753e-16"], ["8105.2", "2.1591e-16"], ["8139.1", "2.1817e-16"], ["8173.1", "2.1837e-16"], ["8207.3", "2.1674e-16"], ["8241.7", "2.1240e-16"], ["8276.2", "2.1256e-16"], ["8310.8", "2.1698e-16"], ["8345.6", "2.1339e-16"], ["8380.5", "2.1121e-16"], ["8415.5", "2.0998e-16"], ["8450.8", "2.0761e-16"], ["8486.1", "2.0696e-16"], ["8521.6", "2.1105e-16"], ["8557.3", "2.0339e-16"], ["8593.1", "2.0511e-16"], ["8629.0", "2.0323e-16"], ["8665.1", "1.9757e-16"], ["8701.4", "1.9587e-16"], ["8737.8", "1.9737e-16"], ["8774.4", "1.8720e-16"], ["8811.1", "1.9036e-16"], ["8847.9", "1.8908e-16"], ["8885.0", "1.8438e-16"], ["8922.1", "1.8385e-16"], ["8959.5", "1.7654e-16"], ["8997.0", "1.6794e-16"], ["9034.6", "1.6434e-16"], ["9072.4", "1.6874e-16"], ["9110.4", "1.6458e-16"], ["9148.5", "1.7283e-16"], ["9186.8", "1.7795e-16"]], "u_time": "MJD"}], "hostoffsetdist": [{"source": "3,4,6,7,8,9", "value": "0.1785"}], "alias": [{"source": "1,2,6,7,9", "value": "iPTF16fnl"}, {"source": "6,7", "value": "AT2016fnl"}], "velocity": [{"u_value": "km/s", "kind": "spectroscopic", "derived": true, "value": "4855.1", "source": "8"}], "dec": [{"source": "3,6,9", "u_value": "degrees", "value": "+32:53:37.5"}, {"source": "7", "u_value": "degrees", "value": "+32:53:37.51"}], "hostoffsetang": [{"u_value": "arcseconds", "derived": true, "value": "0.5197", "source": "3,6,7,8,9"}]}}