{
	"LEDA 095953":{
		"schema":"https://github.com/astrocatalogs/tidaldisruptions/blob/f405406/SCHEMA.md",
		"name":"LEDA 095953",
		"sources":[
			{
				"name":"2017ApJ...838..149A",
				"bibcode":"2017ApJ...838..149A",
				"reference":"Auchettl, Guillochon, & Ramirez-Ruiz (2017)",
				"alias":"1"
			},
			{
				"name":"2016A&A...594A..13P",
				"bibcode":"2016A&A...594A..13P",
				"reference":"Planck Collaboration et al. (2016)",
				"alias":"2"
			},
			{
				"name":"2011ApJ...737..103S",
				"bibcode":"2011ApJ...737..103S",
				"reference":"Schlafly & Finkbeiner (2011)",
				"alias":"3"
			},
			{
				"name":"2009A&A...495L...9C",
				"bibcode":"2009A&A...495L...9C",
				"reference":"Cappelluti et al. (2009)",
				"alias":"4"
			},
			{
				"name":"The Open TDE Catalog",
				"bibcode":"2017ApJ...835...64G",
				"reference":"Guillochon et al. (2017)",
				"secondary":true,
				"url":"https://tde.space",
				"alias":"5"
			}
		],
		"alias":[
			{
				"value":"LEDA 095953",
				"source":"1"
			}
		],
		"citations":[
			{
				"value":"<a href='http://adsabs.harvard.edu/abs/2009A%26A...495L...9C'>Cappelluti et al. 2009</a>*&Dagger;",
				"source":"4"
			}
		],
		"claimedtype":[
			{
				"value":"TDE?",
				"source":"1"
			}
		],
		"comovingdist":[
			{
				"value":"161",
				"derived":true,
				"u_value":"Mpc",
				"source":"1,2,4,5"
			}
		],
		"dec":[
			{
				"value":"-32:54:50.63",
				"u_value":"degrees",
				"source":"1"
			}
		],
		"ebv":[
			{
				"value":"0.0469",
				"derived":true,
				"e_value":"0.0002",
				"source":"3,5"
			}
		],
		"host":[
			{
				"value":"LEDA 095953",
				"source":"1,4"
			}
		],
		"hostdec":[
			{
				"value":"-32:54:52.00",
				"u_value":"degrees",
				"source":"1"
			}
		],
		"hostoffsetang":[
			{
				"value":"3.712",
				"derived":true,
				"u_value":"arcseconds",
				"source":"1,5"
			}
		],
		"hostoffsetdist":[
			{
				"value":"2.795",
				"source":"1,2,4,5"
			}
		],
		"hostra":[
			{
				"value":"13:47:30.10",
				"u_value":"hours",
				"source":"1"
			}
		],
		"lumdist":[
			{
				"value":"166",
				"derived":true,
				"u_value":"Mpc",
				"source":"1,2,4,5"
			}
		],
		"ra":[
			{
				"value":"13:47:30.33",
				"u_value":"hours",
				"source":"1"
			}
		],
		"redshift":[
			{
				"value":"0.0366",
				"source":"1,4"
			}
		],
		"velocity":[
			{
				"value":"10800",
				"derived":true,
				"u_value":"km/s",
				"source":"5"
			}
		],
		"photometry":[
			{
				"time":[
					"48846.7",
					"48846.761"
				],
				"countrate":"0.288631",
				"energy":[
					"0.3",
					"2.0"
				],
				"flux":"1.76E-12",
				"instrument":"PSPC",
				"luminosity":"5.40E+42",
				"photonindex":"2.5",
				"telescope":"ROSAT",
				"u_countrate":"s^-1",
				"u_energy":"keV",
				"u_flux":"ergs/cm^2/s",
				"u_time":"MJD",
				"upperlimit":true,
				"source":"1"
			},
			{
				"time":[
					"52484.5",
					"52484.775"
				],
				"countrate":"0.27794",
				"energy":[
					"0.3",
					"2.0"
				],
				"flux":"2.18E-13",
				"instrument":"PN",
				"luminosity":"6.69E+41",
				"nhmw":"0.0414",
				"photonindex":"4.5",
				"telescope":"XMM",
				"u_countrate":"s^-1",
				"u_energy":"keV",
				"u_flux":"ergs/cm^2/s",
				"u_time":"MJD",
				"upperlimit":true,
				"source":"1"
			},
			{
				"time":[
					"52851.3",
					"52851.693"
				],
				"countrate":"0.00082076",
				"energy":[
					"0.3",
					"2.0"
				],
				"flux":"8.58E-15",
				"instrument":"ACIS-S",
				"luminosity":"2.63E+40",
				"nhmw":"0.0414",
				"photonindex":"4.5",
				"telescope":"Chandra",
				"u_countrate":"s^-1",
				"u_energy":"keV",
				"u_flux":"ergs/cm^2/s",
				"u_time":"MJD",
				"upperlimit":true,
				"source":"1"
			},
			{
				"time":[
					"54664.9",
					"54664.900"
				],
				"countrate":"3.01",
				"energy":[
					"0.3",
					"2.0"
				],
				"flux":"1.50E-11",
				"instrument":"PN",
				"luminosity":"4.61E+43",
				"nhmw":"0.0414",
				"photonindex":"4.5",
				"telescope":"XMM",
				"u_countrate":"s^-1",
				"u_energy":"keV",
				"u_flux":"ergs/cm^2/s",
				"u_time":"MJD",
				"upperlimit":true,
				"source":"1"
			}
		]
	}
}