{"LEDA 095953": {"hostdec": [{"source": "1", "u_value": "degrees", "value": "-32:54:52.00"}], "lumdist": [{"u_value": "Mpc", "derived": true, "value": "166", "source": "1,2,4,5"}], "photometry": [{"u_energy": "keV", "telescope": "ROSAT", "instrument": "PSPC", "source": "1", "luminosity": "5.40E+42", "energy": ["0.3", "2.0"], "u_countrate": "s^-1", "photonindex": "2.5", "countrate": "0.288631", "flux": "1.76E-12", "u_flux": "ergs/cm^2/s", "u_time": "MJD", "time": ["48846.7", "48846.761"], "upperlimit": true}, {"u_energy": "keV", "telescope": "XMM", "instrument": "PN", "source": "1", "luminosity": "6.69E+41", "energy": ["0.3", "2.0"], "u_countrate": "s^-1", "photonindex": "4.5", "countrate": "0.27794", "flux": "2.18E-13", "nhmw": "0.0414", "u_flux": "ergs/cm^2/s", "u_time": "MJD", "time": ["52484.5", "52484.775"], "upperlimit": true}, {"u_energy": "keV", "telescope": "Chandra", "instrument": "ACIS-S", "source": "1", "luminosity": "2.63E+40", "energy": ["0.3", "2.0"], "u_countrate": "s^-1", "photonindex": "4.5", "countrate": "0.00082076", "flux": "8.58E-15", "nhmw": "0.0414", "u_flux": "ergs/cm^2/s", "u_time": "MJD", "time": ["52851.3", "52851.693"], "upperlimit": true}, {"u_energy": "keV", "telescope": "XMM", "instrument": "PN", "source": "1", "luminosity": "4.61E+43", "energy": ["0.3", "2.0"], "u_countrate": "s^-1", "photonindex": "4.5", "countrate": "3.01", "flux": "1.50E-11", "nhmw": "0.0414", "u_flux": "ergs/cm^2/s", "u_time": "MJD", "time": ["54664.9", "54664.900"], "upperlimit": true}], "comovingdist": [{"u_value": "Mpc", "derived": true, "value": "161", "source": "1,2,4,5"}], "name": "LEDA 095953", "alias": [{"source": "1", "value": "LEDA 095953"}], "redshift": [{"source": "1,4", "value": "0.0366"}], "claimedtype": [{"source": "1", "value": "TDE?"}], "host": [{"source": "1,4", "value": "LEDA 095953"}], "hostoffsetdist": [{"source": "1,2,4,5", "value": "2.795"}], "sources": [{"alias": "1", "bibcode": "2017ApJ...838..149A", "name": "2017ApJ...838..149A", "reference": "Auchettl, Guillochon, & Ramirez-Ruiz (2017)"}, {"alias": "2", "bibcode": "2016A&A...594A..13P", "name": "2016A&A...594A..13P", "reference": "Planck Collaboration et al. (2016)"}, {"alias": "3", "bibcode": "2011ApJ...737..103S", "name": "2011ApJ...737..103S", "reference": "Schlafly & Finkbeiner (2011)"}, {"alias": "4", "bibcode": "2009A&A...495L...9C", "name": "2009A&A...495L...9C", "reference": "Cappelluti et al. (2009)"}, {"bibcode": "2017ApJ...835...64G", "name": "The Open TDE Catalog", "reference": "Guillochon et al. (2017)", "url": "https://tde.space", "alias": "5", "secondary": true}], "ebv": [{"e_value": "0.0002", "derived": true, "value": "0.0469", "source": "3,5"}], "citations": [{"source": "4", "value": "<a href='http://adsabs.harvard.edu/abs/2009A%26A...495L...9C'>Cappelluti et al. 2009</a>*&Dagger;"}], "ra": [{"source": "1", "u_value": "hours", "value": "13:47:30.33"}], "hostra": [{"source": "1", "u_value": "hours", "value": "13:47:30.10"}], "velocity": [{"u_value": "km/s", "derived": true, "value": "10800", "source": "5"}], "dec": [{"source": "1", "u_value": "degrees", "value": "-32:54:50.63"}], "hostoffsetang": [{"u_value": "arcseconds", "derived": true, "value": "3.712", "source": "1,5"}], "schema": "https://github.com/astrocatalogs/tidaldisruptions/blob/f405406/SCHEMA.md"}}