{
	"MAXI J1807+132":{
		"schema":"https://github.com/astrocatalogs/tidaldisruptions/blob/f405406/SCHEMA.md",
		"name":"MAXI J1807+132",
		"sources":[
			{
				"name":"2017ATel10216....1K",
				"bibcode":"2017ATel10216....1K",
				"reference":"Kennea et al. (2017)",
				"alias":"1"
			},
			{
				"name":"2011ApJ...737..103S",
				"bibcode":"2011ApJ...737..103S",
				"reference":"Schlafly & Finkbeiner (2011)",
				"alias":"2"
			},
			{
				"name":"The Open TDE Catalog",
				"bibcode":"2017ApJ...835...64G",
				"reference":"Guillochon et al. (2017)",
				"secondary":true,
				"url":"https://tde.space",
				"alias":"3"
			}
		],
		"alias":[
			{
				"value":"MAXI J1807+132",
				"source":"1"
			}
		],
		"claimedtype":[
			{
				"value":"TDE?",
				"source":"1"
			}
		],
		"dec":[
			{
				"value":"+13:15:05.40",
				"u_value":"degrees",
				"source":"1"
			}
		],
		"discoverdate":[
			{
				"value":"2017/03/27",
				"derived":true,
				"source":"1,3"
			}
		],
		"ebv":[
			{
				"value":"0.1333",
				"derived":true,
				"e_value":"0.0059",
				"source":"2,3"
			}
		],
		"maxappmag":[
			{
				"value":"17.2",
				"derived":true,
				"source":"1,3"
			}
		],
		"maxband":[
			{
				"value":"W1",
				"derived":true,
				"source":"1,3"
			}
		],
		"maxdate":[
			{
				"value":"2017/03/27",
				"derived":true,
				"source":"1,3"
			}
		],
		"maxvisualappmag":[
			{
				"value":"18.4",
				"derived":true,
				"source":"1,3"
			}
		],
		"maxvisualband":[
			{
				"value":"B",
				"derived":true,
				"source":"1,3"
			}
		],
		"maxvisualdate":[
			{
				"value":"2017/03/27",
				"derived":true,
				"source":"1,3"
			}
		],
		"ra":[
			{
				"value":"18:08:07.549",
				"u_value":"hours",
				"source":"1"
			}
		],
		"photometry":[
			{
				"time":"57839.29097",
				"band":"B",
				"e_magnitude":"0.2",
				"instrument":"UVOT",
				"magnitude":"18.4",
				"u_time":"MJD",
				"source":"1"
			},
			{
				"time":"57839.29097",
				"band":"M2",
				"e_magnitude":"0.1",
				"instrument":"UVOT",
				"magnitude":"17.3",
				"telescope":"Swift",
				"u_time":"MJD",
				"source":"1"
			},
			{
				"time":"57839.29097",
				"band":"U",
				"e_magnitude":"0.1",
				"instrument":"UVOT",
				"magnitude":"17.4",
				"u_time":"MJD",
				"source":"1"
			},
			{
				"time":"57839.29097",
				"band":"V",
				"instrument":"UVOT",
				"magnitude":"17.63",
				"u_time":"MJD",
				"upperlimit":true,
				"source":"1"
			},
			{
				"time":"57839.29097",
				"band":"W1",
				"e_magnitude":"0.1",
				"instrument":"UVOT",
				"magnitude":"17.2",
				"telescope":"Swift",
				"u_time":"MJD",
				"source":"1"
			},
			{
				"time":"57839.29097",
				"band":"W2",
				"e_magnitude":"0.1",
				"instrument":"UVOT",
				"magnitude":"17.2",
				"telescope":"Swift",
				"u_time":"MJD",
				"source":"1"
			}
		]
	}
}