{
	"MAXI J1807+132": {
		"photometry": [
				{
					"e_magnitude": "0.2", 
					"instrument": "UVOT", 
					"band": "B", 
					"magnitude": "18.4", 
					"u_time": "MJD", 
					"time": "57839.29097", 
					"source": "1"
				}, 
				{
					"e_magnitude": "0.1", 
					"telescope": "Swift", 
					"instrument": "UVOT", 
					"band": "M2", 
					"magnitude": "17.3", 
					"u_time": "MJD", 
					"time": "57839.29097", 
					"source": "1"
				}, 
				{
					"e_magnitude": "0.1", 
					"instrument": "UVOT", 
					"band": "U", 
					"magnitude": "17.4", 
					"u_time": "MJD", 
					"time": "57839.29097", 
					"source": "1"
				}, 
				{
					"instrument": "UVOT", 
					"source": "1", 
					"band": "V", 
					"magnitude": "17.63", 
					"u_time": "MJD", 
					"time": "57839.29097", 
					"upperlimit": true
				}, 
				{
					"e_magnitude": "0.1", 
					"telescope": "Swift", 
					"instrument": "UVOT", 
					"band": "W1", 
					"magnitude": "17.2", 
					"u_time": "MJD", 
					"time": "57839.29097", 
					"source": "1"
				}, 
				{
					"e_magnitude": "0.1", 
					"telescope": "Swift", 
					"instrument": "UVOT", 
					"band": "W2", 
					"magnitude": "17.2", 
					"u_time": "MJD", 
					"time": "57839.29097", 
					"source": "1"
				}
		], 
		"name": "MAXI J1807+132", 
		"alias": [
				{
					"source": "1", 
					"value": "MAXI J1807+132"
				}
		], 
		"maxappmag": [
				{
					"source": "1,3", 
					"derived": true, 
					"value": "17.2"
				}
		], 
		"maxvisualappmag": [
				{
					"source": "1,3", 
					"derived": true, 
					"value": "18.4"
				}
		], 
		"claimedtype": [
				{
					"source": "1", 
					"value": "TDE?"
				}
		], 
		"maxvisualband": [
				{
					"source": "1,3", 
					"derived": true, 
					"value": "B"
				}
		], 
		"maxvisualdate": [
				{
					"source": "1,3", 
					"derived": true, 
					"value": "2017/03/27"
				}
		], 
		"maxband": [
				{
					"source": "1,3", 
					"derived": true, 
					"value": "W1"
				}
		], 
		"sources": [
				{
					"alias": "1", 
					"bibcode": "2017ATel10216....1K", 
					"name": "2017ATel10216....1K", 
					"reference": "Kennea et al. (2017)"
				}, 
				{
					"alias": "2", 
					"bibcode": "2011ApJ...737..103S", 
					"name": "2011ApJ...737..103S", 
					"reference": "Schlafly & Finkbeiner (2011)"
				}, 
				{
					"bibcode": "2017ApJ...835...64G", 
					"name": "The Open TDE Catalog", 
					"reference": "Guillochon et al. (2017)", 
					"url": "https://tde.space", 
					"alias": "3", 
					"secondary": true
				}
		], 
		"ebv": [
				{
					"e_value": "0.0059", 
					"derived": true, 
					"value": "0.1333", 
					"source": "2,3"
				}
		], 
		"discoverdate": [
				{
					"source": "1,3", 
					"derived": true, 
					"value": "2017/03/27"
				}
		], 
		"ra": [
				{
					"source": "1", 
					"u_value": "hours", 
					"value": "18:08:07.549"
				}
		], 
		"maxdate": [
				{
					"source": "1,3", 
					"derived": true, 
					"value": "2017/03/27"
				}
		], 
		"dec": [
				{
					"source": "1", 
					"u_value": "degrees", 
					"value": "+13:15:05.40"
				}
		], 
		"schema": "https://github.com/astrocatalogs/tidaldisruptions/blob/f405406/SCHEMA.md"
	}
}