{
	"NGC 247":{
		"schema":"https://github.com/astrocatalogs/tidaldisruptions/blob/f405406/SCHEMA.md",
		"name":"NGC 247",
		"sources":[
			{
				"name":"2017ApJ...838..149A",
				"bibcode":"2017ApJ...838..149A",
				"reference":"Auchettl, Guillochon, & Ramirez-Ruiz (2017)",
				"alias":"1"
			},
			{
				"name":"2016A&A...594A..13P",
				"bibcode":"2016A&A...594A..13P",
				"reference":"Planck Collaboration et al. (2016)",
				"alias":"2"
			},
			{
				"name":"2015ApJ...807..185F",
				"bibcode":"2015ApJ...807..185F",
				"reference":"Feng et al. (2015)",
				"alias":"3"
			},
			{
				"name":"2011ApJ...737..103S",
				"bibcode":"2011ApJ...737..103S",
				"reference":"Schlafly & Finkbeiner (2011)",
				"alias":"4"
			},
			{
				"name":"Swift TOOs",
				"url":"https://www.swift.psu.edu/secure/toop/summary.php",
				"alias":"5"
			},
			{
				"name":"The Open TDE Catalog",
				"bibcode":"2017ApJ...835...64G",
				"reference":"Guillochon et al. (2017)",
				"secondary":true,
				"url":"https://tde.space",
				"alias":"6"
			}
		],
		"alias":[
			{
				"value":"NGC 247",
				"source":"1"
			}
		],
		"citations":[
			{
				"value":"<a href='http://adsabs.harvard.edu/abs/2015ApJ...807..185F'>Feng et al. 2015</a>*&Dagger;",
				"source":"3"
			}
		],
		"claimedtype":[
			{
				"value":"Low-mass TDE",
				"source":"3"
			}
		],
		"comovingdist":[
			{
				"value":"2.35",
				"derived":true,
				"u_value":"Mpc",
				"source":"1,2,3,6"
			}
		],
		"dec":[
			{
				"value":"-20:45:36",
				"u_value":"degrees",
				"source":"5"
			}
		],
		"ebv":[
			{
				"value":"0.0155",
				"derived":true,
				"e_value":"0.0001",
				"source":"4,6"
			}
		],
		"host":[
			{
				"value":"NGC 247",
				"source":"1,3"
			}
		],
		"hostdec":[
			{
				"value":"-20:45:37.44",
				"u_value":"degrees",
				"source":"1"
			}
		],
		"hostoffsetang":[
			{
				"value":"1.974",
				"derived":true,
				"u_value":"arcseconds",
				"source":"1,5,6"
			}
		],
		"hostoffsetdist":[
			{
				"value":"0.02248",
				"source":"1,2,3,5,6"
			}
		],
		"hostra":[
			{
				"value":"00:47:08.55",
				"u_value":"hours",
				"source":"1"
			}
		],
		"lumdist":[
			{
				"value":"2.35",
				"derived":true,
				"u_value":"Mpc",
				"source":"1,2,3,6"
			}
		],
		"notes":[
			{
				"value":"Possibly LMXB",
				"source":"3"
			}
		],
		"ra":[
			{
				"value":"00:47:08.64",
				"u_value":"hours",
				"source":"5"
			}
		],
		"redshift":[
			{
				"value":"0.000531",
				"source":"1,3"
			}
		],
		"velocity":[
			{
				"value":"159",
				"derived":true,
				"u_value":"km/s",
				"source":"6"
			}
		]
	}
}