{
	"NGC 5905":{
		"schema":"https://github.com/astrocatalogs/tidaldisruptions/blob/f405406/SCHEMA.md",
		"name":"NGC 5905",
		"sources":[
			{
				"name":"2017ApJ...838..149A",
				"bibcode":"2017ApJ...838..149A",
				"reference":"Auchettl, Guillochon, & Ramirez-Ruiz (2017)",
				"alias":"1"
			},
			{
				"name":"2016A&A...594A..13P",
				"bibcode":"2016A&A...594A..13P",
				"reference":"Planck Collaboration et al. (2016)",
				"alias":"2"
			},
			{
				"name":"1996A&A...309L..35B",
				"bibcode":"1996A&A...309L..35B",
				"reference":"Bade, Komossa, & Dahlem (1996)",
				"alias":"3"
			},
			{
				"name":"The Open TDE Catalog",
				"bibcode":"2017ApJ...835...64G",
				"reference":"Guillochon et al. (2017)",
				"secondary":true,
				"url":"https://tde.space",
				"alias":"4"
			}
		],
		"alias":[
			{
				"value":"NGC 5905",
				"source":"1"
			}
		],
		"citations":[
			{
				"value":"<a href='http://adsabs.harvard.edu/abs/1996A%26A...309L..35B'>Bade et al. 1996</a>*&Dagger;",
				"source":"3"
			}
		],
		"claimedtype":[
			{
				"value":"AGN?",
				"source":"1"
			}
		],
		"comovingdist":[
			{
				"value":"49.61",
				"derived":true,
				"u_value":"Mpc",
				"source":"1,2,3,4"
			}
		],
		"discoverdate":[
			{
				"value":"1990/07/11",
				"derived":true,
				"source":"1,4"
			}
		],
		"host":[
			{
				"value":"NGC 5905",
				"source":"1,3"
			}
		],
		"hostdec":[
			{
				"value":"+55:31:01.59",
				"u_value":"degrees",
				"source":"1"
			}
		],
		"hostra":[
			{
				"value":"15:15:23.32",
				"u_value":"hours",
				"source":"1"
			}
		],
		"lumdist":[
			{
				"value":"50.17",
				"derived":true,
				"u_value":"Mpc",
				"source":"1,2,3,4"
			}
		],
		"redshift":[
			{
				"value":"0.01124",
				"source":"1,3"
			}
		],
		"velocity":[
			{
				"value":"3351",
				"derived":true,
				"u_value":"km/s",
				"source":"4"
			}
		],
		"photometry":[
			{
				"time":[
					"48083.6",
					"48083.611"
				],
				"countrate":"0.273",
				"e_countrate":"0.01848",
				"e_lower_flux":"2.95E-13",
				"e_lower_luminosity":"8.13E+40",
				"e_upper_flux":"3.38E-13",
				"e_upper_luminosity":"9.31E+40",
				"energy":[
					"0.3",
					"2.0"
				],
				"flux":"3.17E-13",
				"instrument":"PSPC",
				"luminosity":"8.74E+40",
				"nhmw":"0.0121",
				"photonindex":"4.5",
				"telescope":"ROSAT",
				"u_countrate":"s^-1",
				"u_energy":"keV",
				"u_flux":"ergs/cm^2/s",
				"u_time":"MJD",
				"source":"1"
			},
			{
				"time":[
					"48627",
					"48627.054"
				],
				"countrate":"0.0481",
				"energy":[
					"0.3",
					"2.0"
				],
				"flux":"5.59E-14",
				"instrument":"PSPC",
				"luminosity":"1.54E+40",
				"nhmw":"0.0121",
				"photonindex":"4.5",
				"telescope":"ROSAT",
				"u_countrate":"s^-1",
				"u_energy":"keV",
				"u_flux":"ergs/cm^2/s",
				"u_time":"MJD",
				"upperlimit":true,
				"source":"1"
			},
			{
				"time":[
					"49186.5",
					"49186.611"
				],
				"countrate":"0.0198",
				"e_countrate":"0",
				"e_lower_flux":"0.00E+00",
				"e_lower_luminosity":"0.00E+00",
				"e_upper_flux":"0.00E+00",
				"e_upper_luminosity":"0.00E+00",
				"energy":[
					"0.3",
					"2.0"
				],
				"flux":"2.30E-14",
				"instrument":"PSPC",
				"luminosity":"6.34E+39",
				"nhmw":"0.0121",
				"photonindex":"4.5",
				"telescope":"ROSAT",
				"u_countrate":"s^-1",
				"u_energy":"keV",
				"u_flux":"ergs/cm^2/s",
				"u_time":"MJD",
				"source":"1"
			},
			{
				"time":[
					"52551",
					"52551.111"
				],
				"countrate":"0.00347326",
				"e_countrate":"0.000758073",
				"e_lower_flux":"2.19E-14",
				"e_lower_luminosity":"6.03E+39",
				"e_upper_flux":"3.40E-14",
				"e_upper_luminosity":"9.37E+39",
				"energy":[
					"0.3",
					"2.0"
				],
				"flux":"2.79E-14",
				"instrument":"ACIS-S",
				"luminosity":"7.69E+39",
				"nhmw":"0.0121",
				"photonindex":"3.9",
				"telescope":"Chandra",
				"u_countrate":"s^-1",
				"u_energy":"keV",
				"u_flux":"ergs/cm^2/s",
				"u_time":"MJD",
				"source":"1"
			},
			{
				"time":[
					"54254.2",
					"54255.021"
				],
				"countrate":"0.00303359",
				"e_countrate":"0.000230168",
				"e_lower_flux":"2.85E-14",
				"e_lower_luminosity":"7.85E+39",
				"e_upper_flux":"4.52E-14",
				"e_upper_luminosity":"1.25E+40",
				"energy":[
					"0.3",
					"2.0"
				],
				"flux":"3.71E-14",
				"instrument":"ACIS-S",
				"luminosity":"1.02E+40",
				"nhmw":"0.0121",
				"photonindex":"3.9",
				"telescope":"Chandra",
				"u_countrate":"s^-1",
				"u_energy":"keV",
				"u_flux":"ergs/cm^2/s",
				"u_time":"MJD",
				"source":"1"
			},
			{
				"time":[
					"55536.3",
					"55536.300"
				],
				"countrate":"2.12",
				"energy":[
					"0.3",
					"2.0"
				],
				"flux":"9.70E-13",
				"instrument":"PN",
				"luminosity":"2.67E+41",
				"nhmw":"0.0121",
				"photonindex":"4.5",
				"telescope":"XMM",
				"u_countrate":"s^-1",
				"u_energy":"keV",
				"u_flux":"ergs/cm^2/s",
				"u_time":"MJD",
				"upperlimit":true,
				"source":"1"
			}
		]
	}
}