{
	"NGC 5905": {
		"hostdec": [
				{
					"source": "1", 
					"u_value": "degrees", 
					"value": "+55:31:01.59"
				}
		], 
		"comovingdist": [
				{
					"u_value": "Mpc", 
					"derived": true, 
					"value": "49.61", 
					"source": "1,2,3,4"
				}
		], 
		"name": "NGC 5905", 
		"alias": [
				{
					"source": "1", 
					"value": "NGC 5905"
				}
		], 
		"redshift": [
				{
					"source": "1,3", 
					"value": "0.01124"
				}
		], 
		"claimedtype": [
				{
					"source": "1", 
					"value": "AGN?"
				}
		], 
		"lumdist": [
				{
					"u_value": "Mpc", 
					"derived": true, 
					"value": "50.17", 
					"source": "1,2,3,4"
				}
		], 
		"sources": [
				{
					"alias": "1", 
					"bibcode": "2017ApJ...838..149A", 
					"name": "2017ApJ...838..149A", 
					"reference": "Auchettl, Guillochon, & Ramirez-Ruiz (2017)"
				}, 
				{
					"alias": "2", 
					"bibcode": "2016A&A...594A..13P", 
					"name": "2016A&A...594A..13P", 
					"reference": "Planck Collaboration et al. (2016)"
				}, 
				{
					"alias": "3", 
					"bibcode": "1996A&A...309L..35B", 
					"name": "1996A&A...309L..35B", 
					"reference": "Bade, Komossa, & Dahlem (1996)"
				}, 
				{
					"bibcode": "2017ApJ...835...64G", 
					"name": "The Open TDE Catalog", 
					"reference": "Guillochon et al. (2017)", 
					"url": "https://tde.space", 
					"alias": "4", 
					"secondary": true
				}
		], 
		"host": [
				{
					"source": "1,3", 
					"value": "NGC 5905"
				}
		], 
		"citations": [
				{
					"source": "3", 
					"value": "<a href='http://adsabs.harvard.edu/abs/1996A%26A...309L..35B'>Bade et al. 1996</a>*&Dagger;"
				}
		], 
		"discoverdate": [
				{
					"source": "1,4", 
					"derived": true, 
					"value": "1990/07/11"
				}
		], 
		"hostra": [
				{
					"source": "1", 
					"u_value": "hours", 
					"value": "15:15:23.32"
				}
		], 
		"velocity": [
				{
					"u_value": "km/s", 
					"derived": true, 
					"value": "3351", 
					"source": "4"
				}
		], 
		"photometry": [
				{
					"e_upper_luminosity": "9.31E+40", 
					"u_energy": "keV", 
					"telescope": "ROSAT", 
					"instrument": "PSPC", 
					"luminosity": "8.74E+40", 
					"energy": [
						"0.3", 
						"2.0"
					], 
					"e_lower_luminosity": "8.13E+40", 
					"u_countrate": "s^-1", 
					"photonindex": "4.5", 
					"countrate": "0.273", 
					"e_lower_flux": "2.95E-13", 
					"flux": "3.17E-13", 
					"nhmw": "0.0121", 
					"u_flux": "ergs/cm^2/s", 
					"u_time": "MJD", 
					"e_upper_flux": "3.38E-13", 
					"time": [
						"48083.6", 
						"48083.611"
					], 
					"e_countrate": "0.01848", 
					"source": "1"
				}, 
				{
					"u_energy": "keV", 
					"telescope": "ROSAT", 
					"instrument": "PSPC", 
					"source": "1", 
					"luminosity": "1.54E+40", 
					"energy": [
						"0.3", 
						"2.0"
					], 
					"u_countrate": "s^-1", 
					"photonindex": "4.5", 
					"countrate": "0.0481", 
					"flux": "5.59E-14", 
					"nhmw": "0.0121", 
					"u_flux": "ergs/cm^2/s", 
					"u_time": "MJD", 
					"time": [
						"48627", 
						"48627.054"
					], 
					"upperlimit": true
				}, 
				{
					"e_upper_luminosity": "0.00E+00", 
					"u_energy": "keV", 
					"telescope": "ROSAT", 
					"instrument": "PSPC", 
					"luminosity": "6.34E+39", 
					"energy": [
						"0.3", 
						"2.0"
					], 
					"e_lower_luminosity": "0.00E+00", 
					"u_countrate": "s^-1", 
					"photonindex": "4.5", 
					"countrate": "0.0198", 
					"e_lower_flux": "0.00E+00", 
					"flux": "2.30E-14", 
					"nhmw": "0.0121", 
					"u_flux": "ergs/cm^2/s", 
					"u_time": "MJD", 
					"e_upper_flux": "0.00E+00", 
					"time": [
						"49186.5", 
						"49186.611"
					], 
					"e_countrate": "0", 
					"source": "1"
				}, 
				{
					"e_upper_luminosity": "9.37E+39", 
					"u_energy": "keV", 
					"telescope": "Chandra", 
					"instrument": "ACIS-S", 
					"luminosity": "7.69E+39", 
					"energy": [
						"0.3", 
						"2.0"
					], 
					"e_lower_luminosity": "6.03E+39", 
					"u_countrate": "s^-1", 
					"photonindex": "3.9", 
					"countrate": "0.00347326", 
					"e_lower_flux": "2.19E-14", 
					"flux": "2.79E-14", 
					"nhmw": "0.0121", 
					"u_flux": "ergs/cm^2/s", 
					"u_time": "MJD", 
					"e_upper_flux": "3.40E-14", 
					"time": [
						"52551", 
						"52551.111"
					], 
					"e_countrate": "0.000758073", 
					"source": "1"
				}, 
				{
					"e_upper_luminosity": "1.25E+40", 
					"u_energy": "keV", 
					"telescope": "Chandra", 
					"instrument": "ACIS-S", 
					"luminosity": "1.02E+40", 
					"energy": [
						"0.3", 
						"2.0"
					], 
					"e_lower_luminosity": "7.85E+39", 
					"u_countrate": "s^-1", 
					"photonindex": "3.9", 
					"countrate": "0.00303359", 
					"e_lower_flux": "2.85E-14", 
					"flux": "3.71E-14", 
					"nhmw": "0.0121", 
					"u_flux": "ergs/cm^2/s", 
					"u_time": "MJD", 
					"e_upper_flux": "4.52E-14", 
					"time": [
						"54254.2", 
						"54255.021"
					], 
					"e_countrate": "0.000230168", 
					"source": "1"
				}, 
				{
					"u_energy": "keV", 
					"telescope": "XMM", 
					"instrument": "PN", 
					"source": "1", 
					"luminosity": "2.67E+41", 
					"energy": [
						"0.3", 
						"2.0"
					], 
					"u_countrate": "s^-1", 
					"photonindex": "4.5", 
					"countrate": "2.12", 
					"flux": "9.70E-13", 
					"nhmw": "0.0121", 
					"u_flux": "ergs/cm^2/s", 
					"u_time": "MJD", 
					"time": [
						"55536.3", 
						"55536.300"
					], 
					"upperlimit": true
				}
		], 
		"schema": "https://github.com/astrocatalogs/tidaldisruptions/blob/f405406/SCHEMA.md"
	}
}