{
	"NGC 3599":{
		"schema":"https://github.com/astrocatalogs/tidaldisruptions/blob/f405406/SCHEMA.md",
		"name":"NGC 3599",
		"sources":[
			{
				"name":"2017ApJ...838..149A",
				"bibcode":"2017ApJ...838..149A",
				"reference":"Auchettl, Guillochon, & Ramirez-Ruiz (2017)",
				"alias":"1"
			},
			{
				"name":"2016A&A...594A..13P",
				"bibcode":"2016A&A...594A..13P",
				"reference":"Planck Collaboration et al. (2016)",
				"alias":"2"
			},
			{
				"name":"2007A&A...462L..49E",
				"bibcode":"2007A&A...462L..49E",
				"reference":"Esquej et al. (2007)",
				"alias":"3"
			},
			{
				"name":"The Open TDE Catalog",
				"bibcode":"2017ApJ...835...64G",
				"reference":"Guillochon et al. (2017)",
				"secondary":true,
				"url":"https://tde.space",
				"alias":"4"
			}
		],
		"alias":[
			{
				"value":"NGC 3599",
				"source":"1"
			}
		],
		"citations":[
			{
				"value":"<a href='http://adsabs.harvard.edu/abs/2007A%26A...462L..49E'>Esquej et al. 2007</a>*&Dagger;",
				"source":"3"
			}
		],
		"claimedtype":[
			{
				"value":"TDE?",
				"source":"1"
			},
			{
				"value":"AGN?",
				"source":"1"
			}
		],
		"comovingdist":[
			{
				"value":"11.94",
				"derived":true,
				"u_value":"Mpc",
				"source":"1,2,3,4"
			}
		],
		"discoverdate":[
			{
				"value":"2002/05/27",
				"derived":true,
				"source":"1,4"
			}
		],
		"host":[
			{
				"value":"NGC 3599",
				"source":"1,3"
			}
		],
		"hostdec":[
			{
				"value":"+18:06:37.33",
				"u_value":"degrees",
				"source":"1"
			}
		],
		"hostra":[
			{
				"value":"11:15:26.95",
				"u_value":"hours",
				"source":"1"
			}
		],
		"lumdist":[
			{
				"value":"11.97",
				"derived":true,
				"u_value":"Mpc",
				"source":"1,2,3,4"
			}
		],
		"notes":[
			{
				"value":"LLAGN features in spectrum, <a href='http://adsabs.harvard.edu/abs/2015arXiv150905193S'>bright for &gt;18 months</a>.",
				"source":"3"
			}
		],
		"redshift":[
			{
				"value":"0.002699",
				"source":"1,3"
			}
		],
		"velocity":[
			{
				"value":"808",
				"derived":true,
				"u_value":"km/s",
				"source":"4"
			}
		],
		"photometry":[
			{
				"time":[
					"48955",
					"48955.218"
				],
				"countrate":"0.0211339",
				"energy":[
					"0.3",
					"2.0"
				],
				"flux":"9.56E-14",
				"instrument":"PSPC",
				"luminosity":"1.49E+39",
				"nhmw":"0.0141",
				"photonindex":"4.5",
				"telescope":"ROSAT",
				"u_countrate":"s^-1",
				"u_energy":"keV",
				"u_flux":"ergs/cm^2/s",
				"u_time":"MJD",
				"upperlimit":true,
				"source":"1"
			},
			{
				"time":[
					"52421.2",
					"52421.200"
				],
				"countrate":"8.77",
				"e_countrate":"1.63",
				"e_lower_flux":"3.21E-11",
				"e_lower_luminosity":"5.01E+41",
				"e_upper_flux":"4.67E-11",
				"e_upper_luminosity":"7.29E+41",
				"energy":[
					"0.3",
					"2.0"
				],
				"flux":"3.94E-11",
				"instrument":"PN",
				"luminosity":"6.15E+41",
				"nhmw":"0.0141",
				"photonindex":"2.57",
				"telescope":"XMM",
				"u_countrate":"s^-1",
				"u_energy":"keV",
				"u_flux":"ergs/cm^2/s",
				"u_time":"MJD",
				"source":"1"
			},
			{
				"time":[
					"52965.7",
					"52965.700"
				],
				"countrate":"7.84",
				"e_countrate":"1.026",
				"e_lower_flux":"3.06E-11",
				"e_lower_luminosity":"4.77E+41",
				"e_upper_flux":"3.98E-11",
				"e_upper_luminosity":"6.21E+41",
				"energy":[
					"0.3",
					"2.0"
				],
				"flux":"3.52E-11",
				"instrument":"PN",
				"luminosity":"5.49E+41",
				"nhmw":"0.0141",
				"photonindex":"2.57",
				"telescope":"XMM",
				"u_countrate":"s^-1",
				"u_energy":"keV",
				"u_flux":"ergs/cm^2/s",
				"u_time":"MJD",
				"source":"1"
			},
			{
				"time":[
					"53145.1",
					"53145.100"
				],
				"countrate":"1.9",
				"e_countrate":"1.206",
				"e_lower_flux":"3.11E-12",
				"e_lower_luminosity":"4.85E+40",
				"e_upper_flux":"1.39E-11",
				"e_upper_luminosity":"2.17E+41",
				"energy":[
					"0.3",
					"2.0"
				],
				"flux":"8.54E-12",
				"instrument":"PN",
				"luminosity":"1.33E+41",
				"nhmw":"0.0141",
				"photonindex":"2.57",
				"telescope":"XMM",
				"u_countrate":"s^-1",
				"u_energy":"keV",
				"u_flux":"ergs/cm^2/s",
				"u_time":"MJD",
				"source":"1"
			},
			{
				"time":[
					"53909.5",
					"53909.551"
				],
				"countrate":"0.0605615",
				"e_countrate":"0.00467257",
				"e_lower_flux":"1.15E-13",
				"e_lower_luminosity":"1.79E+39",
				"e_upper_flux":"1.43E-13",
				"e_upper_luminosity":"2.23E+39",
				"energy":[
					"0.3",
					"2.0"
				],
				"flux":"1.27E-13",
				"instrument":"PN",
				"luminosity":"1.98E+39",
				"nhmw":"0.0141",
				"photonindex":"2.71",
				"telescope":"XMM",
				"u_countrate":"s^-1",
				"u_energy":"keV",
				"u_flux":"ergs/cm^2/s",
				"u_time":"MJD",
				"source":"1"
			},
			{
				"time":[
					"53909.6",
					"53909.600"
				],
				"countrate":"1.49",
				"energy":[
					"0.3",
					"2.0"
				],
				"flux":"6.70E-12",
				"instrument":"PN",
				"luminosity":"1.05E+41",
				"nhmw":"0.0141",
				"photonindex":"2.57",
				"telescope":"XMM",
				"u_countrate":"s^-1",
				"u_energy":"keV",
				"u_flux":"ergs/cm^2/s",
				"u_time":"MJD",
				"upperlimit":true,
				"source":"1"
			},
			{
				"time":[
					"54070",
					"54070.065"
				],
				"countrate":"0.00243606",
				"energy":[
					"0.3",
					"2.0"
				],
				"flux":"5.86E-14",
				"instrument":"XRT",
				"luminosity":"9.14E+38",
				"mode":"PC",
				"nhmw":"0.0141",
				"photonindex":"4.5",
				"telescope":"Swift",
				"u_countrate":"s^-1",
				"u_energy":"keV",
				"u_flux":"ergs/cm^2/s",
				"u_time":"MJD",
				"upperlimit":true,
				"source":"1"
			},
			{
				"time":[
					"54491.3",
					"54491.530"
				],
				"countrate":"0.0127558",
				"e_countrate":"0.000854013",
				"e_lower_flux":"3.42E-14",
				"e_lower_luminosity":"5.34E+38",
				"e_upper_flux":"4.12E-14",
				"e_upper_luminosity":"6.43E+38",
				"energy":[
					"0.3",
					"2.0"
				],
				"flux":"3.78E-14",
				"instrument":"ACIS-S",
				"luminosity":"5.90E+38",
				"nhmw":"0.0141",
				"photonindex":"2.58",
				"telescope":"Chandra",
				"u_countrate":"s^-1",
				"u_energy":"keV",
				"u_flux":"ergs/cm^2/s",
				"u_time":"MJD",
				"source":"1"
			},
			{
				"time":[
					"54802.5",
					"54802.982"
				],
				"countrate":"0.0165572",
				"e_countrate":"0.000900011",
				"e_lower_flux":"3.27E-14",
				"e_lower_luminosity":"5.10E+38",
				"e_upper_flux":"3.67E-14",
				"e_upper_luminosity":"5.73E+38",
				"energy":[
					"0.3",
					"2.0"
				],
				"flux":"3.49E-14",
				"instrument":"PN",
				"luminosity":"5.44E+38",
				"nhmw":"0.0141",
				"photonindex":"2.43",
				"telescope":"XMM",
				"u_countrate":"s^-1",
				"u_energy":"keV",
				"u_flux":"ergs/cm^2/s",
				"u_time":"MJD",
				"source":"1"
			},
			{
				"time":[
					"54803",
					"54803.000"
				],
				"countrate":"0.797",
				"energy":[
					"0.3",
					"2.0"
				],
				"flux":"3.58E-12",
				"instrument":"PN",
				"luminosity":"5.58E+40",
				"nhmw":"0.0141",
				"photonindex":"2.57",
				"telescope":"XMM",
				"u_countrate":"s^-1",
				"u_energy":"keV",
				"u_flux":"ergs/cm^2/s",
				"u_time":"MJD",
				"upperlimit":true,
				"source":"1"
			},
			{
				"time":[
					"55492",
					"55492.010"
				],
				"countrate":"0.00450002",
				"energy":[
					"0.3",
					"2.0"
				],
				"flux":"1.08E-13",
				"instrument":"XRT",
				"luminosity":"1.68E+39",
				"mode":"PC",
				"nhmw":"0.0141",
				"photonindex":"4.5",
				"telescope":"Swift",
				"u_countrate":"s^-1",
				"u_energy":"keV",
				"u_flux":"ergs/cm^2/s",
				"u_time":"MJD",
				"upperlimit":true,
				"source":"1"
			},
			{
				"time":[
					"55516.6",
					"55516.618"
				],
				"countrate":"0.00395385",
				"energy":[
					"0.3",
					"2.0"
				],
				"flux":"9.49E-14",
				"instrument":"XRT",
				"luminosity":"1.48E+39",
				"mode":"PC",
				"nhmw":"0.0141",
				"photonindex":"4.5",
				"telescope":"Swift",
				"u_countrate":"s^-1",
				"u_energy":"keV",
				"u_flux":"ergs/cm^2/s",
				"u_time":"MJD",
				"upperlimit":true,
				"source":"1"
			},
			{
				"time":[
					"56855.3",
					"56855.323"
				],
				"countrate":"0.00399806",
				"energy":[
					"0.3",
					"2.0"
				],
				"flux":"9.61E-14",
				"instrument":"XRT",
				"luminosity":"1.50E+39",
				"mode":"PC",
				"nhmw":"0.0141",
				"photonindex":"4.5",
				"telescope":"Swift",
				"u_countrate":"s^-1",
				"u_energy":"keV",
				"u_flux":"ergs/cm^2/s",
				"u_time":"MJD",
				"upperlimit":true,
				"source":"1"
			},
			{
				"time":[
					"56952.2",
					"56952.245"
				],
				"countrate":"0.00265152",
				"energy":[
					"0.3",
					"2.0"
				],
				"flux":"6.36E-14",
				"instrument":"XRT",
				"luminosity":"9.92E+38",
				"mode":"PC",
				"nhmw":"0.0141",
				"photonindex":"4.5",
				"telescope":"Swift",
				"u_countrate":"s^-1",
				"u_energy":"keV",
				"u_flux":"ergs/cm^2/s",
				"u_time":"MJD",
				"upperlimit":true,
				"source":"1"
			},
			{
				"time":[
					"57138.4",
					"57138.404"
				],
				"countrate":"0.0134029",
				"energy":[
					"0.3",
					"2.0"
				],
				"flux":"3.22E-13",
				"instrument":"XRT",
				"luminosity":"5.02E+39",
				"mode":"PC",
				"nhmw":"0.0141",
				"photonindex":"4.5",
				"telescope":"Swift",
				"u_countrate":"s^-1",
				"u_energy":"keV",
				"u_flux":"ergs/cm^2/s",
				"u_time":"MJD",
				"upperlimit":true,
				"source":"1"
			},
			{
				"time":[
					"57187.3",
					"57187.300"
				],
				"countrate":"0.709",
				"energy":[
					"0.3",
					"2.0"
				],
				"flux":"3.19E-12",
				"instrument":"PN",
				"luminosity":"4.98E+40",
				"nhmw":"0.0141",
				"photonindex":"2.57",
				"telescope":"XMM",
				"u_countrate":"s^-1",
				"u_energy":"keV",
				"u_flux":"ergs/cm^2/s",
				"u_time":"MJD",
				"upperlimit":true,
				"source":"1"
			},
			{
				"time":[
					"57215.9",
					"57215.910"
				],
				"countrate":"0.00466648",
				"energy":[
					"0.3",
					"2.0"
				],
				"flux":"1.12E-13",
				"instrument":"XRT",
				"luminosity":"1.75E+39",
				"mode":"PC",
				"nhmw":"0.0141",
				"photonindex":"4.5",
				"telescope":"Swift",
				"u_countrate":"s^-1",
				"u_energy":"keV",
				"u_flux":"ergs/cm^2/s",
				"u_time":"MJD",
				"upperlimit":true,
				"source":"1"
			},
			{
				"time":[
					"57323.5",
					"57323.537"
				],
				"countrate":"0.00226545",
				"energy":[
					"0.3",
					"2.0"
				],
				"flux":"5.45E-14",
				"instrument":"XRT",
				"luminosity":"8.50E+38",
				"mode":"PC",
				"nhmw":"0.0141",
				"photonindex":"4.5",
				"telescope":"Swift",
				"u_countrate":"s^-1",
				"u_energy":"keV",
				"u_flux":"ergs/cm^2/s",
				"u_time":"MJD",
				"upperlimit":true,
				"source":"1"
			}
		]
	}
}