{
	"NGC 3599": {
		"hostdec": [
				{
					"source": "1", 
					"u_value": "degrees", 
					"value": "+18:06:37.33"
				}
		], 
		"comovingdist": [
				{
					"u_value": "Mpc", 
					"derived": true, 
					"value": "11.94", 
					"source": "1,2,3,4"
				}
		], 
		"name": "NGC 3599", 
		"alias": [
				{
					"source": "1", 
					"value": "NGC 3599"
				}
		], 
		"notes": [
				{
					"source": "3", 
					"value": "LLAGN features in spectrum, <a href='http://adsabs.harvard.edu/abs/2015arXiv150905193S'>bright for &gt;18 months</a>."
				}
		], 
		"redshift": [
				{
					"source": "1,3", 
					"value": "0.002699"
				}
		], 
		"claimedtype": [
				{
					"source": "1", 
					"value": "TDE?"
				}, 
				{
					"source": "1", 
					"value": "AGN?"
				}
		], 
		"lumdist": [
				{
					"u_value": "Mpc", 
					"derived": true, 
					"value": "11.97", 
					"source": "1,2,3,4"
				}
		], 
		"sources": [
				{
					"alias": "1", 
					"bibcode": "2017ApJ...838..149A", 
					"name": "2017ApJ...838..149A", 
					"reference": "Auchettl, Guillochon, & Ramirez-Ruiz (2017)"
				}, 
				{
					"alias": "2", 
					"bibcode": "2016A&A...594A..13P", 
					"name": "2016A&A...594A..13P", 
					"reference": "Planck Collaboration et al. (2016)"
				}, 
				{
					"alias": "3", 
					"bibcode": "2007A&A...462L..49E", 
					"name": "2007A&A...462L..49E", 
					"reference": "Esquej et al. (2007)"
				}, 
				{
					"bibcode": "2017ApJ...835...64G", 
					"name": "The Open TDE Catalog", 
					"reference": "Guillochon et al. (2017)", 
					"url": "https://tde.space", 
					"alias": "4", 
					"secondary": true
				}
		], 
		"host": [
				{
					"source": "1,3", 
					"value": "NGC 3599"
				}
		], 
		"citations": [
				{
					"source": "3", 
					"value": "<a href='http://adsabs.harvard.edu/abs/2007A%26A...462L..49E'>Esquej et al. 2007</a>*&Dagger;"
				}
		], 
		"discoverdate": [
				{
					"source": "1,4", 
					"derived": true, 
					"value": "2002/05/27"
				}
		], 
		"hostra": [
				{
					"source": "1", 
					"u_value": "hours", 
					"value": "11:15:26.95"
				}
		], 
		"velocity": [
				{
					"u_value": "km/s", 
					"derived": true, 
					"value": "808", 
					"source": "4"
				}
		], 
		"photometry": [
				{
					"u_energy": "keV", 
					"telescope": "ROSAT", 
					"instrument": "PSPC", 
					"source": "1", 
					"luminosity": "1.49E+39", 
					"energy": [
						"0.3", 
						"2.0"
					], 
					"u_countrate": "s^-1", 
					"photonindex": "4.5", 
					"countrate": "0.0211339", 
					"flux": "9.56E-14", 
					"nhmw": "0.0141", 
					"u_flux": "ergs/cm^2/s", 
					"u_time": "MJD", 
					"time": [
						"48955", 
						"48955.218"
					], 
					"upperlimit": true
				}, 
				{
					"e_upper_luminosity": "7.29E+41", 
					"u_energy": "keV", 
					"telescope": "XMM", 
					"instrument": "PN", 
					"luminosity": "6.15E+41", 
					"energy": [
						"0.3", 
						"2.0"
					], 
					"e_lower_luminosity": "5.01E+41", 
					"u_countrate": "s^-1", 
					"photonindex": "2.57", 
					"countrate": "8.77", 
					"e_lower_flux": "3.21E-11", 
					"flux": "3.94E-11", 
					"nhmw": "0.0141", 
					"u_flux": "ergs/cm^2/s", 
					"u_time": "MJD", 
					"e_upper_flux": "4.67E-11", 
					"time": [
						"52421.2", 
						"52421.200"
					], 
					"e_countrate": "1.63", 
					"source": "1"
				}, 
				{
					"e_upper_luminosity": "6.21E+41", 
					"u_energy": "keV", 
					"telescope": "XMM", 
					"instrument": "PN", 
					"luminosity": "5.49E+41", 
					"energy": [
						"0.3", 
						"2.0"
					], 
					"e_lower_luminosity": "4.77E+41", 
					"u_countrate": "s^-1", 
					"photonindex": "2.57", 
					"countrate": "7.84", 
					"e_lower_flux": "3.06E-11", 
					"flux": "3.52E-11", 
					"nhmw": "0.0141", 
					"u_flux": "ergs/cm^2/s", 
					"u_time": "MJD", 
					"e_upper_flux": "3.98E-11", 
					"time": [
						"52965.7", 
						"52965.700"
					], 
					"e_countrate": "1.026", 
					"source": "1"
				}, 
				{
					"e_upper_luminosity": "2.17E+41", 
					"u_energy": "keV", 
					"telescope": "XMM", 
					"instrument": "PN", 
					"luminosity": "1.33E+41", 
					"energy": [
						"0.3", 
						"2.0"
					], 
					"e_lower_luminosity": "4.85E+40", 
					"u_countrate": "s^-1", 
					"photonindex": "2.57", 
					"countrate": "1.9", 
					"e_lower_flux": "3.11E-12", 
					"flux": "8.54E-12", 
					"nhmw": "0.0141", 
					"u_flux": "ergs/cm^2/s", 
					"u_time": "MJD", 
					"e_upper_flux": "1.39E-11", 
					"time": [
						"53145.1", 
						"53145.100"
					], 
					"e_countrate": "1.206", 
					"source": "1"
				}, 
				{
					"e_upper_luminosity": "2.23E+39", 
					"u_energy": "keV", 
					"telescope": "XMM", 
					"instrument": "PN", 
					"luminosity": "1.98E+39", 
					"energy": [
						"0.3", 
						"2.0"
					], 
					"e_lower_luminosity": "1.79E+39", 
					"u_countrate": "s^-1", 
					"photonindex": "2.71", 
					"countrate": "0.0605615", 
					"e_lower_flux": "1.15E-13", 
					"flux": "1.27E-13", 
					"nhmw": "0.0141", 
					"u_flux": "ergs/cm^2/s", 
					"u_time": "MJD", 
					"e_upper_flux": "1.43E-13", 
					"time": [
						"53909.5", 
						"53909.551"
					], 
					"e_countrate": "0.00467257", 
					"source": "1"
				}, 
				{
					"u_energy": "keV", 
					"telescope": "XMM", 
					"instrument": "PN", 
					"source": "1", 
					"luminosity": "1.05E+41", 
					"energy": [
						"0.3", 
						"2.0"
					], 
					"u_countrate": "s^-1", 
					"photonindex": "2.57", 
					"countrate": "1.49", 
					"flux": "6.70E-12", 
					"nhmw": "0.0141", 
					"u_flux": "ergs/cm^2/s", 
					"u_time": "MJD", 
					"time": [
						"53909.6", 
						"53909.600"
					], 
					"upperlimit": true
				}, 
				{
					"u_energy": "keV", 
					"telescope": "Swift", 
					"instrument": "XRT", 
					"source": "1", 
					"luminosity": "9.14E+38", 
					"energy": [
						"0.3", 
						"2.0"
					], 
					"u_countrate": "s^-1", 
					"photonindex": "4.5", 
					"countrate": "0.00243606", 
					"flux": "5.86E-14", 
					"nhmw": "0.0141", 
					"u_flux": "ergs/cm^2/s", 
					"mode": "PC", 
					"time": [
						"54070", 
						"54070.065"
					], 
					"upperlimit": true, 
					"u_time": "MJD"
				}, 
				{
					"e_upper_luminosity": "6.43E+38", 
					"u_energy": "keV", 
					"telescope": "Chandra", 
					"instrument": "ACIS-S", 
					"luminosity": "5.90E+38", 
					"energy": [
						"0.3", 
						"2.0"
					], 
					"e_lower_luminosity": "5.34E+38", 
					"u_countrate": "s^-1", 
					"photonindex": "2.58", 
					"countrate": "0.0127558", 
					"e_lower_flux": "3.42E-14", 
					"flux": "3.78E-14", 
					"nhmw": "0.0141", 
					"u_flux": "ergs/cm^2/s", 
					"u_time": "MJD", 
					"e_upper_flux": "4.12E-14", 
					"time": [
						"54491.3", 
						"54491.530"
					], 
					"e_countrate": "0.000854013", 
					"source": "1"
				}, 
				{
					"e_upper_luminosity": "5.73E+38", 
					"u_energy": "keV", 
					"telescope": "XMM", 
					"instrument": "PN", 
					"luminosity": "5.44E+38", 
					"energy": [
						"0.3", 
						"2.0"
					], 
					"e_lower_luminosity": "5.10E+38", 
					"u_countrate": "s^-1", 
					"photonindex": "2.43", 
					"countrate": "0.0165572", 
					"e_lower_flux": "3.27E-14", 
					"flux": "3.49E-14", 
					"nhmw": "0.0141", 
					"u_flux": "ergs/cm^2/s", 
					"u_time": "MJD", 
					"e_upper_flux": "3.67E-14", 
					"time": [
						"54802.5", 
						"54802.982"
					], 
					"e_countrate": "0.000900011", 
					"source": "1"
				}, 
				{
					"u_energy": "keV", 
					"telescope": "XMM", 
					"instrument": "PN", 
					"source": "1", 
					"luminosity": "5.58E+40", 
					"energy": [
						"0.3", 
						"2.0"
					], 
					"u_countrate": "s^-1", 
					"photonindex": "2.57", 
					"countrate": "0.797", 
					"flux": "3.58E-12", 
					"nhmw": "0.0141", 
					"u_flux": "ergs/cm^2/s", 
					"u_time": "MJD", 
					"time": [
						"54803", 
						"54803.000"
					], 
					"upperlimit": true
				}, 
				{
					"u_energy": "keV", 
					"telescope": "Swift", 
					"instrument": "XRT", 
					"source": "1", 
					"luminosity": "1.68E+39", 
					"energy": [
						"0.3", 
						"2.0"
					], 
					"u_countrate": "s^-1", 
					"photonindex": "4.5", 
					"countrate": "0.00450002", 
					"flux": "1.08E-13", 
					"nhmw": "0.0141", 
					"u_flux": "ergs/cm^2/s", 
					"mode": "PC", 
					"time": [
						"55492", 
						"55492.010"
					], 
					"upperlimit": true, 
					"u_time": "MJD"
				}, 
				{
					"u_energy": "keV", 
					"telescope": "Swift", 
					"instrument": "XRT", 
					"source": "1", 
					"luminosity": "1.48E+39", 
					"energy": [
						"0.3", 
						"2.0"
					], 
					"u_countrate": "s^-1", 
					"photonindex": "4.5", 
					"countrate": "0.00395385", 
					"flux": "9.49E-14", 
					"nhmw": "0.0141", 
					"u_flux": "ergs/cm^2/s", 
					"mode": "PC", 
					"time": [
						"55516.6", 
						"55516.618"
					], 
					"upperlimit": true, 
					"u_time": "MJD"
				}, 
				{
					"u_energy": "keV", 
					"telescope": "Swift", 
					"instrument": "XRT", 
					"source": "1", 
					"luminosity": "1.50E+39", 
					"energy": [
						"0.3", 
						"2.0"
					], 
					"u_countrate": "s^-1", 
					"photonindex": "4.5", 
					"countrate": "0.00399806", 
					"flux": "9.61E-14", 
					"nhmw": "0.0141", 
					"u_flux": "ergs/cm^2/s", 
					"mode": "PC", 
					"time": [
						"56855.3", 
						"56855.323"
					], 
					"upperlimit": true, 
					"u_time": "MJD"
				}, 
				{
					"u_energy": "keV", 
					"telescope": "Swift", 
					"instrument": "XRT", 
					"source": "1", 
					"luminosity": "9.92E+38", 
					"energy": [
						"0.3", 
						"2.0"
					], 
					"u_countrate": "s^-1", 
					"photonindex": "4.5", 
					"countrate": "0.00265152", 
					"flux": "6.36E-14", 
					"nhmw": "0.0141", 
					"u_flux": "ergs/cm^2/s", 
					"mode": "PC", 
					"time": [
						"56952.2", 
						"56952.245"
					], 
					"upperlimit": true, 
					"u_time": "MJD"
				}, 
				{
					"u_energy": "keV", 
					"telescope": "Swift", 
					"instrument": "XRT", 
					"source": "1", 
					"luminosity": "5.02E+39", 
					"energy": [
						"0.3", 
						"2.0"
					], 
					"u_countrate": "s^-1", 
					"photonindex": "4.5", 
					"countrate": "0.0134029", 
					"flux": "3.22E-13", 
					"nhmw": "0.0141", 
					"u_flux": "ergs/cm^2/s", 
					"mode": "PC", 
					"time": [
						"57138.4", 
						"57138.404"
					], 
					"upperlimit": true, 
					"u_time": "MJD"
				}, 
				{
					"u_energy": "keV", 
					"telescope": "XMM", 
					"instrument": "PN", 
					"source": "1", 
					"luminosity": "4.98E+40", 
					"energy": [
						"0.3", 
						"2.0"
					], 
					"u_countrate": "s^-1", 
					"photonindex": "2.57", 
					"countrate": "0.709", 
					"flux": "3.19E-12", 
					"nhmw": "0.0141", 
					"u_flux": "ergs/cm^2/s", 
					"u_time": "MJD", 
					"time": [
						"57187.3", 
						"57187.300"
					], 
					"upperlimit": true
				}, 
				{
					"u_energy": "keV", 
					"telescope": "Swift", 
					"instrument": "XRT", 
					"source": "1", 
					"luminosity": "1.75E+39", 
					"energy": [
						"0.3", 
						"2.0"
					], 
					"u_countrate": "s^-1", 
					"photonindex": "4.5", 
					"countrate": "0.00466648", 
					"flux": "1.12E-13", 
					"nhmw": "0.0141", 
					"u_flux": "ergs/cm^2/s", 
					"mode": "PC", 
					"time": [
						"57215.9", 
						"57215.910"
					], 
					"upperlimit": true, 
					"u_time": "MJD"
				}, 
				{
					"u_energy": "keV", 
					"telescope": "Swift", 
					"instrument": "XRT", 
					"source": "1", 
					"luminosity": "8.50E+38", 
					"energy": [
						"0.3", 
						"2.0"
					], 
					"u_countrate": "s^-1", 
					"photonindex": "4.5", 
					"countrate": "0.00226545", 
					"flux": "5.45E-14", 
					"nhmw": "0.0141", 
					"u_flux": "ergs/cm^2/s", 
					"mode": "PC", 
					"time": [
						"57323.5", 
						"57323.537"
					], 
					"upperlimit": true, 
					"u_time": "MJD"
				}
		], 
		"schema": "https://github.com/astrocatalogs/tidaldisruptions/blob/f405406/SCHEMA.md"
	}
}