{
	"NGC247":{
		"schema":"https://github.com/astrocatalogs/tidaldisruptions/blob/f405406/SCHEMA.md",
		"name":"NGC247",
		"sources":[
			{
				"name":"2017ApJ...838..149A",
				"bibcode":"2017ApJ...838..149A",
				"reference":"Auchettl, Guillochon, & Ramirez-Ruiz (2017)",
				"alias":"1"
			},
			{
				"name":"The Open TDE Catalog",
				"bibcode":"2017ApJ...835...64G",
				"reference":"Guillochon et al. (2017)",
				"secondary":true,
				"url":"https://tde.space",
				"alias":"2"
			}
		],
		"alias":[
			{
				"value":"NGC247",
				"source":"1"
			}
		],
		"discoverdate":[
			{
				"value":"2014/07/01",
				"derived":true,
				"source":"1,2"
			}
		],
		"photometry":[
			{
				"time":[
					"48335.1",
					"48335.103"
				],
				"countrate":"0.0445797",
				"energy":[
					"0.3",
					"2.0"
				],
				"flux":"2.87E-14",
				"instrument":"PSPC",
				"luminosity":"1.73E+37",
				"nhmw":"0.02",
				"photonindex":"4.5",
				"telescope":"ROSAT",
				"u_countrate":"s^-1",
				"u_energy":"keV",
				"u_flux":"ergs/cm^2/s",
				"u_time":"MJD",
				"upperlimit":true,
				"source":"1"
			},
			{
				"time":[
					"48695.5",
					"48695.712"
				],
				"countrate":"0.0169873",
				"energy":[
					"0.3",
					"2.0"
				],
				"flux":"7.53E-14",
				"instrument":"PSPC",
				"luminosity":"4.53E+37",
				"nhmw":"0.02",
				"photonindex":"4.5",
				"telescope":"ROSAT",
				"u_countrate":"s^-1",
				"u_energy":"keV",
				"u_flux":"ergs/cm^2/s",
				"u_time":"MJD",
				"upperlimit":true,
				"source":"1"
			},
			{
				"time":[
					"52098.6",
					"52098.634"
				],
				"countrate":"0.116017",
				"energy":[
					"0.3",
					"2.0"
				],
				"flux":"1.10E-13",
				"instrument":"PN",
				"luminosity":"6.62E+37",
				"nhmw":"0.2",
				"photonindex":"1.62",
				"telescope":"XMM",
				"u_countrate":"s^-1",
				"u_energy":"keV",
				"u_flux":"ergs/cm^2/s",
				"u_time":"MJD",
				"upperlimit":true,
				"source":"1"
			},
			{
				"time":[
					"53715",
					"53715.000"
				],
				"countrate":"1.07",
				"energy":[
					"0.3",
					"2.0"
				],
				"flux":"3.19E-12",
				"instrument":"PN",
				"luminosity":"1.92E+39",
				"nhmw":"0.2",
				"photonindex":"1.62",
				"telescope":"XMM",
				"u_countrate":"s^-1",
				"u_energy":"keV",
				"u_flux":"ergs/cm^2/s",
				"u_time":"MJD",
				"upperlimit":true,
				"source":"1"
			},
			{
				"time":[
					"55192.8",
					"55193.143"
				],
				"countrate":"0.0322879",
				"energy":[
					"0.3",
					"2.0"
				],
				"flux":"3.05E-14",
				"instrument":"PN",
				"luminosity":"1.84E+37",
				"nhmw":"0.2",
				"photonindex":"1.62",
				"telescope":"XMM",
				"u_countrate":"s^-1",
				"u_energy":"keV",
				"u_flux":"ergs/cm^2/s",
				"u_time":"MJD",
				"upperlimit":true,
				"source":"1"
			},
			{
				"time":[
					"55193.2",
					"55193.200"
				],
				"countrate":"0.72",
				"energy":[
					"0.3",
					"2.0"
				],
				"flux":"2.15E-12",
				"instrument":"PN",
				"luminosity":"1.29E+39",
				"nhmw":"0.2",
				"photonindex":"1.62",
				"telescope":"XMM",
				"u_countrate":"s^-1",
				"u_energy":"keV",
				"u_flux":"ergs/cm^2/s",
				"u_time":"MJD",
				"upperlimit":true,
				"source":"1"
			},
			{
				"time":[
					"55593.6",
					"55593.657"
				],
				"countrate":"0.149142",
				"energy":[
					"0.3",
					"2.0"
				],
				"flux":"3.89E-13",
				"instrument":"ACIS-S",
				"luminosity":"2.34E+38",
				"nhmw":"0.61",
				"photonindex":"1.98",
				"telescope":"Chandra",
				"u_countrate":"s^-1",
				"u_energy":"keV",
				"u_flux":"ergs/cm^2/s",
				"u_time":"MJD",
				"upperlimit":true,
				"source":"1"
			},
			{
				"time":[
					"56695.1",
					"56695.108"
				],
				"countrate":"0.0040395",
				"energy":[
					"0.3",
					"2.0"
				],
				"flux":"8.21E-14",
				"instrument":"XRT",
				"luminosity":"4.94E+37",
				"mode":"PC",
				"nhmw":"0.12",
				"photonindex":"1.789",
				"telescope":"Swift",
				"u_countrate":"s^-1",
				"u_energy":"keV",
				"u_flux":"ergs/cm^2/s",
				"u_time":"MJD",
				"upperlimit":true,
				"source":"1"
			},
			{
				"time":[
					"56839.2",
					"56839.555"
				],
				"countrate":"0.324801",
				"e_countrate":"0.00382802",
				"e_lower_flux":"3.38E-13",
				"e_lower_luminosity":"2.03E+38",
				"e_upper_flux":"3.47E-13",
				"e_upper_luminosity":"2.09E+38",
				"energy":[
					"0.3",
					"2.0"
				],
				"flux":"3.43E-13",
				"instrument":"PN",
				"luminosity":"2.06E+38",
				"photonindex":"1.62",
				"telescope":"XMM",
				"u_countrate":"s^-1",
				"u_energy":"keV",
				"u_flux":"ergs/cm^2/s",
				"u_time":"MJD",
				"source":"1"
			},
			{
				"time":[
					"56970.8",
					"56971.020"
				],
				"countrate":"0.0129681",
				"e_countrate":"0.000963328",
				"e_lower_flux":"1.84E-13",
				"e_lower_luminosity":"1.11E+38",
				"e_upper_flux":"2.12E-13",
				"e_upper_luminosity":"1.28E+38",
				"energy":[
					"0.3",
					"2.0"
				],
				"flux":"1.99E-13",
				"instrument":"XRT",
				"luminosity":"1.20E+38",
				"mode":"PC",
				"photonindex":"1.789",
				"telescope":"Swift",
				"u_countrate":"s^-1",
				"u_energy":"keV",
				"u_flux":"ergs/cm^2/s",
				"u_time":"MJD",
				"source":"1"
			},
			{
				"time":[
					"56973.2",
					"56973.257"
				],
				"countrate":"0.103327",
				"e_countrate":"0.004792",
				"e_lower_flux":"2.61E-13",
				"e_lower_luminosity":"1.57E+38",
				"e_upper_flux":"2.94E-13",
				"e_upper_luminosity":"1.77E+38",
				"energy":[
					"0.3",
					"2.0"
				],
				"flux":"2.83E-13",
				"instrument":"ACIS-S",
				"luminosity":"1.70E+38",
				"photonindex":"1.98",
				"telescope":"Chandra",
				"u_countrate":"s^-1",
				"u_energy":"keV",
				"u_flux":"ergs/cm^2/s",
				"u_time":"MJD",
				"source":"1"
			},
			{
				"time":[
					"57033.5",
					"57033.693"
				],
				"countrate":"0.00294657",
				"e_countrate":"0.000593147",
				"e_lower_flux":"4.77E-14",
				"e_lower_luminosity":"2.87E+37",
				"e_upper_flux":"7.19E-14",
				"e_upper_luminosity":"4.33E+37",
				"energy":[
					"0.3",
					"2.0"
				],
				"flux":"5.99E-14",
				"instrument":"XRT",
				"luminosity":"3.61E+37",
				"mode":"PC",
				"nhmw":"0.12",
				"photonindex":"1.789",
				"telescope":"Swift",
				"u_countrate":"s^-1",
				"u_energy":"keV",
				"u_flux":"ergs/cm^2/s",
				"u_time":"MJD",
				"source":"1"
			},
			{
				"time":[
					"57159.2",
					"57159.230"
				],
				"countrate":"0.00328593",
				"energy":[
					"0.3",
					"2.0"
				],
				"flux":"6.68E-14",
				"instrument":"XRT",
				"luminosity":"4.02E+37",
				"mode":"PC",
				"nhmw":"0.12",
				"photonindex":"1.789",
				"telescope":"Swift",
				"u_countrate":"s^-1",
				"u_energy":"keV",
				"u_flux":"ergs/cm^2/s",
				"u_time":"MJD",
				"upperlimit":true,
				"source":"1"
			},
			{
				"time":[
					"57164.1",
					"57164.181"
				],
				"countrate":"0.00315139",
				"energy":[
					"0.3",
					"2.0"
				],
				"flux":"6.40E-14",
				"instrument":"XRT",
				"luminosity":"3.85E+37",
				"mode":"PC",
				"nhmw":"0.12",
				"photonindex":"1.789",
				"telescope":"Swift",
				"u_countrate":"s^-1",
				"u_energy":"keV",
				"u_flux":"ergs/cm^2/s",
				"u_time":"MJD",
				"upperlimit":true,
				"source":"1"
			},
			{
				"time":[
					"57255.5",
					"57255.567"
				],
				"countrate":"0.00312444",
				"energy":[
					"0.3",
					"2.0"
				],
				"flux":"6.34E-14",
				"instrument":"XRT",
				"luminosity":"3.82E+37",
				"mode":"PC",
				"nhmw":"0.12",
				"photonindex":"1.789",
				"telescope":"Swift",
				"u_countrate":"s^-1",
				"u_energy":"keV",
				"u_flux":"ergs/cm^2/s",
				"u_time":"MJD",
				"upperlimit":true,
				"source":"1"
			},
			{
				"time":[
					"57314.2",
					"57314.223"
				],
				"countrate":"0.00487163",
				"energy":[
					"0.3",
					"2.0"
				],
				"flux":"9.89E-14",
				"instrument":"XRT",
				"luminosity":"5.95E+37",
				"mode":"PC",
				"nhmw":"0.12",
				"photonindex":"1.789",
				"telescope":"Swift",
				"u_countrate":"s^-1",
				"u_energy":"keV",
				"u_flux":"ergs/cm^2/s",
				"u_time":"MJD",
				"upperlimit":true,
				"source":"1"
			}
		]
	}
}