{"NGC247": {"name": "NGC247", "alias": [{"source": "1", "value": "NGC247"}], "sources": [{"alias": "1", "bibcode": "2017ApJ...838..149A", "name": "2017ApJ...838..149A", "reference": "Auchettl, Guillochon, & Ramirez-Ruiz (2017)"}, {"bibcode": "2017ApJ...835...64G", "name": "The Open TDE Catalog", "reference": "Guillochon et al. (2017)", "url": "https://tde.space", "alias": "2", "secondary": true}], "discoverdate": [{"source": "1,2", "derived": true, "value": "2014/07/01"}], "photometry": [{"u_energy": "keV", "telescope": "ROSAT", "instrument": "PSPC", "source": "1", "luminosity": "1.73E+37", "energy": ["0.3", "2.0"], "u_countrate": "s^-1", "photonindex": "4.5", "countrate": "0.0445797", "flux": "2.87E-14", "nhmw": "0.02", "u_flux": "ergs/cm^2/s", "u_time": "MJD", "time": ["48335.1", "48335.103"], "upperlimit": true}, {"u_energy": "keV", "telescope": "ROSAT", "instrument": "PSPC", "source": "1", "luminosity": "4.53E+37", "energy": ["0.3", "2.0"], "u_countrate": "s^-1", "photonindex": "4.5", "countrate": "0.0169873", "flux": "7.53E-14", "nhmw": "0.02", "u_flux": "ergs/cm^2/s", "u_time": "MJD", "time": ["48695.5", "48695.712"], "upperlimit": true}, {"u_energy": "keV", "telescope": "XMM", "instrument": "PN", "source": "1", "luminosity": "6.62E+37", "energy": ["0.3", "2.0"], "u_countrate": "s^-1", "photonindex": "1.62", "countrate": "0.116017", "flux": "1.10E-13", "nhmw": "0.2", "u_flux": "ergs/cm^2/s", "u_time": "MJD", "time": ["52098.6", "52098.634"], "upperlimit": true}, {"u_energy": "keV", "telescope": "XMM", "instrument": "PN", "source": "1", "luminosity": "1.92E+39", "energy": ["0.3", "2.0"], "u_countrate": "s^-1", "photonindex": "1.62", "countrate": "1.07", "flux": "3.19E-12", "nhmw": "0.2", "u_flux": "ergs/cm^2/s", "u_time": "MJD", "time": ["53715", "53715.000"], "upperlimit": true}, {"u_energy": "keV", "telescope": "XMM", "instrument": "PN", "source": "1", "luminosity": "1.84E+37", "energy": ["0.3", "2.0"], "u_countrate": "s^-1", "photonindex": "1.62", "countrate": "0.0322879", "flux": "3.05E-14", "nhmw": "0.2", "u_flux": "ergs/cm^2/s", "u_time": "MJD", "time": ["55192.8", "55193.143"], "upperlimit": true}, {"u_energy": "keV", "telescope": "XMM", "instrument": "PN", "source": "1", "luminosity": "1.29E+39", "energy": ["0.3", "2.0"], "u_countrate": "s^-1", "photonindex": "1.62", "countrate": "0.72", "flux": "2.15E-12", "nhmw": "0.2", "u_flux": "ergs/cm^2/s", "u_time": "MJD", "time": ["55193.2", "55193.200"], "upperlimit": true}, {"u_energy": "keV", "telescope": "Chandra", "instrument": "ACIS-S", "source": "1", "luminosity": "2.34E+38", "energy": ["0.3", "2.0"], "u_countrate": "s^-1", "photonindex": "1.98", "countrate": "0.149142", "flux": "3.89E-13", "nhmw": "0.61", "u_flux": "ergs/cm^2/s", "u_time": "MJD", "time": ["55593.6", "55593.657"], "upperlimit": true}, {"u_energy": "keV", "telescope": "Swift", "instrument": "XRT", "source": "1", "luminosity": "4.94E+37", "energy": ["0.3", "2.0"], "u_countrate": "s^-1", "photonindex": "1.789", "countrate": "0.0040395", "flux": "8.21E-14", "nhmw": "0.12", "u_flux": "ergs/cm^2/s", "mode": "PC", "time": ["56695.1", "56695.108"], "upperlimit": true, "u_time": "MJD"}, {"e_upper_luminosity": "2.09E+38", "u_energy": "keV", "telescope": "XMM", "instrument": "PN", "luminosity": "2.06E+38", "energy": ["0.3", "2.0"], "e_lower_luminosity": "2.03E+38", "u_countrate": "s^-1", "photonindex": "1.62", "countrate": "0.324801", "e_lower_flux": "3.38E-13", "flux": "3.43E-13", "u_flux": "ergs/cm^2/s", "u_time": "MJD", "e_upper_flux": "3.47E-13", "time": ["56839.2", "56839.555"], "e_countrate": "0.00382802", "source": "1"}, {"e_upper_luminosity": "1.28E+38", "u_energy": "keV", "telescope": "Swift", "instrument": "XRT", "source": "1", "luminosity": "1.20E+38", "energy": ["0.3", "2.0"], "e_lower_luminosity": "1.11E+38", "u_countrate": "s^-1", "photonindex": "1.789", "countrate": "0.0129681", "e_lower_flux": "1.84E-13", "flux": "1.99E-13", "u_flux": "ergs/cm^2/s", "mode": "PC", "e_upper_flux": "2.12E-13", "time": ["56970.8", "56971.020"], "e_countrate": "0.000963328", "u_time": "MJD"}, {"e_upper_luminosity": "1.77E+38", "u_energy": "keV", "telescope": "Chandra", "instrument": "ACIS-S", "luminosity": "1.70E+38", "energy": ["0.3", "2.0"], "e_lower_luminosity": "1.57E+38", "u_countrate": "s^-1", "photonindex": "1.98", "countrate": "0.103327", "e_lower_flux": "2.61E-13", "flux": "2.83E-13", "u_flux": "ergs/cm^2/s", "u_time": "MJD", "e_upper_flux": "2.94E-13", "time": ["56973.2", "56973.257"], "e_countrate": "0.004792", "source": "1"}, {"e_upper_luminosity": "4.33E+37", "u_energy": "keV", "telescope": "Swift", "instrument": "XRT", "source": "1", "luminosity": "3.61E+37", "energy": ["0.3", "2.0"], "e_lower_luminosity": "2.87E+37", "u_countrate": "s^-1", "photonindex": "1.789", "countrate": "0.00294657", "e_lower_flux": "4.77E-14", "flux": "5.99E-14", "nhmw": "0.12", "u_flux": "ergs/cm^2/s", "mode": "PC", "e_upper_flux": "7.19E-14", "time": ["57033.5", "57033.693"], "e_countrate": "0.000593147", "u_time": "MJD"}, {"u_energy": "keV", "telescope": "Swift", "instrument": "XRT", "source": "1", "luminosity": "4.02E+37", "energy": ["0.3", "2.0"], "u_countrate": "s^-1", "photonindex": "1.789", "countrate": "0.00328593", "flux": "6.68E-14", "nhmw": "0.12", "u_flux": "ergs/cm^2/s", "mode": "PC", "time": ["57159.2", "57159.230"], "upperlimit": true, "u_time": "MJD"}, {"u_energy": "keV", "telescope": "Swift", "instrument": "XRT", "source": "1", "luminosity": "3.85E+37", "energy": ["0.3", "2.0"], "u_countrate": "s^-1", "photonindex": "1.789", "countrate": "0.00315139", "flux": "6.40E-14", "nhmw": "0.12", "u_flux": "ergs/cm^2/s", "mode": "PC", "time": ["57164.1", "57164.181"], "upperlimit": true, "u_time": "MJD"}, {"u_energy": "keV", "telescope": "Swift", "instrument": "XRT", "source": "1", "luminosity": "3.82E+37", "energy": ["0.3", "2.0"], "u_countrate": "s^-1", "photonindex": "1.789", "countrate": "0.00312444", "flux": "6.34E-14", "nhmw": "0.12", "u_flux": "ergs/cm^2/s", "mode": "PC", "time": ["57255.5", "57255.567"], "upperlimit": true, "u_time": "MJD"}, {"u_energy": "keV", "telescope": "Swift", "instrument": "XRT", "source": "1", "luminosity": "5.95E+37", "energy": ["0.3", "2.0"], "u_countrate": "s^-1", "photonindex": "1.789", "countrate": "0.00487163", "flux": "9.89E-14", "nhmw": "0.12", "u_flux": "ergs/cm^2/s", "mode": "PC", "time": ["57314.2", "57314.223"], "upperlimit": true, "u_time": "MJD"}], "schema": "https://github.com/astrocatalogs/tidaldisruptions/blob/f405406/SCHEMA.md"}}