{
	"OGLE16aaa":{
		"schema":"https://github.com/astrocatalogs/tidaldisruptions/blob/f405406/SCHEMA.md",
		"name":"OGLE16aaa",
		"sources":[
			{
				"name":"2017ApJ...838..149A",
				"bibcode":"2017ApJ...838..149A",
				"reference":"Auchettl, Guillochon, & Ramirez-Ruiz (2017)",
				"alias":"1"
			},
			{
				"name":"2016arXiv160603125W",
				"bibcode":"2016arXiv160603125W",
				"reference":"Wyrzykowski et al. (2016)",
				"alias":"2"
			},
			{
				"name":"2016ATel.8559....1F",
				"bibcode":"2016ATel.8559....1F",
				"reference":"Firth et al. (2016)",
				"alias":"3"
			},
			{
				"name":"2016A&A...594A..13P",
				"bibcode":"2016A&A...594A..13P",
				"reference":"Planck Collaboration et al. (2016)",
				"alias":"4"
			},
			{
				"name":"2011ApJ...737..103S",
				"bibcode":"2011ApJ...737..103S",
				"reference":"Schlafly & Finkbeiner (2011)",
				"alias":"5"
			},
			{
				"name":"OGLE-IV Transient Detection System",
				"url":"http://ogle.astrouw.edu.pl/ogle4/transients/transients.html",
				"alias":"6"
			},
			{
				"name":"class= TDE 0.167",
				"url":"http://www.astronomerstelegram.org/?read=8577",
				"alias":"7"
			},
			{
				"name":"The Open TDE Catalog",
				"bibcode":"2017ApJ...835...64G",
				"reference":"Guillochon et al. (2017)",
				"secondary":true,
				"url":"https://tde.space",
				"alias":"8"
			},
			{
				"name":"SIMBAD astronomical database",
				"bibcode":"2000A&AS..143....9W",
				"reference":"Wenger et al. (2000)",
				"secondary":true,
				"url":"http://simbad.u-strasbg.fr/",
				"alias":"9"
			}
		],
		"alias":[
			{
				"value":"OGLE16aaa",
				"source":"1,2,6,9"
			}
		],
		"claimedtype":[
			{
				"value":"MS + SMBH",
				"source":"2"
			},
			{
				"value":"TDE",
				"source":"6,7"
			}
		],
		"comovingdist":[
			{
				"value":"703.6",
				"derived":true,
				"u_value":"Mpc",
				"source":"2,4,8"
			}
		],
		"dec":[
			{
				"value":"-64:16:20.7",
				"u_value":"degrees",
				"source":"2,3,9"
			}
		],
		"discoverdate":[
			{
				"value":"2015/12/17",
				"derived":true,
				"source":"6,7,8"
			}
		],
		"ebv":[
			{
				"value":"0.0179",
				"derived":true,
				"e_value":"0.0008",
				"source":"5,8"
			}
		],
		"host":[
			{
				"value":"GALEX J010720.81-641621.4",
				"source":"2"
			}
		],
		"hostdec":[
			{
				"value":"-64:16:21.4",
				"derived":true,
				"u_value":"degrees",
				"source":"8"
			}
		],
		"hostoffsetang":[
			{
				"value":"1.262",
				"derived":true,
				"u_value":"arcseconds",
				"source":"2,3,8,9"
			}
		],
		"hostoffsetdist":[
			{
				"value":"3.694",
				"source":"2,3,4,8,9"
			}
		],
		"hostra":[
			{
				"value":"01:07:20.81",
				"derived":true,
				"u_value":"hours",
				"source":"8"
			}
		],
		"lumdist":[
			{
				"value":"820",
				"derived":true,
				"u_value":"Mpc",
				"source":"2,4,8"
			}
		],
		"maxabsmag":[
			{
				"value":"-20.083",
				"derived":true,
				"source":"2,4,8"
			}
		],
		"maxappmag":[
			{
				"value":"19.32",
				"derived":true,
				"source":"6,7,8"
			}
		],
		"maxband":[
			{
				"value":"I",
				"derived":true,
				"source":"6,7,8"
			}
		],
		"maxdate":[
			{
				"value":"2016/01/20",
				"derived":true,
				"source":"6,7,8"
			}
		],
		"maxvisualappmag":[
			{
				"value":"19.32",
				"derived":true,
				"source":"6,7,8"
			}
		],
		"maxvisualband":[
			{
				"value":"I",
				"derived":true,
				"source":"6,7,8"
			}
		],
		"maxvisualdate":[
			{
				"value":"2016/01/20",
				"derived":true,
				"source":"6,7,8"
			}
		],
		"ra":[
			{
				"value":"1:07:20.88",
				"u_value":"hours",
				"source":"2"
			},
			{
				"value":"01:07:20.88",
				"u_value":"hours",
				"source":"3,9"
			}
		],
		"redshift":[
			{
				"value":"0.1655",
				"source":"2"
			}
		],
		"velocity":[
			{
				"value":"45560",
				"derived":true,
				"u_value":"km/s",
				"source":"8"
			}
		],
		"photometry":[
			{
				"time":[
					"48200",
					"48200.001"
				],
				"countrate":"0.0505",
				"energy":[
					"0.3",
					"2.0"
				],
				"flux":"1.23E-13",
				"instrument":"PSPC",
				"luminosity":"9.76E+42",
				"nhmw":"0.027",
				"photonindex":"4.5",
				"telescope":"ROSAT",
				"u_countrate":"s^-1",
				"u_energy":"keV",
				"u_flux":"ergs/cm^2/s",
				"u_time":"MJD",
				"upperlimit":true,
				"source":"1"
			},
			{
				"time":"57032.05327",
				"band":"I",
				"magnitude":"22",
				"system":"Vega",
				"u_time":"MJD",
				"upperlimit":true,
				"source":"6,7"
			},
			{
				"time":"57037.03148",
				"band":"I",
				"magnitude":"22",
				"system":"Vega",
				"u_time":"MJD",
				"upperlimit":true,
				"source":"6,7"
			},
			{
				"time":"57042.03214",
				"band":"I",
				"magnitude":"22",
				"system":"Vega",
				"u_time":"MJD",
				"upperlimit":true,
				"source":"6,7"
			},
			{
				"time":"57045.03243",
				"band":"I",
				"magnitude":"22",
				"system":"Vega",
				"u_time":"MJD",
				"upperlimit":true,
				"source":"6,7"
			},
			{
				"time":"57047.03121",
				"band":"I",
				"magnitude":"22",
				"system":"Vega",
				"u_time":"MJD",
				"upperlimit":true,
				"source":"6,7"
			},
			{
				"time":"57050.03413",
				"band":"I",
				"magnitude":"22",
				"system":"Vega",
				"u_time":"MJD",
				"upperlimit":true,
				"source":"6,7"
			},
			{
				"time":"57052.02716",
				"band":"I",
				"magnitude":"22",
				"system":"Vega",
				"u_time":"MJD",
				"upperlimit":true,
				"source":"6,7"
			},
			{
				"time":"57193.40504",
				"band":"I",
				"magnitude":"22",
				"system":"Vega",
				"u_time":"MJD",
				"upperlimit":true,
				"source":"6,7"
			},
			{
				"time":"57202.43531",
				"band":"I",
				"magnitude":"22",
				"system":"Vega",
				"u_time":"MJD",
				"upperlimit":true,
				"source":"6,7"
			},
			{
				"time":"57211.38704",
				"band":"I",
				"magnitude":"22",
				"system":"Vega",
				"u_time":"MJD",
				"upperlimit":true,
				"source":"6,7"
			},
			{
				"time":"57221.33302",
				"band":"I",
				"magnitude":"22",
				"system":"Vega",
				"u_time":"MJD",
				"upperlimit":true,
				"source":"6,7"
			},
			{
				"time":"57227.33633",
				"band":"I",
				"magnitude":"22",
				"system":"Vega",
				"u_time":"MJD",
				"upperlimit":true,
				"source":"6,7"
			},
			{
				"time":"57233.30533",
				"band":"I",
				"magnitude":"22",
				"system":"Vega",
				"u_time":"MJD",
				"upperlimit":true,
				"source":"6,7"
			},
			{
				"time":"57250.34068",
				"band":"I",
				"magnitude":"22",
				"system":"Vega",
				"u_time":"MJD",
				"upperlimit":true,
				"source":"6,7"
			},
			{
				"time":"57256.29930",
				"band":"I",
				"magnitude":"22",
				"system":"Vega",
				"u_time":"MJD",
				"upperlimit":true,
				"source":"6,7"
			},
			{
				"time":"57257.33068",
				"band":"I",
				"magnitude":"22",
				"system":"Vega",
				"u_time":"MJD",
				"upperlimit":true,
				"source":"6,7"
			},
			{
				"time":"57260.28314",
				"band":"I",
				"magnitude":"22",
				"system":"Vega",
				"u_time":"MJD",
				"upperlimit":true,
				"source":"6,7"
			},
			{
				"time":"57262.30848",
				"band":"I",
				"magnitude":"22",
				"system":"Vega",
				"u_time":"MJD",
				"upperlimit":true,
				"source":"6,7"
			},
			{
				"time":"57267.30966",
				"band":"I",
				"magnitude":"22",
				"system":"Vega",
				"u_time":"MJD",
				"upperlimit":true,
				"source":"6,7"
			},
			{
				"time":"57272.34521",
				"band":"I",
				"magnitude":"22",
				"system":"Vega",
				"u_time":"MJD",
				"upperlimit":true,
				"source":"6,7"
			},
			{
				"time":"57278.21097",
				"band":"I",
				"magnitude":"22",
				"system":"Vega",
				"u_time":"MJD",
				"upperlimit":true,
				"source":"6,7"
			},
			{
				"time":"57286.19348",
				"band":"I",
				"magnitude":"22",
				"system":"Vega",
				"u_time":"MJD",
				"upperlimit":true,
				"source":"6,7"
			},
			{
				"time":"57292.16029",
				"band":"I",
				"magnitude":"22",
				"system":"Vega",
				"u_time":"MJD",
				"upperlimit":true,
				"source":"6,7"
			},
			{
				"time":"57297.12279",
				"band":"I",
				"magnitude":"22",
				"system":"Vega",
				"u_time":"MJD",
				"upperlimit":true,
				"source":"6,7"
			},
			{
				"time":"57303.17614",
				"band":"I",
				"magnitude":"22",
				"system":"Vega",
				"u_time":"MJD",
				"upperlimit":true,
				"source":"6,7"
			},
			{
				"time":"57311.12781",
				"band":"I",
				"magnitude":"22",
				"system":"Vega",
				"u_time":"MJD",
				"upperlimit":true,
				"source":"6,7"
			},
			{
				"time":"57316.13740",
				"band":"I",
				"magnitude":"22",
				"system":"Vega",
				"u_time":"MJD",
				"upperlimit":true,
				"source":"6,7"
			},
			{
				"time":"57319.11544",
				"band":"I",
				"magnitude":"22",
				"system":"Vega",
				"u_time":"MJD",
				"upperlimit":true,
				"source":"6,7"
			},
			{
				"time":"57325.09685",
				"band":"I",
				"magnitude":"22",
				"system":"Vega",
				"u_time":"MJD",
				"upperlimit":true,
				"source":"6,7"
			},
			{
				"time":"57336.06455",
				"band":"I",
				"magnitude":"22",
				"system":"Vega",
				"u_time":"MJD",
				"upperlimit":true,
				"source":"6,7"
			},
			{
				"time":"57340.10336",
				"band":"I",
				"magnitude":"22",
				"system":"Vega",
				"u_time":"MJD",
				"upperlimit":true,
				"source":"6,7"
			},
			{
				"time":"57345.08091",
				"band":"I",
				"magnitude":"22",
				"system":"Vega",
				"u_time":"MJD",
				"upperlimit":true,
				"source":"6,7"
			},
			{
				"time":"57353.17452",
				"band":"I",
				"magnitude":"22",
				"system":"Vega",
				"u_time":"MJD",
				"upperlimit":true,
				"source":"6,7"
			},
			{
				"time":"57355.11309",
				"band":"I",
				"magnitude":"22",
				"system":"Vega",
				"u_time":"MJD",
				"upperlimit":true,
				"source":"6,7"
			},
			{
				"time":"57360.08864",
				"band":"I",
				"magnitude":"22",
				"system":"Vega",
				"u_time":"MJD",
				"upperlimit":true,
				"source":"6,7"
			},
			{
				"time":"57364.11144",
				"band":"I",
				"magnitude":"22",
				"system":"Vega",
				"u_time":"MJD",
				"upperlimit":true,
				"source":"6,7"
			},
			{
				"time":"57367.02718",
				"band":"I",
				"magnitude":"22",
				"system":"Vega",
				"u_time":"MJD",
				"upperlimit":true,
				"source":"6,7"
			},
			{
				"time":"57373.07950",
				"band":"I",
				"e_magnitude":"0.359",
				"magnitude":"21.480",
				"system":"Vega",
				"u_time":"MJD",
				"source":"6,7"
			},
			{
				"time":"57377.08082",
				"band":"I",
				"e_magnitude":"0.159",
				"magnitude":"20.535",
				"system":"Vega",
				"u_time":"MJD",
				"source":"6,7"
			},
			{
				"time":"57381.05562",
				"band":"I",
				"e_magnitude":"0.188",
				"magnitude":"20.369",
				"system":"Vega",
				"u_time":"MJD",
				"source":"6,7"
			},
			{
				"time":"57385.06694",
				"band":"I",
				"e_magnitude":"0.069",
				"magnitude":"20.024",
				"system":"Vega",
				"u_time":"MJD",
				"source":"6,7"
			},
			{
				"time":"57389.05822",
				"band":"I",
				"e_magnitude":"0.101",
				"magnitude":"20.031",
				"system":"Vega",
				"u_time":"MJD",
				"source":"6,7"
			},
			{
				"time":"57394.04990",
				"band":"I",
				"e_magnitude":"0.080",
				"magnitude":"19.851",
				"system":"Vega",
				"u_time":"MJD",
				"source":"6,7"
			},
			{
				"time":"57397.07219",
				"band":"I",
				"e_magnitude":"0.063",
				"magnitude":"19.642",
				"system":"Vega",
				"u_time":"MJD",
				"source":"6,7"
			},
			{
				"time":"57401.05517",
				"band":"I",
				"e_magnitude":"0.064",
				"magnitude":"19.576",
				"system":"Vega",
				"u_time":"MJD",
				"source":"6,7"
			},
			{
				"time":"57402.03320",
				"band":"I",
				"e_magnitude":"0.108",
				"magnitude":"19.615",
				"system":"Vega",
				"u_time":"MJD",
				"source":"6,7"
			},
			{
				"time":"57404.06129",
				"band":"I",
				"e_magnitude":"0.047",
				"magnitude":"19.459",
				"system":"Vega",
				"u_time":"MJD",
				"source":"6,7"
			},
			{
				"time":"57407.03784",
				"band":"I",
				"e_magnitude":"0.045",
				"magnitude":"19.325",
				"system":"Vega",
				"u_time":"MJD",
				"source":"6,7"
			},
			{
				"time":"57409.06053",
				"band":"I",
				"e_magnitude":"0.058",
				"magnitude":"19.345",
				"system":"Vega",
				"u_time":"MJD",
				"source":"6,7"
			},
			{
				"time":"57412.02557",
				"band":"I",
				"e_magnitude":"0.128",
				"magnitude":"19.435",
				"system":"Vega",
				"u_time":"MJD",
				"source":"6,7"
			},
			{
				"time":"57413.03994",
				"band":"I",
				"e_magnitude":"0.082",
				"magnitude":"19.490",
				"system":"Vega",
				"u_time":"MJD",
				"source":"6,7"
			},
			{
				"time":"57416.06384",
				"band":"I",
				"e_magnitude":"0.073",
				"magnitude":"19.627",
				"system":"Vega",
				"u_time":"MJD",
				"source":"6,7"
			},
			{
				"time":"57425.04599",
				"band":"I",
				"e_magnitude":"0.065",
				"magnitude":"19.525",
				"system":"Vega",
				"u_time":"MJD",
				"source":"6,7"
			},
			{
				"time":"57427.04804",
				"band":"I",
				"e_magnitude":"0.046",
				"magnitude":"19.405",
				"system":"Vega",
				"u_time":"MJD",
				"source":"6,7"
			},
			{
				"time":"57428.02320",
				"band":"I",
				"e_magnitude":"0.067",
				"magnitude":"19.385",
				"system":"Vega",
				"u_time":"MJD",
				"source":"6,7"
			},
			{
				"time":"57429.03453",
				"band":"I",
				"e_magnitude":"0.043",
				"magnitude":"19.384",
				"system":"Vega",
				"u_time":"MJD",
				"source":"6,7"
			},
			{
				"time":"57432.02481",
				"band":"I",
				"e_magnitude":"0.051",
				"magnitude":"19.344",
				"system":"Vega",
				"u_time":"MJD",
				"source":"6,7"
			},
			{
				"time":"57433.02494",
				"band":"I",
				"e_magnitude":"0.053",
				"magnitude":"19.416",
				"system":"Vega",
				"u_time":"MJD",
				"source":"6,7"
			},
			{
				"time":"57435.02375",
				"band":"I",
				"e_magnitude":"0.075",
				"magnitude":"19.562",
				"system":"Vega",
				"u_time":"MJD",
				"source":"6,7"
			},
			{
				"time":[
					"57436.3",
					"57436.595"
				],
				"countrate":"0.00268",
				"energy":[
					"0.3",
					"2.0"
				],
				"flux":"4.25E-14",
				"instrument":"XRT",
				"luminosity":"3.37E+42",
				"mode":"PC",
				"nhmw":"0.027",
				"photonindex":"4.5",
				"telescope":"Swift",
				"u_countrate":"s^-1",
				"u_energy":"keV",
				"u_flux":"ergs/cm^2/s",
				"u_time":"MJD",
				"upperlimit":true,
				"source":"1"
			},
			{
				"time":"57437.02141",
				"band":"I",
				"e_magnitude":"0.060",
				"magnitude":"19.529",
				"system":"Vega",
				"u_time":"MJD",
				"source":"6,7"
			},
			{
				"time":"57438.02319",
				"band":"I",
				"e_magnitude":"0.075",
				"magnitude":"19.613",
				"system":"Vega",
				"u_time":"MJD",
				"source":"6,7"
			},
			{
				"time":"57440.02093",
				"band":"I",
				"e_magnitude":"0.064",
				"magnitude":"19.360",
				"system":"Vega",
				"u_time":"MJD",
				"source":"6,7"
			},
			{
				"time":[
					"57547.5",
					"57547.569"
				],
				"countrate":"0.00396",
				"e_countrate":"0.00102",
				"e_lower_flux":"4.66E-14",
				"e_lower_luminosity":"3.70E+42",
				"e_upper_flux":"7.89E-14",
				"e_upper_luminosity":"6.26E+42",
				"energy":[
					"0.3",
					"2.0"
				],
				"flux":"6.28E-14",
				"instrument":"XRT",
				"luminosity":"4.98E+42",
				"mode":"PC",
				"nhmw":"0.027",
				"photonindex":"4.5",
				"telescope":"Swift",
				"u_countrate":"s^-1",
				"u_energy":"keV",
				"u_flux":"ergs/cm^2/s",
				"u_time":"MJD",
				"source":"1"
			},
			{
				"time":[
					"57548.5",
					"57548.639"
				],
				"countrate":"0.0086",
				"energy":[
					"0.3",
					"2.0"
				],
				"flux":"5.50E-15",
				"instrument":"PN",
				"luminosity":"4.36E+41",
				"nhmw":"0.027",
				"photonindex":"4.5",
				"telescope":"XMM",
				"u_countrate":"s^-1",
				"u_energy":"keV",
				"u_flux":"ergs/cm^2/s",
				"u_time":"MJD",
				"upperlimit":true,
				"source":"1"
			},
			{
				"time":[
					"57548.6",
					"57548.600"
				],
				"countrate":"0.564",
				"energy":[
					"0.3",
					"2.0"
				],
				"flux":"2.51E-12",
				"instrument":"PN",
				"luminosity":"1.99E+44",
				"nhmw":"0.027",
				"photonindex":"4.5",
				"telescope":"XMM",
				"u_countrate":"s^-1",
				"u_energy":"keV",
				"u_flux":"ergs/cm^2/s",
				"u_time":"MJD",
				"upperlimit":true,
				"source":"1"
			},
			{
				"time":[
					"57560.6",
					"57560.622"
				],
				"countrate":"0.0179",
				"e_countrate":"0.00331",
				"e_lower_flux":"2.31E-13",
				"e_lower_luminosity":"1.83E+43",
				"e_upper_flux":"3.36E-13",
				"e_upper_luminosity":"2.67E+43",
				"energy":[
					"0.3",
					"2.0"
				],
				"flux":"2.84E-13",
				"instrument":"XRT",
				"luminosity":"2.25E+43",
				"mode":"PC",
				"nhmw":"0.027",
				"photonindex":"4.5",
				"telescope":"Swift",
				"u_countrate":"s^-1",
				"u_energy":"keV",
				"u_flux":"ergs/cm^2/s",
				"u_time":"MJD",
				"source":"1"
			},
			{
				"time":[
					"57709.3",
					"57709.319"
				],
				"countrate":"0.00488",
				"energy":[
					"0.3",
					"2.0"
				],
				"flux":"7.73E-14",
				"instrument":"XRT",
				"luminosity":"6.13E+42",
				"mode":"PC",
				"nhmw":"0.027",
				"photonindex":"4.5",
				"telescope":"Swift",
				"u_countrate":"s^-1",
				"u_energy":"keV",
				"u_flux":"ergs/cm^2/s",
				"u_time":"MJD",
				"upperlimit":true,
				"source":"1"
			}
		]
	}
}