{
	"OGLE16aaa":{
		"schema":"https://github.com/astrocatalogs/tidaldisruptions/blob/f405406/SCHEMA.md",
		"name":"OGLE16aaa",
		"sources":[
			{
				"name":"2017ApJ...838..149A",
				"bibcode":"2017ApJ...838..149A",
				"reference":"Auchettl, Guillochon, & Ramirez-Ruiz (2017)",
				"alias":"1"
			},
			{
				"name":"2016arXiv160603125W",
				"bibcode":"2016arXiv160603125W",
				"reference":"Wyrzykowski et al. (2016)",
				"alias":"2"
			},
			{
				"name":"2016ATel.8559....1F",
				"bibcode":"2016ATel.8559....1F",
				"reference":"Firth et al. (2016)",
				"alias":"3"
			},
			{
				"name":"2016A&A...594A..13P",
				"bibcode":"2016A&A...594A..13P",
				"reference":"Planck Collaboration et al. (2016)",
				"alias":"4"
			},
			{
				"name":"2011ApJ...737..103S",
				"bibcode":"2011ApJ...737..103S",
				"reference":"Schlafly & Finkbeiner (2011)",
				"alias":"5"
			},
			{
				"name":"OGLE-IV Transient Detection System",
				"url":"http://ogle.astrouw.edu.pl/ogle4/transients/transients.html",
				"alias":"6"
			},
			{
				"name":"class= TDE 0.167",
				"url":"http://www.astronomerstelegram.org/?read=8577",
				"alias":"7"
			},
			{
				"name":"The Open TDE Catalog",
				"bibcode":"2017ApJ...835...64G",
				"reference":"Guillochon et al. (2017)",
				"secondary":true,
				"url":"https://tde.space",
				"alias":"8"
			},
			{
				"name":"SIMBAD astronomical database",
				"bibcode":"2000A&AS..143....9W",
				"reference":"Wenger et al. (2000)",
				"secondary":true,
				"url":"http://simbad.u-strasbg.fr/",
				"alias":"9"
			}
		],
		"alias":[
			{
				"value":"OGLE16aaa",
				"source":"1,2,6,9"
			}
		],
		"claimedtype":[
			{
				"value":"MS + SMBH",
				"source":"2"
			},
			{
				"value":"TDE",
				"source":"6,7"
			}
		],
		"comovingdist":[
			{
				"value":"703.6",
				"derived":true,
				"u_value":"Mpc",
				"source":"2,4,8"
			}
		],
		"dec":[
			{
				"value":"-64:16:20.7",
				"u_value":"degrees",
				"source":"2,3,9"
			}
		],
		"discoverdate":[
			{
				"value":"2012/07/05",
				"derived":true,
				"source":"6,7,8"
			}
		],
		"ebv":[
			{
				"value":"0.0179",
				"derived":true,
				"e_value":"0.0008",
				"source":"5,8"
			}
		],
		"host":[
			{
				"value":"GALEX J010720.81-641621.4",
				"source":"2"
			}
		],
		"hostdec":[
			{
				"value":"-64:16:21.4",
				"derived":true,
				"u_value":"degrees",
				"source":"8"
			}
		],
		"hostoffsetang":[
			{
				"value":"1.262",
				"derived":true,
				"u_value":"arcseconds",
				"source":"2,3,8,9"
			}
		],
		"hostoffsetdist":[
			{
				"value":"3.694",
				"source":"2,3,4,8,9"
			}
		],
		"hostra":[
			{
				"value":"01:07:20.81",
				"derived":true,
				"u_value":"hours",
				"source":"8"
			}
		],
		"lumdist":[
			{
				"value":"820",
				"derived":true,
				"u_value":"Mpc",
				"source":"2,4,8"
			}
		],
		"maxabsmag":[
			{
				"value":"-20.273",
				"derived":true,
				"source":"2,4,8"
			}
		],
		"maxappmag":[
			{
				"value":"19.13",
				"derived":true,
				"source":"6,7,8"
			}
		],
		"maxband":[
			{
				"value":"I",
				"derived":true,
				"source":"6,7,8"
			}
		],
		"maxdate":[
			{
				"value":"2016/01/14",
				"derived":true,
				"source":"6,7,8"
			}
		],
		"maxvisualappmag":[
			{
				"value":"19.13",
				"derived":true,
				"source":"6,7,8"
			}
		],
		"maxvisualband":[
			{
				"value":"I",
				"derived":true,
				"source":"6,7,8"
			}
		],
		"maxvisualdate":[
			{
				"value":"2016/01/14",
				"derived":true,
				"source":"6,7,8"
			}
		],
		"ra":[
			{
				"value":"1:07:20.88",
				"u_value":"hours",
				"source":"2"
			},
			{
				"value":"01:07:20.88",
				"u_value":"hours",
				"source":"3,9"
			}
		],
		"redshift":[
			{
				"value":"0.1655",
				"source":"2"
			}
		],
		"velocity":[
			{
				"value":"45560",
				"derived":true,
				"u_value":"km/s",
				"source":"8"
			}
		],
		"photometry":[
			{
				"time":[
					"48200",
					"48200.001"
				],
				"countrate":"0.0505",
				"energy":[
					"0.3",
					"2.0"
				],
				"flux":"1.23E-13",
				"instrument":"PSPC",
				"luminosity":"9.76E+42",
				"nhmw":"0.027",
				"photonindex":"4.5",
				"telescope":"ROSAT",
				"u_countrate":"s^-1",
				"u_energy":"keV",
				"u_flux":"ergs/cm^2/s",
				"u_time":"MJD",
				"upperlimit":true,
				"source":"1"
			},
			{
				"time":"56102.41774",
				"band":"I",
				"magnitude":"22",
				"system":"Vega",
				"u_time":"MJD",
				"upperlimit":true,
				"source":"6,7"
			},
			{
				"time":"56110.27677",
				"band":"I",
				"magnitude":"22",
				"system":"Vega",
				"u_time":"MJD",
				"upperlimit":true,
				"source":"6,7"
			},
			{
				"time":"56113.41485",
				"band":"I",
				"e_magnitude":"0.740",
				"magnitude":"21.778",
				"system":"Vega",
				"u_time":"MJD",
				"source":"6,7"
			},
			{
				"time":"56117.39261",
				"band":"I",
				"magnitude":"22",
				"system":"Vega",
				"u_time":"MJD",
				"upperlimit":true,
				"source":"6,7"
			},
			{
				"time":"56120.42194",
				"band":"I",
				"magnitude":"22",
				"system":"Vega",
				"u_time":"MJD",
				"upperlimit":true,
				"source":"6,7"
			},
			{
				"time":"56125.44516",
				"band":"I",
				"magnitude":"22",
				"system":"Vega",
				"u_time":"MJD",
				"upperlimit":true,
				"source":"6,7"
			},
			{
				"time":"56133.32842",
				"band":"I",
				"magnitude":"22",
				"system":"Vega",
				"u_time":"MJD",
				"upperlimit":true,
				"source":"6,7"
			},
			{
				"time":"56138.17602",
				"band":"I",
				"magnitude":"22",
				"system":"Vega",
				"u_time":"MJD",
				"upperlimit":true,
				"source":"6,7"
			},
			{
				"time":"56140.34467",
				"band":"I",
				"magnitude":"22",
				"system":"Vega",
				"u_time":"MJD",
				"upperlimit":true,
				"source":"6,7"
			},
			{
				"time":"56147.33957",
				"band":"I",
				"magnitude":"22",
				"system":"Vega",
				"u_time":"MJD",
				"upperlimit":true,
				"source":"6,7"
			},
			{
				"time":"56151.33330",
				"band":"I",
				"magnitude":"22",
				"system":"Vega",
				"u_time":"MJD",
				"upperlimit":true,
				"source":"6,7"
			},
			{
				"time":"56159.29492",
				"band":"I",
				"magnitude":"22",
				"system":"Vega",
				"u_time":"MJD",
				"upperlimit":true,
				"source":"6,7"
			},
			{
				"time":"56164.24372",
				"band":"I",
				"magnitude":"22",
				"system":"Vega",
				"u_time":"MJD",
				"upperlimit":true,
				"source":"6,7"
			},
			{
				"time":"56167.25027",
				"band":"I",
				"magnitude":"22",
				"system":"Vega",
				"u_time":"MJD",
				"upperlimit":true,
				"source":"6,7"
			},
			{
				"time":"56168.29457",
				"band":"I",
				"magnitude":"22",
				"system":"Vega",
				"u_time":"MJD",
				"upperlimit":true,
				"source":"6,7"
			},
			{
				"time":"56171.30173",
				"band":"I",
				"magnitude":"22",
				"system":"Vega",
				"u_time":"MJD",
				"upperlimit":true,
				"source":"6,7"
			},
			{
				"time":"56173.30603",
				"band":"I",
				"magnitude":"22",
				"system":"Vega",
				"u_time":"MJD",
				"upperlimit":true,
				"source":"6,7"
			},
			{
				"time":"56174.35229",
				"band":"I",
				"magnitude":"22",
				"system":"Vega",
				"u_time":"MJD",
				"upperlimit":true,
				"source":"6,7"
			},
			{
				"time":"56181.31113",
				"band":"I",
				"magnitude":"22",
				"system":"Vega",
				"u_time":"MJD",
				"upperlimit":true,
				"source":"6,7"
			},
			{
				"time":"56183.25486",
				"band":"I",
				"magnitude":"22",
				"system":"Vega",
				"u_time":"MJD",
				"upperlimit":true,
				"source":"6,7"
			},
			{
				"time":"56184.33878",
				"band":"I",
				"magnitude":"22",
				"system":"Vega",
				"u_time":"MJD",
				"upperlimit":true,
				"source":"6,7"
			},
			{
				"time":"56191.28006",
				"band":"I",
				"magnitude":"22",
				"system":"Vega",
				"u_time":"MJD",
				"upperlimit":true,
				"source":"6,7"
			},
			{
				"time":"56196.19737",
				"band":"I",
				"magnitude":"22",
				"system":"Vega",
				"u_time":"MJD",
				"upperlimit":true,
				"source":"6,7"
			},
			{
				"time":"56198.28264",
				"band":"I",
				"magnitude":"22",
				"system":"Vega",
				"u_time":"MJD",
				"upperlimit":true,
				"source":"6,7"
			},
			{
				"time":"56200.24467",
				"band":"I",
				"magnitude":"22",
				"system":"Vega",
				"u_time":"MJD",
				"upperlimit":true,
				"source":"6,7"
			},
			{
				"time":"56202.15003",
				"band":"I",
				"e_magnitude":"0.966",
				"magnitude":"21.978",
				"system":"Vega",
				"u_time":"MJD",
				"source":"6,7"
			},
			{
				"time":"56205.16063",
				"band":"I",
				"magnitude":"22",
				"system":"Vega",
				"u_time":"MJD",
				"upperlimit":true,
				"source":"6,7"
			},
			{
				"time":"56205.19024",
				"band":"I",
				"magnitude":"22",
				"system":"Vega",
				"u_time":"MJD",
				"upperlimit":true,
				"source":"6,7"
			},
			{
				"time":"56207.19060",
				"band":"I",
				"magnitude":"22",
				"system":"Vega",
				"u_time":"MJD",
				"upperlimit":true,
				"source":"6,7"
			},
			{
				"time":"56208.17295",
				"band":"I",
				"magnitude":"22",
				"system":"Vega",
				"u_time":"MJD",
				"upperlimit":true,
				"source":"6,7"
			},
			{
				"time":"56211.19279",
				"band":"I",
				"magnitude":"22",
				"system":"Vega",
				"u_time":"MJD",
				"upperlimit":true,
				"source":"6,7"
			},
			{
				"time":"56213.18456",
				"band":"I",
				"magnitude":"22",
				"system":"Vega",
				"u_time":"MJD",
				"upperlimit":true,
				"source":"6,7"
			},
			{
				"time":"56213.21015",
				"band":"I",
				"magnitude":"22",
				"system":"Vega",
				"u_time":"MJD",
				"upperlimit":true,
				"source":"6,7"
			},
			{
				"time":"56216.13792",
				"band":"I",
				"magnitude":"22",
				"system":"Vega",
				"u_time":"MJD",
				"upperlimit":true,
				"source":"6,7"
			},
			{
				"time":"56219.14954",
				"band":"I",
				"magnitude":"22",
				"system":"Vega",
				"u_time":"MJD",
				"upperlimit":true,
				"source":"6,7"
			},
			{
				"time":"56223.18048",
				"band":"I",
				"magnitude":"22",
				"system":"Vega",
				"u_time":"MJD",
				"upperlimit":true,
				"source":"6,7"
			},
			{
				"time":"56229.08138",
				"band":"I",
				"magnitude":"22",
				"system":"Vega",
				"u_time":"MJD",
				"upperlimit":true,
				"source":"6,7"
			},
			{
				"time":"56231.10384",
				"band":"I",
				"magnitude":"22",
				"system":"Vega",
				"u_time":"MJD",
				"upperlimit":true,
				"source":"6,7"
			},
			{
				"time":"56233.11615",
				"band":"I",
				"e_magnitude":"0.426",
				"magnitude":"21.476",
				"system":"Vega",
				"u_time":"MJD",
				"source":"6,7"
			},
			{
				"time":"56235.11957",
				"band":"I",
				"magnitude":"22",
				"system":"Vega",
				"u_time":"MJD",
				"upperlimit":true,
				"source":"6,7"
			},
			{
				"time":"56237.15347",
				"band":"I",
				"e_magnitude":"0.627",
				"magnitude":"21.910",
				"system":"Vega",
				"u_time":"MJD",
				"source":"6,7"
			},
			{
				"time":"56239.10837",
				"band":"I",
				"magnitude":"22",
				"system":"Vega",
				"u_time":"MJD",
				"upperlimit":true,
				"source":"6,7"
			},
			{
				"time":"56241.18283",
				"band":"I",
				"magnitude":"22",
				"system":"Vega",
				"u_time":"MJD",
				"upperlimit":true,
				"source":"6,7"
			},
			{
				"time":"56243.09192",
				"band":"I",
				"magnitude":"22",
				"system":"Vega",
				"u_time":"MJD",
				"upperlimit":true,
				"source":"6,7"
			},
			{
				"time":"56245.09165",
				"band":"I",
				"magnitude":"22",
				"system":"Vega",
				"u_time":"MJD",
				"upperlimit":true,
				"source":"6,7"
			},
			{
				"time":"56247.12965",
				"band":"I",
				"magnitude":"22",
				"system":"Vega",
				"u_time":"MJD",
				"upperlimit":true,
				"source":"6,7"
			},
			{
				"time":"56249.13580",
				"band":"I",
				"magnitude":"22",
				"system":"Vega",
				"u_time":"MJD",
				"upperlimit":true,
				"source":"6,7"
			},
			{
				"time":"56251.16727",
				"band":"I",
				"magnitude":"22",
				"system":"Vega",
				"u_time":"MJD",
				"upperlimit":true,
				"source":"6,7"
			},
			{
				"time":"56253.13513",
				"band":"I",
				"magnitude":"22",
				"system":"Vega",
				"u_time":"MJD",
				"upperlimit":true,
				"source":"6,7"
			},
			{
				"time":"56255.12914",
				"band":"I",
				"magnitude":"22",
				"system":"Vega",
				"u_time":"MJD",
				"upperlimit":true,
				"source":"6,7"
			},
			{
				"time":"56257.14899",
				"band":"I",
				"magnitude":"22",
				"system":"Vega",
				"u_time":"MJD",
				"upperlimit":true,
				"source":"6,7"
			},
			{
				"time":"56259.13822",
				"band":"I",
				"magnitude":"22",
				"system":"Vega",
				"u_time":"MJD",
				"upperlimit":true,
				"source":"6,7"
			},
			{
				"time":"56262.09112",
				"band":"I",
				"magnitude":"22",
				"system":"Vega",
				"u_time":"MJD",
				"upperlimit":true,
				"source":"6,7"
			},
			{
				"time":"56266.11197",
				"band":"I",
				"magnitude":"22",
				"system":"Vega",
				"u_time":"MJD",
				"upperlimit":true,
				"source":"6,7"
			},
			{
				"time":"56271.05824",
				"band":"I",
				"magnitude":"22",
				"system":"Vega",
				"u_time":"MJD",
				"upperlimit":true,
				"source":"6,7"
			},
			{
				"time":"56275.06628",
				"band":"I",
				"magnitude":"22",
				"system":"Vega",
				"u_time":"MJD",
				"upperlimit":true,
				"source":"6,7"
			},
			{
				"time":"56283.12370",
				"band":"I",
				"magnitude":"22",
				"system":"Vega",
				"u_time":"MJD",
				"upperlimit":true,
				"source":"6,7"
			},
			{
				"time":"56295.13699",
				"band":"I",
				"magnitude":"22",
				"system":"Vega",
				"u_time":"MJD",
				"upperlimit":true,
				"source":"6,7"
			},
			{
				"time":"56298.06122",
				"band":"I",
				"magnitude":"22",
				"system":"Vega",
				"u_time":"MJD",
				"upperlimit":true,
				"source":"6,7"
			},
			{
				"time":"56305.06253",
				"band":"I",
				"magnitude":"22",
				"system":"Vega",
				"u_time":"MJD",
				"upperlimit":true,
				"source":"6,7"
			},
			{
				"time":"56312.04893",
				"band":"I",
				"magnitude":"22",
				"system":"Vega",
				"u_time":"MJD",
				"upperlimit":true,
				"source":"6,7"
			},
			{
				"time":"56320.02757",
				"band":"I",
				"magnitude":"22",
				"system":"Vega",
				"u_time":"MJD",
				"upperlimit":true,
				"source":"6,7"
			},
			{
				"time":"56321.04744",
				"band":"I",
				"magnitude":"22",
				"system":"Vega",
				"u_time":"MJD",
				"upperlimit":true,
				"source":"6,7"
			},
			{
				"time":"56326.02611",
				"band":"I",
				"magnitude":"22",
				"system":"Vega",
				"u_time":"MJD",
				"upperlimit":true,
				"source":"6,7"
			},
			{
				"time":"56464.41354",
				"band":"I",
				"e_magnitude":"0.433",
				"magnitude":"21.576",
				"system":"Vega",
				"u_time":"MJD",
				"source":"6,7"
			},
			{
				"time":"56472.43747",
				"band":"I",
				"magnitude":"22",
				"system":"Vega",
				"u_time":"MJD",
				"upperlimit":true,
				"source":"6,7"
			},
			{
				"time":"56479.39901",
				"band":"I",
				"magnitude":"22",
				"system":"Vega",
				"u_time":"MJD",
				"upperlimit":true,
				"source":"6,7"
			},
			{
				"time":"56487.40117",
				"band":"I",
				"e_magnitude":"0.402",
				"magnitude":"21.642",
				"system":"Vega",
				"u_time":"MJD",
				"source":"6,7"
			},
			{
				"time":"56490.42031",
				"band":"I",
				"e_magnitude":"0.471",
				"magnitude":"21.725",
				"system":"Vega",
				"u_time":"MJD",
				"source":"6,7"
			},
			{
				"time":"56496.37919",
				"band":"I",
				"magnitude":"22",
				"system":"Vega",
				"u_time":"MJD",
				"upperlimit":true,
				"source":"6,7"
			},
			{
				"time":"56496.39678",
				"band":"I",
				"magnitude":"22",
				"system":"Vega",
				"u_time":"MJD",
				"upperlimit":true,
				"source":"6,7"
			},
			{
				"time":"56498.37754",
				"band":"I",
				"magnitude":"22",
				"system":"Vega",
				"u_time":"MJD",
				"upperlimit":true,
				"source":"6,7"
			},
			{
				"time":"56508.32636",
				"band":"I",
				"magnitude":"22",
				"system":"Vega",
				"u_time":"MJD",
				"upperlimit":true,
				"source":"6,7"
			},
			{
				"time":"56515.31594",
				"band":"I",
				"magnitude":"22",
				"system":"Vega",
				"u_time":"MJD",
				"upperlimit":true,
				"source":"6,7"
			},
			{
				"time":"56519.24541",
				"band":"I",
				"magnitude":"22",
				"system":"Vega",
				"u_time":"MJD",
				"upperlimit":true,
				"source":"6,7"
			},
			{
				"time":"56522.24411",
				"band":"I",
				"magnitude":"22",
				"system":"Vega",
				"u_time":"MJD",
				"upperlimit":true,
				"source":"6,7"
			},
			{
				"time":"56525.25266",
				"band":"I",
				"magnitude":"22",
				"system":"Vega",
				"u_time":"MJD",
				"upperlimit":true,
				"source":"6,7"
			},
			{
				"time":"56532.30501",
				"band":"I",
				"magnitude":"22",
				"system":"Vega",
				"u_time":"MJD",
				"upperlimit":true,
				"source":"6,7"
			},
			{
				"time":"56534.36299",
				"band":"I",
				"magnitude":"22",
				"system":"Vega",
				"u_time":"MJD",
				"upperlimit":true,
				"source":"6,7"
			},
			{
				"time":"56543.31014",
				"band":"I",
				"magnitude":"22",
				"system":"Vega",
				"u_time":"MJD",
				"upperlimit":true,
				"source":"6,7"
			},
			{
				"time":"56546.25434",
				"band":"I",
				"e_magnitude":"0.282",
				"magnitude":"21.497",
				"system":"Vega",
				"u_time":"MJD",
				"source":"6,7"
			},
			{
				"time":"56548.21479",
				"band":"I",
				"magnitude":"22",
				"system":"Vega",
				"u_time":"MJD",
				"upperlimit":true,
				"source":"6,7"
			},
			{
				"time":"56552.14733",
				"band":"I",
				"magnitude":"22",
				"system":"Vega",
				"u_time":"MJD",
				"upperlimit":true,
				"source":"6,7"
			},
			{
				"time":"56555.18844",
				"band":"I",
				"magnitude":"22",
				"system":"Vega",
				"u_time":"MJD",
				"upperlimit":true,
				"source":"6,7"
			},
			{
				"time":"56559.16165",
				"band":"I",
				"magnitude":"22",
				"system":"Vega",
				"u_time":"MJD",
				"upperlimit":true,
				"source":"6,7"
			},
			{
				"time":"56562.19880",
				"band":"I",
				"magnitude":"22",
				"system":"Vega",
				"u_time":"MJD",
				"upperlimit":true,
				"source":"6,7"
			},
			{
				"time":"56565.19595",
				"band":"I",
				"e_magnitude":"0.341",
				"magnitude":"21.566",
				"system":"Vega",
				"u_time":"MJD",
				"source":"6,7"
			},
			{
				"time":"56571.17070",
				"band":"I",
				"magnitude":"22",
				"system":"Vega",
				"u_time":"MJD",
				"upperlimit":true,
				"source":"6,7"
			},
			{
				"time":"56576.19956",
				"band":"I",
				"e_magnitude":"0.176",
				"magnitude":"20.844",
				"system":"Vega",
				"u_time":"MJD",
				"source":"6,7"
			},
			{
				"time":"56581.17523",
				"band":"I",
				"magnitude":"22",
				"system":"Vega",
				"u_time":"MJD",
				"upperlimit":true,
				"source":"6,7"
			},
			{
				"time":"56585.23058",
				"band":"I",
				"magnitude":"22",
				"system":"Vega",
				"u_time":"MJD",
				"upperlimit":true,
				"source":"6,7"
			},
			{
				"time":"56590.09725",
				"band":"I",
				"e_magnitude":"0.686",
				"magnitude":"21.755",
				"system":"Vega",
				"u_time":"MJD",
				"source":"6,7"
			},
			{
				"time":"56595.07003",
				"band":"I",
				"magnitude":"22",
				"system":"Vega",
				"u_time":"MJD",
				"upperlimit":true,
				"source":"6,7"
			},
			{
				"time":"56603.11153",
				"band":"I",
				"magnitude":"22",
				"system":"Vega",
				"u_time":"MJD",
				"upperlimit":true,
				"source":"6,7"
			},
			{
				"time":"56609.08413",
				"band":"I",
				"magnitude":"22",
				"system":"Vega",
				"u_time":"MJD",
				"upperlimit":true,
				"source":"6,7"
			},
			{
				"time":"56612.09458",
				"band":"I",
				"magnitude":"22",
				"system":"Vega",
				"u_time":"MJD",
				"upperlimit":true,
				"source":"6,7"
			},
			{
				"time":"56614.14847",
				"band":"I",
				"magnitude":"22",
				"system":"Vega",
				"u_time":"MJD",
				"upperlimit":true,
				"source":"6,7"
			},
			{
				"time":"56618.08184",
				"band":"I",
				"magnitude":"22",
				"system":"Vega",
				"u_time":"MJD",
				"upperlimit":true,
				"source":"6,7"
			},
			{
				"time":"56633.08058",
				"band":"I",
				"magnitude":"22",
				"system":"Vega",
				"u_time":"MJD",
				"upperlimit":true,
				"source":"6,7"
			},
			{
				"time":"56638.08716",
				"band":"I",
				"magnitude":"22",
				"system":"Vega",
				"u_time":"MJD",
				"upperlimit":true,
				"source":"6,7"
			},
			{
				"time":"56644.06313",
				"band":"I",
				"magnitude":"22",
				"system":"Vega",
				"u_time":"MJD",
				"upperlimit":true,
				"source":"6,7"
			},
			{
				"time":"56650.02743",
				"band":"I",
				"e_magnitude":"0.565",
				"magnitude":"21.184",
				"system":"Vega",
				"u_time":"MJD",
				"source":"6,7"
			},
			{
				"time":"56655.08072",
				"band":"I",
				"magnitude":"22",
				"system":"Vega",
				"u_time":"MJD",
				"upperlimit":true,
				"source":"6,7"
			},
			{
				"time":"56660.09267",
				"band":"I",
				"magnitude":"22",
				"system":"Vega",
				"u_time":"MJD",
				"upperlimit":true,
				"source":"6,7"
			},
			{
				"time":"56667.07237",
				"band":"I",
				"magnitude":"22",
				"system":"Vega",
				"u_time":"MJD",
				"upperlimit":true,
				"source":"6,7"
			},
			{
				"time":"56671.07558",
				"band":"I",
				"magnitude":"22",
				"system":"Vega",
				"u_time":"MJD",
				"upperlimit":true,
				"source":"6,7"
			},
			{
				"time":"56676.03862",
				"band":"I",
				"magnitude":"22",
				"system":"Vega",
				"u_time":"MJD",
				"upperlimit":true,
				"source":"6,7"
			},
			{
				"time":"56679.03215",
				"band":"I",
				"magnitude":"22",
				"system":"Vega",
				"u_time":"MJD",
				"upperlimit":true,
				"source":"6,7"
			},
			{
				"time":"56691.05726",
				"band":"I",
				"magnitude":"22",
				"system":"Vega",
				"u_time":"MJD",
				"upperlimit":true,
				"source":"6,7"
			},
			{
				"time":"56697.02272",
				"band":"I",
				"e_magnitude":"0.548",
				"magnitude":"20.973",
				"system":"Vega",
				"u_time":"MJD",
				"source":"6,7"
			},
			{
				"time":"56795.38713",
				"band":"I",
				"magnitude":"22",
				"system":"Vega",
				"u_time":"MJD",
				"upperlimit":true,
				"source":"6,7"
			},
			{
				"time":"56821.41523",
				"band":"I",
				"e_magnitude":"0.625",
				"magnitude":"21.243",
				"system":"Vega",
				"u_time":"MJD",
				"source":"6,7"
			},
			{
				"time":"56831.41029",
				"band":"I",
				"magnitude":"22",
				"system":"Vega",
				"u_time":"MJD",
				"upperlimit":true,
				"source":"6,7"
			},
			{
				"time":"56837.38333",
				"band":"I",
				"magnitude":"22",
				"system":"Vega",
				"u_time":"MJD",
				"upperlimit":true,
				"source":"6,7"
			},
			{
				"time":"56846.35476",
				"band":"I",
				"magnitude":"22",
				"system":"Vega",
				"u_time":"MJD",
				"upperlimit":true,
				"source":"6,7"
			},
			{
				"time":"56852.38763",
				"band":"I",
				"magnitude":"22",
				"system":"Vega",
				"u_time":"MJD",
				"upperlimit":true,
				"source":"6,7"
			},
			{
				"time":"56858.33876",
				"band":"I",
				"magnitude":"22",
				"system":"Vega",
				"u_time":"MJD",
				"upperlimit":true,
				"source":"6,7"
			},
			{
				"time":"56866.35056",
				"band":"I",
				"magnitude":"22",
				"system":"Vega",
				"u_time":"MJD",
				"upperlimit":true,
				"source":"6,7"
			},
			{
				"time":"56874.24483",
				"band":"I",
				"magnitude":"22",
				"system":"Vega",
				"u_time":"MJD",
				"upperlimit":true,
				"source":"6,7"
			},
			{
				"time":"56880.25743",
				"band":"I",
				"magnitude":"22",
				"system":"Vega",
				"u_time":"MJD",
				"upperlimit":true,
				"source":"6,7"
			},
			{
				"time":"56883.29216",
				"band":"I",
				"e_magnitude":"0.592",
				"magnitude":"21.693",
				"system":"Vega",
				"u_time":"MJD",
				"source":"6,7"
			},
			{
				"time":"56887.29719",
				"band":"I",
				"magnitude":"22",
				"system":"Vega",
				"u_time":"MJD",
				"upperlimit":true,
				"source":"6,7"
			},
			{
				"time":"56891.23246",
				"band":"I",
				"magnitude":"22",
				"system":"Vega",
				"u_time":"MJD",
				"upperlimit":true,
				"source":"6,7"
			},
			{
				"time":"56903.20895",
				"band":"I",
				"magnitude":"22",
				"system":"Vega",
				"u_time":"MJD",
				"upperlimit":true,
				"source":"6,7"
			},
			{
				"time":"56908.25996",
				"band":"I",
				"e_magnitude":"0.747",
				"magnitude":"21.717",
				"system":"Vega",
				"u_time":"MJD",
				"source":"6,7"
			},
			{
				"time":"56915.22076",
				"band":"I",
				"magnitude":"22",
				"system":"Vega",
				"u_time":"MJD",
				"upperlimit":true,
				"source":"6,7"
			},
			{
				"time":"56921.21135",
				"band":"I",
				"e_magnitude":"0.550",
				"magnitude":"21.992",
				"system":"Vega",
				"u_time":"MJD",
				"source":"6,7"
			},
			{
				"time":"56925.22769",
				"band":"I",
				"magnitude":"22",
				"system":"Vega",
				"u_time":"MJD",
				"upperlimit":true,
				"source":"6,7"
			},
			{
				"time":"56930.17184",
				"band":"I",
				"magnitude":"22",
				"system":"Vega",
				"u_time":"MJD",
				"upperlimit":true,
				"source":"6,7"
			},
			{
				"time":"56937.12806",
				"band":"I",
				"magnitude":"22",
				"system":"Vega",
				"u_time":"MJD",
				"upperlimit":true,
				"source":"6,7"
			},
			{
				"time":"56941.09328",
				"band":"I",
				"magnitude":"22",
				"system":"Vega",
				"u_time":"MJD",
				"upperlimit":true,
				"source":"6,7"
			},
			{
				"time":"56948.10305",
				"band":"I",
				"magnitude":"22",
				"system":"Vega",
				"u_time":"MJD",
				"upperlimit":true,
				"source":"6,7"
			},
			{
				"time":"56951.13046",
				"band":"I",
				"magnitude":"22",
				"system":"Vega",
				"u_time":"MJD",
				"upperlimit":true,
				"source":"6,7"
			},
			{
				"time":"56954.11317",
				"band":"I",
				"e_magnitude":"0.225",
				"magnitude":"20.868",
				"system":"Vega",
				"u_time":"MJD",
				"source":"6,7"
			},
			{
				"time":"56958.12179",
				"band":"I",
				"magnitude":"22",
				"system":"Vega",
				"u_time":"MJD",
				"upperlimit":true,
				"source":"6,7"
			},
			{
				"time":"56962.20951",
				"band":"I",
				"magnitude":"22",
				"system":"Vega",
				"u_time":"MJD",
				"upperlimit":true,
				"source":"6,7"
			},
			{
				"time":"56966.04460",
				"band":"I",
				"magnitude":"22",
				"system":"Vega",
				"u_time":"MJD",
				"upperlimit":true,
				"source":"6,7"
			},
			{
				"time":"56970.07112",
				"band":"I",
				"magnitude":"22",
				"system":"Vega",
				"u_time":"MJD",
				"upperlimit":true,
				"source":"6,7"
			},
			{
				"time":"56974.12763",
				"band":"I",
				"magnitude":"22",
				"system":"Vega",
				"u_time":"MJD",
				"upperlimit":true,
				"source":"6,7"
			},
			{
				"time":"56978.07688",
				"band":"I",
				"magnitude":"22",
				"system":"Vega",
				"u_time":"MJD",
				"upperlimit":true,
				"source":"6,7"
			},
			{
				"time":"56982.05239",
				"band":"I",
				"magnitude":"22",
				"system":"Vega",
				"u_time":"MJD",
				"upperlimit":true,
				"source":"6,7"
			},
			{
				"time":"56985.07937",
				"band":"I",
				"magnitude":"22",
				"system":"Vega",
				"u_time":"MJD",
				"upperlimit":true,
				"source":"6,7"
			},
			{
				"time":"56988.14452",
				"band":"I",
				"magnitude":"22",
				"system":"Vega",
				"u_time":"MJD",
				"upperlimit":true,
				"source":"6,7"
			},
			{
				"time":"56992.03270",
				"band":"I",
				"magnitude":"22",
				"system":"Vega",
				"u_time":"MJD",
				"upperlimit":true,
				"source":"6,7"
			},
			{
				"time":"56996.01974",
				"band":"I",
				"e_magnitude":"0.846",
				"magnitude":"21.375",
				"system":"Vega",
				"u_time":"MJD",
				"source":"6,7"
			},
			{
				"time":"56999.04495",
				"band":"I",
				"magnitude":"22",
				"system":"Vega",
				"u_time":"MJD",
				"upperlimit":true,
				"source":"6,7"
			},
			{
				"time":"57003.08513",
				"band":"I",
				"magnitude":"22",
				"system":"Vega",
				"u_time":"MJD",
				"upperlimit":true,
				"source":"6,7"
			},
			{
				"time":"57007.10025",
				"band":"I",
				"magnitude":"22",
				"system":"Vega",
				"u_time":"MJD",
				"upperlimit":true,
				"source":"6,7"
			},
			{
				"time":"57012.03934",
				"band":"I",
				"magnitude":"22",
				"system":"Vega",
				"u_time":"MJD",
				"upperlimit":true,
				"source":"6,7"
			},
			{
				"time":"57013.06730",
				"band":"I",
				"magnitude":"22",
				"system":"Vega",
				"u_time":"MJD",
				"upperlimit":true,
				"source":"6,7"
			},
			{
				"time":"57017.06037",
				"band":"I",
				"magnitude":"22",
				"system":"Vega",
				"u_time":"MJD",
				"upperlimit":true,
				"source":"6,7"
			},
			{
				"time":"57022.07888",
				"band":"I",
				"magnitude":"22",
				"system":"Vega",
				"u_time":"MJD",
				"upperlimit":true,
				"source":"6,7"
			},
			{
				"time":"57032.05327",
				"band":"I",
				"magnitude":"22",
				"system":"Vega",
				"u_time":"MJD",
				"upperlimit":true,
				"source":"6,7"
			},
			{
				"time":"57037.03148",
				"band":"I",
				"magnitude":"22",
				"system":"Vega",
				"u_time":"MJD",
				"upperlimit":true,
				"source":"6,7"
			},
			{
				"time":"57042.03214",
				"band":"I",
				"magnitude":"22",
				"system":"Vega",
				"u_time":"MJD",
				"upperlimit":true,
				"source":"6,7"
			},
			{
				"time":"57045.03243",
				"band":"I",
				"magnitude":"22",
				"system":"Vega",
				"u_time":"MJD",
				"upperlimit":true,
				"source":"6,7"
			},
			{
				"time":"57047.03121",
				"band":"I",
				"magnitude":"22",
				"system":"Vega",
				"u_time":"MJD",
				"upperlimit":true,
				"source":"6,7"
			},
			{
				"time":"57050.03413",
				"band":"I",
				"magnitude":"22",
				"system":"Vega",
				"u_time":"MJD",
				"upperlimit":true,
				"source":"6,7"
			},
			{
				"time":"57052.02716",
				"band":"I",
				"magnitude":"22",
				"system":"Vega",
				"u_time":"MJD",
				"upperlimit":true,
				"source":"6,7"
			},
			{
				"time":"57193.40504",
				"band":"I",
				"e_magnitude":"0.511",
				"magnitude":"21.757",
				"system":"Vega",
				"u_time":"MJD",
				"source":"6,7"
			},
			{
				"time":"57202.43531",
				"band":"I",
				"magnitude":"22",
				"system":"Vega",
				"u_time":"MJD",
				"upperlimit":true,
				"source":"6,7"
			},
			{
				"time":"57211.38704",
				"band":"I",
				"magnitude":"22",
				"system":"Vega",
				"u_time":"MJD",
				"upperlimit":true,
				"source":"6,7"
			},
			{
				"time":"57227.33633",
				"band":"I",
				"magnitude":"22",
				"system":"Vega",
				"u_time":"MJD",
				"upperlimit":true,
				"source":"6,7"
			},
			{
				"time":"57233.30533",
				"band":"I",
				"magnitude":"22",
				"system":"Vega",
				"u_time":"MJD",
				"upperlimit":true,
				"source":"6,7"
			},
			{
				"time":"57250.34068",
				"band":"I",
				"magnitude":"22",
				"system":"Vega",
				"u_time":"MJD",
				"upperlimit":true,
				"source":"6,7"
			},
			{
				"time":"57256.29930",
				"band":"I",
				"magnitude":"22",
				"system":"Vega",
				"u_time":"MJD",
				"upperlimit":true,
				"source":"6,7"
			},
			{
				"time":"57257.33068",
				"band":"I",
				"magnitude":"22",
				"system":"Vega",
				"u_time":"MJD",
				"upperlimit":true,
				"source":"6,7"
			},
			{
				"time":"57260.28314",
				"band":"I",
				"magnitude":"22",
				"system":"Vega",
				"u_time":"MJD",
				"upperlimit":true,
				"source":"6,7"
			},
			{
				"time":"57262.30848",
				"band":"I",
				"magnitude":"22",
				"system":"Vega",
				"u_time":"MJD",
				"upperlimit":true,
				"source":"6,7"
			},
			{
				"time":"57267.30966",
				"band":"I",
				"magnitude":"22",
				"system":"Vega",
				"u_time":"MJD",
				"upperlimit":true,
				"source":"6,7"
			},
			{
				"time":"57272.34521",
				"band":"I",
				"magnitude":"22",
				"system":"Vega",
				"u_time":"MJD",
				"upperlimit":true,
				"source":"6,7"
			},
			{
				"time":"57278.21097",
				"band":"I",
				"magnitude":"22",
				"system":"Vega",
				"u_time":"MJD",
				"upperlimit":true,
				"source":"6,7"
			},
			{
				"time":"57286.19348",
				"band":"I",
				"magnitude":"22",
				"system":"Vega",
				"u_time":"MJD",
				"upperlimit":true,
				"source":"6,7"
			},
			{
				"time":"57292.16029",
				"band":"I",
				"magnitude":"22",
				"system":"Vega",
				"u_time":"MJD",
				"upperlimit":true,
				"source":"6,7"
			},
			{
				"time":"57297.12279",
				"band":"I",
				"magnitude":"22",
				"system":"Vega",
				"u_time":"MJD",
				"upperlimit":true,
				"source":"6,7"
			},
			{
				"time":"57303.17614",
				"band":"I",
				"magnitude":"22",
				"system":"Vega",
				"u_time":"MJD",
				"upperlimit":true,
				"source":"6,7"
			},
			{
				"time":"57311.12781",
				"band":"I",
				"magnitude":"22",
				"system":"Vega",
				"u_time":"MJD",
				"upperlimit":true,
				"source":"6,7"
			},
			{
				"time":"57316.13740",
				"band":"I",
				"magnitude":"22",
				"system":"Vega",
				"u_time":"MJD",
				"upperlimit":true,
				"source":"6,7"
			},
			{
				"time":"57319.11544",
				"band":"I",
				"e_magnitude":"1.182",
				"magnitude":"21.885",
				"system":"Vega",
				"u_time":"MJD",
				"source":"6,7"
			},
			{
				"time":"57325.09685",
				"band":"I",
				"magnitude":"22",
				"system":"Vega",
				"u_time":"MJD",
				"upperlimit":true,
				"source":"6,7"
			},
			{
				"time":"57336.06455",
				"band":"I",
				"magnitude":"22",
				"system":"Vega",
				"u_time":"MJD",
				"upperlimit":true,
				"source":"6,7"
			},
			{
				"time":"57340.10336",
				"band":"I",
				"magnitude":"22",
				"system":"Vega",
				"u_time":"MJD",
				"upperlimit":true,
				"source":"6,7"
			},
			{
				"time":"57345.08091",
				"band":"I",
				"magnitude":"22",
				"system":"Vega",
				"u_time":"MJD",
				"upperlimit":true,
				"source":"6,7"
			},
			{
				"time":"57353.17452",
				"band":"I",
				"magnitude":"22",
				"system":"Vega",
				"u_time":"MJD",
				"upperlimit":true,
				"source":"6,7"
			},
			{
				"time":"57355.11309",
				"band":"I",
				"magnitude":"22",
				"system":"Vega",
				"u_time":"MJD",
				"upperlimit":true,
				"source":"6,7"
			},
			{
				"time":"57360.08864",
				"band":"I",
				"magnitude":"22",
				"system":"Vega",
				"u_time":"MJD",
				"upperlimit":true,
				"source":"6,7"
			},
			{
				"time":"57364.11144",
				"band":"I",
				"magnitude":"22",
				"system":"Vega",
				"u_time":"MJD",
				"upperlimit":true,
				"source":"6,7"
			},
			{
				"time":"57367.02718",
				"band":"I",
				"e_magnitude":"0.965",
				"magnitude":"21.760",
				"system":"Vega",
				"u_time":"MJD",
				"source":"6,7"
			},
			{
				"time":"57373.07950",
				"band":"I",
				"e_magnitude":"0.309",
				"magnitude":"20.863",
				"system":"Vega",
				"u_time":"MJD",
				"source":"6,7"
			},
			{
				"time":"57377.08082",
				"band":"I",
				"e_magnitude":"0.157",
				"magnitude":"20.075",
				"system":"Vega",
				"u_time":"MJD",
				"source":"6,7"
			},
			{
				"time":"57381.05562",
				"band":"I",
				"e_magnitude":"0.177",
				"magnitude":"19.851",
				"system":"Vega",
				"u_time":"MJD",
				"source":"6,7"
			},
			{
				"time":"57385.06694",
				"band":"I",
				"e_magnitude":"0.068",
				"magnitude":"19.560",
				"system":"Vega",
				"u_time":"MJD",
				"source":"6,7"
			},
			{
				"time":"57389.05822",
				"band":"I",
				"e_magnitude":"0.106",
				"magnitude":"19.629",
				"system":"Vega",
				"u_time":"MJD",
				"source":"6,7"
			},
			{
				"time":"57394.04990",
				"band":"I",
				"e_magnitude":"0.081",
				"magnitude":"19.404",
				"system":"Vega",
				"u_time":"MJD",
				"source":"6,7"
			},
			{
				"time":"57397.07219",
				"band":"I",
				"e_magnitude":"0.061",
				"magnitude":"19.165",
				"system":"Vega",
				"u_time":"MJD",
				"source":"6,7"
			},
			{
				"time":"57401.05517",
				"band":"I",
				"e_magnitude":"0.064",
				"magnitude":"19.131",
				"system":"Vega",
				"u_time":"MJD",
				"source":"6,7"
			},
			{
				"time":"57402.03320",
				"band":"I",
				"e_magnitude":"0.105",
				"magnitude":"19.134",
				"system":"Vega",
				"u_time":"MJD",
				"source":"6,7"
			},
			{
				"time":"57404.06129",
				"band":"I",
				"e_magnitude":"0.047",
				"magnitude":"19.449",
				"system":"Vega",
				"u_time":"MJD",
				"source":"6,7"
			},
			{
				"time":"57407.03784",
				"band":"I",
				"e_magnitude":"0.045",
				"magnitude":"19.311",
				"system":"Vega",
				"u_time":"MJD",
				"source":"6,7"
			},
			{
				"time":"57409.06053",
				"band":"I",
				"e_magnitude":"0.055",
				"magnitude":"19.279",
				"system":"Vega",
				"u_time":"MJD",
				"source":"6,7"
			},
			{
				"time":"57412.02557",
				"band":"I",
				"e_magnitude":"0.128",
				"magnitude":"19.427",
				"system":"Vega",
				"u_time":"MJD",
				"source":"6,7"
			},
			{
				"time":"57413.03994",
				"band":"I",
				"e_magnitude":"0.082",
				"magnitude":"19.488",
				"system":"Vega",
				"u_time":"MJD",
				"source":"6,7"
			},
			{
				"time":"57416.06384",
				"band":"I",
				"e_magnitude":"0.070",
				"magnitude":"19.572",
				"system":"Vega",
				"u_time":"MJD",
				"source":"6,7"
			},
			{
				"time":"57425.04599",
				"band":"I",
				"e_magnitude":"0.064",
				"magnitude":"19.506",
				"system":"Vega",
				"u_time":"MJD",
				"source":"6,7"
			},
			{
				"time":"57427.04804",
				"band":"I",
				"e_magnitude":"0.045",
				"magnitude":"19.393",
				"system":"Vega",
				"u_time":"MJD",
				"source":"6,7"
			},
			{
				"time":"57428.02320",
				"band":"I",
				"e_magnitude":"0.066",
				"magnitude":"19.371",
				"system":"Vega",
				"u_time":"MJD",
				"source":"6,7"
			},
			{
				"time":"57429.03453",
				"band":"I",
				"e_magnitude":"0.043",
				"magnitude":"19.371",
				"system":"Vega",
				"u_time":"MJD",
				"source":"6,7"
			},
			{
				"time":"57432.02481",
				"band":"I",
				"e_magnitude":"0.050",
				"magnitude":"19.335",
				"system":"Vega",
				"u_time":"MJD",
				"source":"6,7"
			},
			{
				"time":"57433.02494",
				"band":"I",
				"e_magnitude":"0.052",
				"magnitude":"19.396",
				"system":"Vega",
				"u_time":"MJD",
				"source":"6,7"
			},
			{
				"time":"57435.02375",
				"band":"I",
				"e_magnitude":"0.073",
				"magnitude":"19.531",
				"system":"Vega",
				"u_time":"MJD",
				"source":"6,7"
			},
			{
				"time":[
					"57436.3",
					"57436.595"
				],
				"countrate":"0.00268",
				"energy":[
					"0.3",
					"2.0"
				],
				"flux":"4.25E-14",
				"instrument":"XRT",
				"luminosity":"3.37E+42",
				"mode":"PC",
				"nhmw":"0.027",
				"photonindex":"4.5",
				"telescope":"Swift",
				"u_countrate":"s^-1",
				"u_energy":"keV",
				"u_flux":"ergs/cm^2/s",
				"u_time":"MJD",
				"upperlimit":true,
				"source":"1"
			},
			{
				"time":"57437.02141",
				"band":"I",
				"e_magnitude":"0.060",
				"magnitude":"19.526",
				"system":"Vega",
				"u_time":"MJD",
				"source":"6,7"
			},
			{
				"time":"57438.02319",
				"band":"I",
				"e_magnitude":"0.074",
				"magnitude":"19.603",
				"system":"Vega",
				"u_time":"MJD",
				"source":"6,7"
			},
			{
				"time":"57440.02093",
				"band":"I",
				"e_magnitude":"0.064",
				"magnitude":"19.360",
				"system":"Vega",
				"u_time":"MJD",
				"source":"6,7"
			},
			{
				"time":"57443.01375",
				"band":"I",
				"e_magnitude":"0.080",
				"magnitude":"19.613",
				"system":"Vega",
				"u_time":"MJD",
				"source":"6,7"
			},
			{
				"time":"57447.01154",
				"band":"I",
				"e_magnitude":"0.105",
				"magnitude":"19.794",
				"system":"Vega",
				"u_time":"MJD",
				"source":"6,7"
			},
			{
				"time":"57450.00715",
				"band":"I",
				"e_magnitude":"0.115",
				"magnitude":"20.033",
				"system":"Vega",
				"u_time":"MJD",
				"source":"6,7"
			},
			{
				"time":"57450.01020",
				"band":"I",
				"e_magnitude":"0.093",
				"magnitude":"19.796",
				"system":"Vega",
				"u_time":"MJD",
				"source":"6,7"
			},
			{
				"time":"57547.43808",
				"band":"I",
				"e_magnitude":"0.345",
				"magnitude":"21.216",
				"system":"Vega",
				"u_time":"MJD",
				"source":"6,7"
			},
			{
				"time":"57547.44309",
				"band":"I",
				"e_magnitude":"0.748",
				"magnitude":"21.772",
				"system":"Vega",
				"u_time":"MJD",
				"source":"6,7"
			},
			{
				"time":[
					"57547.5",
					"57547.569"
				],
				"countrate":"0.00396",
				"e_countrate":"0.00102",
				"e_lower_flux":"4.66E-14",
				"e_lower_luminosity":"3.70E+42",
				"e_upper_flux":"7.89E-14",
				"e_upper_luminosity":"6.26E+42",
				"energy":[
					"0.3",
					"2.0"
				],
				"flux":"6.28E-14",
				"instrument":"XRT",
				"luminosity":"4.98E+42",
				"mode":"PC",
				"nhmw":"0.027",
				"photonindex":"4.5",
				"telescope":"Swift",
				"u_countrate":"s^-1",
				"u_energy":"keV",
				"u_flux":"ergs/cm^2/s",
				"u_time":"MJD",
				"source":"1"
			},
			{
				"time":[
					"57548.5",
					"57548.639"
				],
				"countrate":"0.0086",
				"energy":[
					"0.3",
					"2.0"
				],
				"flux":"5.50E-15",
				"instrument":"PN",
				"luminosity":"4.36E+41",
				"nhmw":"0.027",
				"photonindex":"4.5",
				"telescope":"XMM",
				"u_countrate":"s^-1",
				"u_energy":"keV",
				"u_flux":"ergs/cm^2/s",
				"u_time":"MJD",
				"upperlimit":true,
				"source":"1"
			},
			{
				"time":[
					"57548.6",
					"57548.600"
				],
				"countrate":"0.564",
				"energy":[
					"0.3",
					"2.0"
				],
				"flux":"2.51E-12",
				"instrument":"PN",
				"luminosity":"1.99E+44",
				"nhmw":"0.027",
				"photonindex":"4.5",
				"telescope":"XMM",
				"u_countrate":"s^-1",
				"u_energy":"keV",
				"u_flux":"ergs/cm^2/s",
				"u_time":"MJD",
				"upperlimit":true,
				"source":"1"
			},
			{
				"time":[
					"57560.6",
					"57560.622"
				],
				"countrate":"0.0179",
				"e_countrate":"0.00331",
				"e_lower_flux":"2.31E-13",
				"e_lower_luminosity":"1.83E+43",
				"e_upper_flux":"3.36E-13",
				"e_upper_luminosity":"2.67E+43",
				"energy":[
					"0.3",
					"2.0"
				],
				"flux":"2.84E-13",
				"instrument":"XRT",
				"luminosity":"2.25E+43",
				"mode":"PC",
				"nhmw":"0.027",
				"photonindex":"4.5",
				"telescope":"Swift",
				"u_countrate":"s^-1",
				"u_energy":"keV",
				"u_flux":"ergs/cm^2/s",
				"u_time":"MJD",
				"source":"1"
			},
			{
				"time":"57561.41662",
				"band":"I",
				"e_magnitude":"0.585",
				"magnitude":"21.958",
				"system":"Vega",
				"u_time":"MJD",
				"source":"6,7"
			},
			{
				"time":"57568.40512",
				"band":"I",
				"e_magnitude":"0.315",
				"magnitude":"21.257",
				"system":"Vega",
				"u_time":"MJD",
				"source":"6,7"
			},
			{
				"time":"57583.39682",
				"band":"I",
				"e_magnitude":"0.361",
				"magnitude":"21.684",
				"system":"Vega",
				"u_time":"MJD",
				"source":"6,7"
			},
			{
				"time":"57589.39809",
				"band":"I",
				"magnitude":"22",
				"system":"Vega",
				"u_time":"MJD",
				"upperlimit":true,
				"source":"6,7"
			},
			{
				"time":"57595.31338",
				"band":"I",
				"magnitude":"22",
				"system":"Vega",
				"u_time":"MJD",
				"upperlimit":true,
				"source":"6,7"
			},
			{
				"time":"57602.34505",
				"band":"I",
				"magnitude":"22",
				"system":"Vega",
				"u_time":"MJD",
				"upperlimit":true,
				"source":"6,7"
			},
			{
				"time":"57606.30581",
				"band":"I",
				"magnitude":"22",
				"system":"Vega",
				"u_time":"MJD",
				"upperlimit":true,
				"source":"6,7"
			},
			{
				"time":"57609.31566",
				"band":"I",
				"e_magnitude":"0.406",
				"magnitude":"21.995",
				"system":"Vega",
				"u_time":"MJD",
				"source":"6,7"
			},
			{
				"time":"57612.32460",
				"band":"I",
				"e_magnitude":"0.233",
				"magnitude":"21.531",
				"system":"Vega",
				"u_time":"MJD",
				"source":"6,7"
			},
			{
				"time":"57618.28729",
				"band":"I",
				"e_magnitude":"0.450",
				"magnitude":"21.599",
				"system":"Vega",
				"u_time":"MJD",
				"source":"6,7"
			},
			{
				"time":"57622.30228",
				"band":"I",
				"e_magnitude":"0.273",
				"magnitude":"21.418",
				"system":"Vega",
				"u_time":"MJD",
				"source":"6,7"
			},
			{
				"time":"57625.25807",
				"band":"I",
				"e_magnitude":"0.372",
				"magnitude":"21.910",
				"system":"Vega",
				"u_time":"MJD",
				"source":"6,7"
			},
			{
				"time":"57630.30034",
				"band":"I",
				"magnitude":"22",
				"system":"Vega",
				"u_time":"MJD",
				"upperlimit":true,
				"source":"6,7"
			},
			{
				"time":"57633.24678",
				"band":"I",
				"magnitude":"22",
				"system":"Vega",
				"u_time":"MJD",
				"upperlimit":true,
				"source":"6,7"
			},
			{
				"time":"57638.21484",
				"band":"I",
				"magnitude":"22",
				"system":"Vega",
				"u_time":"MJD",
				"upperlimit":true,
				"source":"6,7"
			},
			{
				"time":"57644.18966",
				"band":"I",
				"magnitude":"22",
				"system":"Vega",
				"u_time":"MJD",
				"upperlimit":true,
				"source":"6,7"
			},
			{
				"time":"57648.19785",
				"band":"I",
				"magnitude":"22",
				"system":"Vega",
				"u_time":"MJD",
				"upperlimit":true,
				"source":"6,7"
			},
			{
				"time":"57651.19397",
				"band":"I",
				"magnitude":"22",
				"system":"Vega",
				"u_time":"MJD",
				"upperlimit":true,
				"source":"6,7"
			},
			{
				"time":"57655.21556",
				"band":"I",
				"magnitude":"22",
				"system":"Vega",
				"u_time":"MJD",
				"upperlimit":true,
				"source":"6,7"
			},
			{
				"time":"57658.18719",
				"band":"I",
				"magnitude":"22",
				"system":"Vega",
				"u_time":"MJD",
				"upperlimit":true,
				"source":"6,7"
			},
			{
				"time":"57661.18558",
				"band":"I",
				"e_magnitude":"0.299",
				"magnitude":"21.780",
				"system":"Vega",
				"u_time":"MJD",
				"source":"6,7"
			},
			{
				"time":"57664.18679",
				"band":"I",
				"magnitude":"22",
				"system":"Vega",
				"u_time":"MJD",
				"upperlimit":true,
				"source":"6,7"
			},
			{
				"time":"57672.14993",
				"band":"I",
				"e_magnitude":"0.280",
				"magnitude":"21.540",
				"system":"Vega",
				"u_time":"MJD",
				"source":"6,7"
			},
			{
				"time":"57676.18878",
				"band":"I",
				"magnitude":"22",
				"system":"Vega",
				"u_time":"MJD",
				"upperlimit":true,
				"source":"6,7"
			},
			{
				"time":"57680.22051",
				"band":"I",
				"magnitude":"22",
				"system":"Vega",
				"u_time":"MJD",
				"upperlimit":true,
				"source":"6,7"
			},
			{
				"time":"57683.20213",
				"band":"I",
				"magnitude":"22",
				"system":"Vega",
				"u_time":"MJD",
				"upperlimit":true,
				"source":"6,7"
			},
			{
				"time":"57687.17100",
				"band":"I",
				"magnitude":"22",
				"system":"Vega",
				"u_time":"MJD",
				"upperlimit":true,
				"source":"6,7"
			},
			{
				"time":"57689.13322",
				"band":"I",
				"magnitude":"22",
				"system":"Vega",
				"u_time":"MJD",
				"upperlimit":true,
				"source":"6,7"
			},
			{
				"time":"57692.08256",
				"band":"I",
				"magnitude":"22",
				"system":"Vega",
				"u_time":"MJD",
				"upperlimit":true,
				"source":"6,7"
			},
			{
				"time":"57698.07733",
				"band":"I",
				"magnitude":"22",
				"system":"Vega",
				"u_time":"MJD",
				"upperlimit":true,
				"source":"6,7"
			},
			{
				"time":"57701.02961",
				"band":"I",
				"magnitude":"22",
				"system":"Vega",
				"u_time":"MJD",
				"upperlimit":true,
				"source":"6,7"
			},
			{
				"time":"57702.01802",
				"band":"I",
				"e_magnitude":"0.404",
				"magnitude":"21.708",
				"system":"Vega",
				"u_time":"MJD",
				"source":"6,7"
			},
			{
				"time":"57705.00925",
				"band":"I",
				"e_magnitude":"0.521",
				"magnitude":"21.793",
				"system":"Vega",
				"u_time":"MJD",
				"source":"6,7"
			},
			{
				"time":"57709.03372",
				"band":"I",
				"magnitude":"22",
				"system":"Vega",
				"u_time":"MJD",
				"upperlimit":true,
				"source":"6,7"
			},
			{
				"time":[
					"57709.3",
					"57709.319"
				],
				"countrate":"0.00488",
				"energy":[
					"0.3",
					"2.0"
				],
				"flux":"7.73E-14",
				"instrument":"XRT",
				"luminosity":"6.13E+42",
				"mode":"PC",
				"nhmw":"0.027",
				"photonindex":"4.5",
				"telescope":"Swift",
				"u_countrate":"s^-1",
				"u_energy":"keV",
				"u_flux":"ergs/cm^2/s",
				"u_time":"MJD",
				"upperlimit":true,
				"source":"1"
			},
			{
				"time":"57712.07282",
				"band":"I",
				"magnitude":"22",
				"system":"Vega",
				"u_time":"MJD",
				"upperlimit":true,
				"source":"6,7"
			},
			{
				"time":"57716.07956",
				"band":"I",
				"magnitude":"22",
				"system":"Vega",
				"u_time":"MJD",
				"upperlimit":true,
				"source":"6,7"
			},
			{
				"time":"57725.10356",
				"band":"I",
				"magnitude":"22",
				"system":"Vega",
				"u_time":"MJD",
				"upperlimit":true,
				"source":"6,7"
			},
			{
				"time":"57734.09840",
				"band":"I",
				"magnitude":"22",
				"system":"Vega",
				"u_time":"MJD",
				"upperlimit":true,
				"source":"6,7"
			},
			{
				"time":"57738.11880",
				"band":"I",
				"magnitude":"22",
				"system":"Vega",
				"u_time":"MJD",
				"upperlimit":true,
				"source":"6,7"
			},
			{
				"time":"57747.09012",
				"band":"I",
				"magnitude":"22",
				"system":"Vega",
				"u_time":"MJD",
				"upperlimit":true,
				"source":"6,7"
			},
			{
				"time":"57749.13575",
				"band":"I",
				"magnitude":"22",
				"system":"Vega",
				"u_time":"MJD",
				"upperlimit":true,
				"source":"6,7"
			},
			{
				"time":"57756.04672",
				"band":"I",
				"magnitude":"22",
				"system":"Vega",
				"u_time":"MJD",
				"upperlimit":true,
				"source":"6,7"
			},
			{
				"time":"57761.04620",
				"band":"I",
				"magnitude":"22",
				"system":"Vega",
				"u_time":"MJD",
				"upperlimit":true,
				"source":"6,7"
			},
			{
				"time":"57765.03535",
				"band":"I",
				"magnitude":"22",
				"system":"Vega",
				"u_time":"MJD",
				"upperlimit":true,
				"source":"6,7"
			},
			{
				"time":"57769.03768",
				"band":"I",
				"magnitude":"22",
				"system":"Vega",
				"u_time":"MJD",
				"upperlimit":true,
				"source":"6,7"
			},
			{
				"time":"57935.40401",
				"band":"I",
				"magnitude":"22",
				"system":"Vega",
				"u_time":"MJD",
				"upperlimit":true,
				"source":"6,7"
			}
		]
	}
}