{
	"OGLE16aaa": {
		"ebv": [
				{
					"e_value": "0.0008", 
					"derived": true, 
					"value": "0.0179", 
					"source": "5,8"
				}
		], 
		"redshift": [
				{
					"source": "2", 
					"value": "0.1655"
				}
		], 
		"claimedtype": [
				{
					"source": "2", 
					"value": "MS + SMBH"
				}, 
				{
					"source": "6,7", 
					"value": "TDE"
				}
		], 
		"maxvisualdate": [
				{
					"source": "6,7,8", 
					"derived": true, 
					"value": "2016/01/20"
				}
		], 
		"sources": [
				{
					"alias": "1", 
					"bibcode": "2017ApJ...838..149A", 
					"name": "2017ApJ...838..149A", 
					"reference": "Auchettl, Guillochon, & Ramirez-Ruiz (2017)"
				}, 
				{
					"alias": "2", 
					"bibcode": "2016arXiv160603125W", 
					"name": "2016arXiv160603125W", 
					"reference": "Wyrzykowski et al. (2016)"
				}, 
				{
					"alias": "3", 
					"bibcode": "2016ATel.8559....1F", 
					"name": "2016ATel.8559....1F", 
					"reference": "Firth et al. (2016)"
				}, 
				{
					"alias": "4", 
					"bibcode": "2016A&A...594A..13P", 
					"name": "2016A&A...594A..13P", 
					"reference": "Planck Collaboration et al. (2016)"
				}, 
				{
					"alias": "5", 
					"bibcode": "2011ApJ...737..103S", 
					"name": "2011ApJ...737..103S", 
					"reference": "Schlafly & Finkbeiner (2011)"
				}, 
				{
					"url": "http://ogle.astrouw.edu.pl/ogle4/transients/transients.html", 
					"alias": "6", 
					"name": "OGLE-IV Transient Detection System"
				}, 
				{
					"url": "http://www.astronomerstelegram.org/?read=8577", 
					"alias": "7", 
					"name": "class= TDE 0.167"
				}, 
				{
					"bibcode": "2017ApJ...835...64G", 
					"name": "The Open TDE Catalog", 
					"reference": "Guillochon et al. (2017)", 
					"url": "https://tde.space", 
					"alias": "8", 
					"secondary": true
				}, 
				{
					"bibcode": "2000A&AS..143....9W", 
					"name": "SIMBAD astronomical database", 
					"reference": "Wenger et al. (2000)", 
					"url": "http://simbad.u-strasbg.fr/", 
					"alias": "9", 
					"secondary": true
				}
		], 
		"maxabsmag": [
				{
					"source": "2,4,8", 
					"derived": true, 
					"value": "-20.083"
				}
		], 
		"hostdec": [
				{
					"u_value": "degrees", 
					"derived": true, 
					"value": "-64:16:21.4", 
					"source": "8"
				}
		], 
		"comovingdist": [
				{
					"u_value": "Mpc", 
					"derived": true, 
					"value": "703.6", 
					"source": "2,4,8"
				}
		], 
		"maxappmag": [
				{
					"source": "6,7,8", 
					"derived": true, 
					"value": "19.32"
				}
		], 
		"maxdate": [
				{
					"source": "6,7,8", 
					"derived": true, 
					"value": "2016/01/20"
				}
		], 
		"maxvisualband": [
				{
					"source": "6,7,8", 
					"derived": true, 
					"value": "I"
				}
		], 
		"ra": [
				{
					"source": "2", 
					"u_value": "hours", 
					"value": "1:07:20.88"
				}, 
				{
					"source": "3,9", 
					"u_value": "hours", 
					"value": "01:07:20.88"
				}
		], 
		"maxvisualappmag": [
				{
					"source": "6,7,8", 
					"derived": true, 
					"value": "19.32"
				}
		], 
		"schema": "https://github.com/astrocatalogs/tidaldisruptions/blob/f405406/SCHEMA.md", 
		"hostra": [
				{
					"u_value": "hours", 
					"derived": true, 
					"value": "01:07:20.81", 
					"source": "8"
				}
		], 
		"lumdist": [
				{
					"u_value": "Mpc", 
					"derived": true, 
					"value": "820", 
					"source": "2,4,8"
				}
		], 
		"maxband": [
				{
					"source": "6,7,8", 
					"derived": true, 
					"value": "I"
				}
		], 
		"host": [
				{
					"source": "2", 
					"value": "GALEX J010720.81-641621.4"
				}
		], 
		"discoverdate": [
				{
					"source": "6,7,8", 
					"derived": true, 
					"value": "2015/12/17"
				}
		], 
		"photometry": [
				{
					"u_energy": "keV", 
					"telescope": "ROSAT", 
					"instrument": "PSPC", 
					"source": "1", 
					"luminosity": "9.76E+42", 
					"energy": [
						"0.3", 
						"2.0"
					], 
					"u_countrate": "s^-1", 
					"photonindex": "4.5", 
					"countrate": "0.0505", 
					"flux": "1.23E-13", 
					"nhmw": "0.027", 
					"u_flux": "ergs/cm^2/s", 
					"u_time": "MJD", 
					"time": [
						"48200", 
						"48200.001"
					], 
					"upperlimit": true
				}, 
				{
					"source": "6,7", 
					"system": "Vega", 
					"band": "I", 
					"magnitude": "22", 
					"u_time": "MJD", 
					"time": "57032.05327", 
					"upperlimit": true
				}, 
				{
					"source": "6,7", 
					"system": "Vega", 
					"band": "I", 
					"magnitude": "22", 
					"u_time": "MJD", 
					"time": "57037.03148", 
					"upperlimit": true
				}, 
				{
					"source": "6,7", 
					"system": "Vega", 
					"band": "I", 
					"magnitude": "22", 
					"u_time": "MJD", 
					"time": "57042.03214", 
					"upperlimit": true
				}, 
				{
					"source": "6,7", 
					"system": "Vega", 
					"band": "I", 
					"magnitude": "22", 
					"u_time": "MJD", 
					"time": "57045.03243", 
					"upperlimit": true
				}, 
				{
					"source": "6,7", 
					"system": "Vega", 
					"band": "I", 
					"magnitude": "22", 
					"u_time": "MJD", 
					"time": "57047.03121", 
					"upperlimit": true
				}, 
				{
					"source": "6,7", 
					"system": "Vega", 
					"band": "I", 
					"magnitude": "22", 
					"u_time": "MJD", 
					"time": "57050.03413", 
					"upperlimit": true
				}, 
				{
					"source": "6,7", 
					"system": "Vega", 
					"band": "I", 
					"magnitude": "22", 
					"u_time": "MJD", 
					"time": "57052.02716", 
					"upperlimit": true
				}, 
				{
					"source": "6,7", 
					"system": "Vega", 
					"band": "I", 
					"magnitude": "22", 
					"u_time": "MJD", 
					"time": "57193.40504", 
					"upperlimit": true
				}, 
				{
					"source": "6,7", 
					"system": "Vega", 
					"band": "I", 
					"magnitude": "22", 
					"u_time": "MJD", 
					"time": "57202.43531", 
					"upperlimit": true
				}, 
				{
					"source": "6,7", 
					"system": "Vega", 
					"band": "I", 
					"magnitude": "22", 
					"u_time": "MJD", 
					"time": "57211.38704", 
					"upperlimit": true
				}, 
				{
					"source": "6,7", 
					"system": "Vega", 
					"band": "I", 
					"magnitude": "22", 
					"u_time": "MJD", 
					"time": "57221.33302", 
					"upperlimit": true
				}, 
				{
					"source": "6,7", 
					"system": "Vega", 
					"band": "I", 
					"magnitude": "22", 
					"u_time": "MJD", 
					"time": "57227.33633", 
					"upperlimit": true
				}, 
				{
					"source": "6,7", 
					"system": "Vega", 
					"band": "I", 
					"magnitude": "22", 
					"u_time": "MJD", 
					"time": "57233.30533", 
					"upperlimit": true
				}, 
				{
					"source": "6,7", 
					"system": "Vega", 
					"band": "I", 
					"magnitude": "22", 
					"u_time": "MJD", 
					"time": "57250.34068", 
					"upperlimit": true
				}, 
				{
					"source": "6,7", 
					"system": "Vega", 
					"band": "I", 
					"magnitude": "22", 
					"u_time": "MJD", 
					"time": "57256.29930", 
					"upperlimit": true
				}, 
				{
					"source": "6,7", 
					"system": "Vega", 
					"band": "I", 
					"magnitude": "22", 
					"u_time": "MJD", 
					"time": "57257.33068", 
					"upperlimit": true
				}, 
				{
					"source": "6,7", 
					"system": "Vega", 
					"band": "I", 
					"magnitude": "22", 
					"u_time": "MJD", 
					"time": "57260.28314", 
					"upperlimit": true
				}, 
				{
					"source": "6,7", 
					"system": "Vega", 
					"band": "I", 
					"magnitude": "22", 
					"u_time": "MJD", 
					"time": "57262.30848", 
					"upperlimit": true
				}, 
				{
					"source": "6,7", 
					"system": "Vega", 
					"band": "I", 
					"magnitude": "22", 
					"u_time": "MJD", 
					"time": "57267.30966", 
					"upperlimit": true
				}, 
				{
					"source": "6,7", 
					"system": "Vega", 
					"band": "I", 
					"magnitude": "22", 
					"u_time": "MJD", 
					"time": "57272.34521", 
					"upperlimit": true
				}, 
				{
					"source": "6,7", 
					"system": "Vega", 
					"band": "I", 
					"magnitude": "22", 
					"u_time": "MJD", 
					"time": "57278.21097", 
					"upperlimit": true
				}, 
				{
					"source": "6,7", 
					"system": "Vega", 
					"band": "I", 
					"magnitude": "22", 
					"u_time": "MJD", 
					"time": "57286.19348", 
					"upperlimit": true
				}, 
				{
					"source": "6,7", 
					"system": "Vega", 
					"band": "I", 
					"magnitude": "22", 
					"u_time": "MJD", 
					"time": "57292.16029", 
					"upperlimit": true
				}, 
				{
					"source": "6,7", 
					"system": "Vega", 
					"band": "I", 
					"magnitude": "22", 
					"u_time": "MJD", 
					"time": "57297.12279", 
					"upperlimit": true
				}, 
				{
					"source": "6,7", 
					"system": "Vega", 
					"band": "I", 
					"magnitude": "22", 
					"u_time": "MJD", 
					"time": "57303.17614", 
					"upperlimit": true
				}, 
				{
					"source": "6,7", 
					"system": "Vega", 
					"band": "I", 
					"magnitude": "22", 
					"u_time": "MJD", 
					"time": "57311.12781", 
					"upperlimit": true
				}, 
				{
					"source": "6,7", 
					"system": "Vega", 
					"band": "I", 
					"magnitude": "22", 
					"u_time": "MJD", 
					"time": "57316.13740", 
					"upperlimit": true
				}, 
				{
					"source": "6,7", 
					"system": "Vega", 
					"band": "I", 
					"magnitude": "22", 
					"u_time": "MJD", 
					"time": "57319.11544", 
					"upperlimit": true
				}, 
				{
					"source": "6,7", 
					"system": "Vega", 
					"band": "I", 
					"magnitude": "22", 
					"u_time": "MJD", 
					"time": "57325.09685", 
					"upperlimit": true
				}, 
				{
					"source": "6,7", 
					"system": "Vega", 
					"band": "I", 
					"magnitude": "22", 
					"u_time": "MJD", 
					"time": "57336.06455", 
					"upperlimit": true
				}, 
				{
					"source": "6,7", 
					"system": "Vega", 
					"band": "I", 
					"magnitude": "22", 
					"u_time": "MJD", 
					"time": "57340.10336", 
					"upperlimit": true
				}, 
				{
					"source": "6,7", 
					"system": "Vega", 
					"band": "I", 
					"magnitude": "22", 
					"u_time": "MJD", 
					"time": "57345.08091", 
					"upperlimit": true
				}, 
				{
					"source": "6,7", 
					"system": "Vega", 
					"band": "I", 
					"magnitude": "22", 
					"u_time": "MJD", 
					"time": "57353.17452", 
					"upperlimit": true
				}, 
				{
					"source": "6,7", 
					"system": "Vega", 
					"band": "I", 
					"magnitude": "22", 
					"u_time": "MJD", 
					"time": "57355.11309", 
					"upperlimit": true
				}, 
				{
					"source": "6,7", 
					"system": "Vega", 
					"band": "I", 
					"magnitude": "22", 
					"u_time": "MJD", 
					"time": "57360.08864", 
					"upperlimit": true
				}, 
				{
					"source": "6,7", 
					"system": "Vega", 
					"band": "I", 
					"magnitude": "22", 
					"u_time": "MJD", 
					"time": "57364.11144", 
					"upperlimit": true
				}, 
				{
					"source": "6,7", 
					"system": "Vega", 
					"band": "I", 
					"magnitude": "22", 
					"u_time": "MJD", 
					"time": "57367.02718", 
					"upperlimit": true
				}, 
				{
					"e_magnitude": "0.359", 
					"source": "6,7", 
					"system": "Vega", 
					"band": "I", 
					"magnitude": "21.480", 
					"u_time": "MJD", 
					"time": "57373.07950"
				}, 
				{
					"e_magnitude": "0.159", 
					"source": "6,7", 
					"system": "Vega", 
					"band": "I", 
					"magnitude": "20.535", 
					"u_time": "MJD", 
					"time": "57377.08082"
				}, 
				{
					"e_magnitude": "0.188", 
					"source": "6,7", 
					"system": "Vega", 
					"band": "I", 
					"magnitude": "20.369", 
					"u_time": "MJD", 
					"time": "57381.05562"
				}, 
				{
					"e_magnitude": "0.069", 
					"source": "6,7", 
					"system": "Vega", 
					"band": "I", 
					"magnitude": "20.024", 
					"u_time": "MJD", 
					"time": "57385.06694"
				}, 
				{
					"e_magnitude": "0.101", 
					"source": "6,7", 
					"system": "Vega", 
					"band": "I", 
					"magnitude": "20.031", 
					"u_time": "MJD", 
					"time": "57389.05822"
				}, 
				{
					"e_magnitude": "0.080", 
					"source": "6,7", 
					"system": "Vega", 
					"band": "I", 
					"magnitude": "19.851", 
					"u_time": "MJD", 
					"time": "57394.04990"
				}, 
				{
					"e_magnitude": "0.063", 
					"source": "6,7", 
					"system": "Vega", 
					"band": "I", 
					"magnitude": "19.642", 
					"u_time": "MJD", 
					"time": "57397.07219"
				}, 
				{
					"e_magnitude": "0.064", 
					"source": "6,7", 
					"system": "Vega", 
					"band": "I", 
					"magnitude": "19.576", 
					"u_time": "MJD", 
					"time": "57401.05517"
				}, 
				{
					"e_magnitude": "0.108", 
					"source": "6,7", 
					"system": "Vega", 
					"band": "I", 
					"magnitude": "19.615", 
					"u_time": "MJD", 
					"time": "57402.03320"
				}, 
				{
					"e_magnitude": "0.047", 
					"source": "6,7", 
					"system": "Vega", 
					"band": "I", 
					"magnitude": "19.459", 
					"u_time": "MJD", 
					"time": "57404.06129"
				}, 
				{
					"e_magnitude": "0.045", 
					"source": "6,7", 
					"system": "Vega", 
					"band": "I", 
					"magnitude": "19.325", 
					"u_time": "MJD", 
					"time": "57407.03784"
				}, 
				{
					"e_magnitude": "0.058", 
					"source": "6,7", 
					"system": "Vega", 
					"band": "I", 
					"magnitude": "19.345", 
					"u_time": "MJD", 
					"time": "57409.06053"
				}, 
				{
					"e_magnitude": "0.128", 
					"source": "6,7", 
					"system": "Vega", 
					"band": "I", 
					"magnitude": "19.435", 
					"u_time": "MJD", 
					"time": "57412.02557"
				}, 
				{
					"e_magnitude": "0.082", 
					"source": "6,7", 
					"system": "Vega", 
					"band": "I", 
					"magnitude": "19.490", 
					"u_time": "MJD", 
					"time": "57413.03994"
				}, 
				{
					"e_magnitude": "0.073", 
					"source": "6,7", 
					"system": "Vega", 
					"band": "I", 
					"magnitude": "19.627", 
					"u_time": "MJD", 
					"time": "57416.06384"
				}, 
				{
					"e_magnitude": "0.065", 
					"source": "6,7", 
					"system": "Vega", 
					"band": "I", 
					"magnitude": "19.525", 
					"u_time": "MJD", 
					"time": "57425.04599"
				}, 
				{
					"e_magnitude": "0.046", 
					"source": "6,7", 
					"system": "Vega", 
					"band": "I", 
					"magnitude": "19.405", 
					"u_time": "MJD", 
					"time": "57427.04804"
				}, 
				{
					"e_magnitude": "0.067", 
					"source": "6,7", 
					"system": "Vega", 
					"band": "I", 
					"magnitude": "19.385", 
					"u_time": "MJD", 
					"time": "57428.02320"
				}, 
				{
					"e_magnitude": "0.043", 
					"source": "6,7", 
					"system": "Vega", 
					"band": "I", 
					"magnitude": "19.384", 
					"u_time": "MJD", 
					"time": "57429.03453"
				}, 
				{
					"e_magnitude": "0.051", 
					"source": "6,7", 
					"system": "Vega", 
					"band": "I", 
					"magnitude": "19.344", 
					"u_time": "MJD", 
					"time": "57432.02481"
				}, 
				{
					"e_magnitude": "0.053", 
					"source": "6,7", 
					"system": "Vega", 
					"band": "I", 
					"magnitude": "19.416", 
					"u_time": "MJD", 
					"time": "57433.02494"
				}, 
				{
					"e_magnitude": "0.075", 
					"source": "6,7", 
					"system": "Vega", 
					"band": "I", 
					"magnitude": "19.562", 
					"u_time": "MJD", 
					"time": "57435.02375"
				}, 
				{
					"u_energy": "keV", 
					"telescope": "Swift", 
					"instrument": "XRT", 
					"source": "1", 
					"luminosity": "3.37E+42", 
					"energy": [
						"0.3", 
						"2.0"
					], 
					"u_countrate": "s^-1", 
					"photonindex": "4.5", 
					"countrate": "0.00268", 
					"flux": "4.25E-14", 
					"nhmw": "0.027", 
					"u_flux": "ergs/cm^2/s", 
					"mode": "PC", 
					"time": [
						"57436.3", 
						"57436.595"
					], 
					"upperlimit": true, 
					"u_time": "MJD"
				}, 
				{
					"e_magnitude": "0.060", 
					"source": "6,7", 
					"system": "Vega", 
					"band": "I", 
					"magnitude": "19.529", 
					"u_time": "MJD", 
					"time": "57437.02141"
				}, 
				{
					"e_magnitude": "0.075", 
					"source": "6,7", 
					"system": "Vega", 
					"band": "I", 
					"magnitude": "19.613", 
					"u_time": "MJD", 
					"time": "57438.02319"
				}, 
				{
					"e_magnitude": "0.064", 
					"source": "6,7", 
					"system": "Vega", 
					"band": "I", 
					"magnitude": "19.360", 
					"u_time": "MJD", 
					"time": "57440.02093"
				}, 
				{
					"e_upper_luminosity": "6.26E+42", 
					"u_energy": "keV", 
					"telescope": "Swift", 
					"instrument": "XRT", 
					"source": "1", 
					"luminosity": "4.98E+42", 
					"energy": [
						"0.3", 
						"2.0"
					], 
					"e_lower_luminosity": "3.70E+42", 
					"u_countrate": "s^-1", 
					"photonindex": "4.5", 
					"countrate": "0.00396", 
					"e_lower_flux": "4.66E-14", 
					"flux": "6.28E-14", 
					"nhmw": "0.027", 
					"u_flux": "ergs/cm^2/s", 
					"mode": "PC", 
					"e_upper_flux": "7.89E-14", 
					"time": [
						"57547.5", 
						"57547.569"
					], 
					"e_countrate": "0.00102", 
					"u_time": "MJD"
				}, 
				{
					"u_energy": "keV", 
					"telescope": "XMM", 
					"instrument": "PN", 
					"source": "1", 
					"luminosity": "4.36E+41", 
					"energy": [
						"0.3", 
						"2.0"
					], 
					"u_countrate": "s^-1", 
					"photonindex": "4.5", 
					"countrate": "0.0086", 
					"flux": "5.50E-15", 
					"nhmw": "0.027", 
					"u_flux": "ergs/cm^2/s", 
					"u_time": "MJD", 
					"time": [
						"57548.5", 
						"57548.639"
					], 
					"upperlimit": true
				}, 
				{
					"u_energy": "keV", 
					"telescope": "XMM", 
					"instrument": "PN", 
					"source": "1", 
					"luminosity": "1.99E+44", 
					"energy": [
						"0.3", 
						"2.0"
					], 
					"u_countrate": "s^-1", 
					"photonindex": "4.5", 
					"countrate": "0.564", 
					"flux": "2.51E-12", 
					"nhmw": "0.027", 
					"u_flux": "ergs/cm^2/s", 
					"u_time": "MJD", 
					"time": [
						"57548.6", 
						"57548.600"
					], 
					"upperlimit": true
				}, 
				{
					"e_upper_luminosity": "2.67E+43", 
					"u_energy": "keV", 
					"telescope": "Swift", 
					"instrument": "XRT", 
					"source": "1", 
					"luminosity": "2.25E+43", 
					"energy": [
						"0.3", 
						"2.0"
					], 
					"e_lower_luminosity": "1.83E+43", 
					"u_countrate": "s^-1", 
					"photonindex": "4.5", 
					"countrate": "0.0179", 
					"e_lower_flux": "2.31E-13", 
					"flux": "2.84E-13", 
					"nhmw": "0.027", 
					"u_flux": "ergs/cm^2/s", 
					"mode": "PC", 
					"e_upper_flux": "3.36E-13", 
					"time": [
						"57560.6", 
						"57560.622"
					], 
					"e_countrate": "0.00331", 
					"u_time": "MJD"
				}, 
				{
					"u_energy": "keV", 
					"telescope": "Swift", 
					"instrument": "XRT", 
					"source": "1", 
					"luminosity": "6.13E+42", 
					"energy": [
						"0.3", 
						"2.0"
					], 
					"u_countrate": "s^-1", 
					"photonindex": "4.5", 
					"countrate": "0.00488", 
					"flux": "7.73E-14", 
					"nhmw": "0.027", 
					"u_flux": "ergs/cm^2/s", 
					"mode": "PC", 
					"time": [
						"57709.3", 
						"57709.319"
					], 
					"upperlimit": true, 
					"u_time": "MJD"
				}
		], 
		"name": "OGLE16aaa", 
		"hostoffsetdist": [
				{
					"source": "2,3,4,8,9", 
					"value": "3.694"
				}
		], 
		"alias": [
				{
					"source": "1,2,6,9", 
					"value": "OGLE16aaa"
				}
		], 
		"velocity": [
				{
					"u_value": "km/s", 
					"derived": true, 
					"value": "45560", 
					"source": "8"
				}
		], 
		"dec": [
				{
					"source": "2,3,9", 
					"u_value": "degrees", 
					"value": "-64:16:20.7"
				}
		], 
		"hostoffsetang": [
				{
					"u_value": "arcseconds", 
					"derived": true, 
					"value": "1.262", 
					"source": "2,3,8,9"
				}
		]
	}
}