{
	"OGLE17aaj":{
		"schema":"https://github.com/astrocatalogs/tidaldisruptions/blob/f405406/SCHEMA.md",
		"name":"OGLE17aaj",
		"sources":[
			{
				"name":"2011ApJ...737..103S",
				"bibcode":"2011ApJ...737..103S",
				"reference":"Schlafly & Finkbeiner (2011)",
				"alias":"1"
			},
			{
				"name":"ATel 9977",
				"alias":"2"
			},
			{
				"name":"OGLE-IV Transient Detection System",
				"url":"http://ogle.astrouw.edu.pl/ogle4/transients/transients.html",
				"alias":"3"
			},
			{
				"name":"The Open TDE Catalog",
				"bibcode":"2017ApJ...835...64G",
				"reference":"Guillochon et al. (2017)",
				"secondary":true,
				"url":"https://tde.space",
				"alias":"4"
			}
		],
		"alias":[
			{
				"value":"OGLE17aaj",
				"source":"2,3"
			}
		],
		"claimedtype":[
			{
				"value":"TDE",
				"source":"2"
			}
		],
		"dec":[
			{
				"value":"-71:04:15.7",
				"u_value":"degrees",
				"source":"2"
			}
		],
		"discoverdate":[
			{
				"value":"2016/01/28",
				"derived":true,
				"source":"3,4"
			}
		],
		"ebv":[
			{
				"value":"0.0243",
				"derived":true,
				"e_value":"0.0006",
				"source":"1,4"
			}
		],
		"host":[
			{
				"value":"GALEXASC J015624.70-710415.8",
				"source":"2"
			}
		],
		"hostdec":[
			{
				"value":"-71:04:15.8",
				"derived":true,
				"u_value":"degrees",
				"source":"4"
			}
		],
		"hostoffsetang":[
			{
				"value":"3.451",
				"derived":true,
				"u_value":"arcseconds",
				"source":"2,4"
			}
		],
		"hostra":[
			{
				"value":"01:56:24.70",
				"derived":true,
				"u_value":"hours",
				"source":"4"
			}
		],
		"maxappmag":[
			{
				"value":"19.71",
				"derived":true,
				"source":"3,4"
			}
		],
		"maxband":[
			{
				"value":"I",
				"derived":true,
				"source":"3,4"
			}
		],
		"maxdate":[
			{
				"value":"2017/01/05",
				"derived":true,
				"source":"3,4"
			}
		],
		"maxvisualappmag":[
			{
				"value":"19.71",
				"derived":true,
				"source":"3,4"
			}
		],
		"maxvisualband":[
			{
				"value":"I",
				"derived":true,
				"source":"3,4"
			}
		],
		"maxvisualdate":[
			{
				"value":"2017/01/05",
				"derived":true,
				"source":"3,4"
			}
		],
		"ra":[
			{
				"value":"01:56:24.93",
				"u_value":"hours",
				"source":"2"
			}
		],
		"photometry":[
			{
				"time":"57415.09311",
				"band":"I",
				"e_magnitude":"0.314",
				"magnitude":"21.342",
				"system":"Vega",
				"u_time":"MJD",
				"source":"3"
			},
			{
				"time":"57426.03896",
				"band":"I",
				"e_magnitude":"0.309",
				"magnitude":"21.302",
				"system":"Vega",
				"u_time":"MJD",
				"source":"3"
			},
			{
				"time":"57429.05089",
				"band":"I",
				"e_magnitude":"0.156",
				"magnitude":"20.925",
				"system":"Vega",
				"u_time":"MJD",
				"source":"3"
			},
			{
				"time":"57436.04533",
				"band":"I",
				"e_magnitude":"0.200",
				"magnitude":"21.006",
				"system":"Vega",
				"u_time":"MJD",
				"source":"3"
			},
			{
				"time":"57442.01511",
				"band":"I",
				"e_magnitude":"0.256",
				"magnitude":"20.546",
				"system":"Vega",
				"u_time":"MJD",
				"source":"3"
			},
			{
				"time":"57450.01552",
				"band":"I",
				"e_magnitude":"0.216",
				"magnitude":"21.030",
				"system":"Vega",
				"u_time":"MJD",
				"source":"3"
			},
			{
				"time":"57601.42780",
				"band":"I",
				"magnitude":"22",
				"system":"Vega",
				"u_time":"MJD",
				"upperlimit":true,
				"source":"3"
			},
			{
				"time":"57604.41697",
				"band":"I",
				"magnitude":"22",
				"system":"Vega",
				"u_time":"MJD",
				"upperlimit":true,
				"source":"3"
			},
			{
				"time":"57608.30158",
				"band":"I",
				"magnitude":"22",
				"system":"Vega",
				"u_time":"MJD",
				"upperlimit":true,
				"source":"3"
			},
			{
				"time":"57611.38297",
				"band":"I",
				"e_magnitude":"0.354",
				"magnitude":"21.390",
				"system":"Vega",
				"u_time":"MJD",
				"source":"3"
			},
			{
				"time":"57616.37979",
				"band":"I",
				"magnitude":"22",
				"system":"Vega",
				"u_time":"MJD",
				"upperlimit":true,
				"source":"3"
			},
			{
				"time":"57621.39940",
				"band":"I",
				"magnitude":"22",
				"system":"Vega",
				"u_time":"MJD",
				"upperlimit":true,
				"source":"3"
			},
			{
				"time":"57623.35671",
				"band":"I",
				"e_magnitude":"0.318",
				"magnitude":"21.610",
				"system":"Vega",
				"u_time":"MJD",
				"source":"3"
			},
			{
				"time":"57626.34829",
				"band":"I",
				"magnitude":"22",
				"system":"Vega",
				"u_time":"MJD",
				"upperlimit":true,
				"source":"3"
			},
			{
				"time":"57630.32820",
				"band":"I",
				"magnitude":"22",
				"system":"Vega",
				"u_time":"MJD",
				"upperlimit":true,
				"source":"3"
			},
			{
				"time":"57633.30666",
				"band":"I",
				"magnitude":"22",
				"system":"Vega",
				"u_time":"MJD",
				"upperlimit":true,
				"source":"3"
			},
			{
				"time":"57637.30032",
				"band":"I",
				"magnitude":"22",
				"system":"Vega",
				"u_time":"MJD",
				"upperlimit":true,
				"source":"3"
			},
			{
				"time":"57643.25268",
				"band":"I",
				"magnitude":"22",
				"system":"Vega",
				"u_time":"MJD",
				"upperlimit":true,
				"source":"3"
			},
			{
				"time":"57646.25355",
				"band":"I",
				"magnitude":"22",
				"system":"Vega",
				"u_time":"MJD",
				"upperlimit":true,
				"source":"3"
			},
			{
				"time":"57650.25014",
				"band":"I",
				"magnitude":"22",
				"system":"Vega",
				"u_time":"MJD",
				"upperlimit":true,
				"source":"3"
			},
			{
				"time":"57654.28559",
				"band":"I",
				"magnitude":"22",
				"system":"Vega",
				"u_time":"MJD",
				"upperlimit":true,
				"source":"3"
			},
			{
				"time":"57657.20622",
				"band":"I",
				"magnitude":"22",
				"system":"Vega",
				"u_time":"MJD",
				"upperlimit":true,
				"source":"3"
			},
			{
				"time":"57660.19760",
				"band":"I",
				"e_magnitude":"0.403",
				"magnitude":"21.805",
				"system":"Vega",
				"u_time":"MJD",
				"source":"3"
			},
			{
				"time":"57664.21433",
				"band":"I",
				"magnitude":"22",
				"system":"Vega",
				"u_time":"MJD",
				"upperlimit":true,
				"source":"3"
			},
			{
				"time":"57672.17800",
				"band":"I",
				"e_magnitude":"0.225",
				"magnitude":"21.265",
				"system":"Vega",
				"u_time":"MJD",
				"source":"3"
			},
			{
				"time":"57681.26194",
				"band":"I",
				"e_magnitude":"0.365",
				"magnitude":"21.381",
				"system":"Vega",
				"u_time":"MJD",
				"source":"3"
			},
			{
				"time":"57687.19900",
				"band":"I",
				"magnitude":"22",
				"system":"Vega",
				"u_time":"MJD",
				"upperlimit":true,
				"source":"3"
			},
			{
				"time":"57691.13939",
				"band":"I",
				"e_magnitude":"0.222",
				"magnitude":"21.254",
				"system":"Vega",
				"u_time":"MJD",
				"source":"3"
			},
			{
				"time":"57697.16199",
				"band":"I",
				"e_magnitude":"0.160",
				"magnitude":"20.876",
				"system":"Vega",
				"u_time":"MJD",
				"source":"3"
			},
			{
				"time":"57700.14565",
				"band":"I",
				"e_magnitude":"0.217",
				"magnitude":"20.927",
				"system":"Vega",
				"u_time":"MJD",
				"source":"3"
			},
			{
				"time":"57704.13624",
				"band":"I",
				"e_magnitude":"0.548",
				"magnitude":"21.743",
				"system":"Vega",
				"u_time":"MJD",
				"source":"3"
			},
			{
				"time":"57708.08370",
				"band":"I",
				"e_magnitude":"0.205",
				"magnitude":"20.729",
				"system":"Vega",
				"u_time":"MJD",
				"source":"3"
			},
			{
				"time":"57712.10658",
				"band":"I",
				"e_magnitude":"0.199",
				"magnitude":"20.639",
				"system":"Vega",
				"u_time":"MJD",
				"source":"3"
			},
			{
				"time":"57719.07738",
				"band":"I",
				"e_magnitude":"0.146",
				"magnitude":"20.700",
				"system":"Vega",
				"u_time":"MJD",
				"source":"3"
			},
			{
				"time":"57735.10756",
				"band":"I",
				"e_magnitude":"0.150",
				"magnitude":"20.304",
				"system":"Vega",
				"u_time":"MJD",
				"source":"3"
			},
			{
				"time":"57738.08036",
				"band":"I",
				"e_magnitude":"0.090",
				"magnitude":"19.976",
				"system":"Vega",
				"u_time":"MJD",
				"source":"3"
			},
			{
				"time":"57744.10776",
				"band":"I",
				"e_magnitude":"0.089",
				"magnitude":"20.132",
				"system":"Vega",
				"u_time":"MJD",
				"source":"3"
			},
			{
				"time":"57744.10776",
				"band":"I",
				"e_magnitude":"0.089",
				"magnitude":"20.140",
				"system":"Vega",
				"u_time":"MJD",
				"source":"3"
			},
			{
				"time":"57754.07246",
				"band":"I",
				"e_magnitude":"0.080",
				"magnitude":"19.905",
				"system":"Vega",
				"u_time":"MJD",
				"source":"3"
			},
			{
				"time":"57754.07246",
				"band":"I",
				"e_magnitude":"0.082",
				"magnitude":"19.921",
				"system":"Vega",
				"u_time":"MJD",
				"source":"3"
			},
			{
				"time":"57756.10035",
				"band":"I",
				"e_magnitude":"0.071",
				"magnitude":"19.942",
				"system":"Vega",
				"u_time":"MJD",
				"source":"3"
			},
			{
				"time":"57758.09523",
				"band":"I",
				"e_magnitude":"0.061",
				"magnitude":"19.714",
				"system":"Vega",
				"u_time":"MJD",
				"source":"3"
			},
			{
				"time":"57761.07543",
				"band":"I",
				"e_magnitude":"0.108",
				"magnitude":"20.064",
				"system":"Vega",
				"u_time":"MJD",
				"source":"3"
			},
			{
				"time":"57764.12345",
				"band":"I",
				"e_magnitude":"0.101",
				"magnitude":"19.917",
				"system":"Vega",
				"u_time":"MJD",
				"source":"3"
			},
			{
				"time":"57765.08498",
				"band":"I",
				"e_magnitude":"0.164",
				"magnitude":"19.997",
				"system":"Vega",
				"u_time":"MJD",
				"source":"3"
			},
			{
				"time":"57768.04867",
				"band":"I",
				"e_magnitude":"0.068",
				"magnitude":"19.913",
				"system":"Vega",
				"u_time":"MJD",
				"source":"3"
			},
			{
				"time":"57769.03585",
				"band":"I",
				"e_magnitude":"0.093",
				"magnitude":"20.115",
				"system":"Vega",
				"u_time":"MJD",
				"source":"3"
			},
			{
				"time":"57781.01884",
				"band":"I",
				"e_magnitude":"0.103",
				"magnitude":"20.131",
				"system":"Vega",
				"u_time":"MJD",
				"source":"3"
			},
			{
				"time":"57785.01008",
				"band":"I",
				"e_magnitude":"0.091",
				"magnitude":"19.912",
				"system":"Vega",
				"u_time":"MJD",
				"source":"3"
			},
			{
				"time":"57787.02654",
				"band":"I",
				"e_magnitude":"0.104",
				"magnitude":"20.163",
				"system":"Vega",
				"u_time":"MJD",
				"source":"3"
			},
			{
				"time":"57789.03516",
				"band":"I",
				"e_magnitude":"0.104",
				"magnitude":"19.919",
				"system":"Vega",
				"u_time":"MJD",
				"source":"3"
			},
			{
				"time":"57791.04055",
				"band":"I",
				"e_magnitude":"0.135",
				"magnitude":"20.061",
				"system":"Vega",
				"u_time":"MJD",
				"source":"3"
			},
			{
				"time":"57796.03121",
				"band":"I",
				"e_magnitude":"0.123",
				"magnitude":"20.076",
				"system":"Vega",
				"u_time":"MJD",
				"source":"3"
			},
			{
				"time":"57797.00233",
				"band":"I",
				"e_magnitude":"0.159",
				"magnitude":"20.223",
				"system":"Vega",
				"u_time":"MJD",
				"source":"3"
			},
			{
				"time":"57800.04193",
				"band":"I",
				"e_magnitude":"0.095",
				"magnitude":"20.017",
				"system":"Vega",
				"u_time":"MJD",
				"source":"3"
			},
			{
				"time":"57802.00838",
				"band":"I",
				"e_magnitude":"0.117",
				"magnitude":"20.151",
				"system":"Vega",
				"u_time":"MJD",
				"source":"3"
			},
			{
				"time":"57809.03151",
				"band":"I",
				"e_magnitude":"0.140",
				"magnitude":"20.346",
				"system":"Vega",
				"u_time":"MJD",
				"source":"3"
			},
			{
				"time":"57916.42242",
				"band":"I",
				"e_magnitude":"0.244",
				"magnitude":"20.767",
				"system":"Vega",
				"u_time":"MJD",
				"source":"3"
			},
			{
				"time":"57924.43585",
				"band":"I",
				"e_magnitude":"0.108",
				"magnitude":"20.233",
				"system":"Vega",
				"u_time":"MJD",
				"source":"3"
			},
			{
				"time":"57934.44469",
				"band":"I",
				"e_magnitude":"0.138",
				"magnitude":"20.416",
				"system":"Vega",
				"u_time":"MJD",
				"source":"3"
			},
			{
				"time":"57944.38099",
				"band":"I",
				"e_magnitude":"0.163",
				"magnitude":"20.388",
				"system":"Vega",
				"u_time":"MJD",
				"source":"3"
			}
		]
	}
}