{
	"PGC 1127938": {
		"hostdec": [
				{
					"source": "1", 
					"u_value": "degrees", 
					"value": "-01:09:06.87"
				}
		], 
		"lumdist": [
				{
					"u_value": "Mpc", 
					"derived": true, 
					"value": "90", 
					"source": "1,2,3,5"
				}
		], 
		"comovingdist": [
				{
					"u_value": "Mpc", 
					"derived": true, 
					"value": "90", 
					"source": "1,2,3,5"
				}
		], 
		"name": "PGC 1127938", 
		"alias": [
				{
					"source": "1", 
					"value": "PGC 1127938"
				}
		], 
		"maxdate": [
				{
					"source": "3", 
					"derived": true, 
					"value": "2007/01/15"
				}
		], 
		"redshift": [
				{
					"source": "1,3", 
					"value": "0.02"
				}
		], 
		"host": [
				{
					"source": "1,3", 
					"value": "2SLAQ J011844.35-010906.8"
				}
		], 
		"hostoffsetdist": [
				{
					"source": "1,2,3,5", 
					"value": "171.5"
				}
		], 
		"sources": [
				{
					"alias": "1", 
					"bibcode": "2017ApJ...838..149A", 
					"name": "2017ApJ...838..149A", 
					"reference": "Auchettl, Guillochon, & Ramirez-Ruiz (2017)"
				}, 
				{
					"alias": "2", 
					"bibcode": "2016A&A...594A..13P", 
					"name": "2016A&A...594A..13P", 
					"reference": "Planck Collaboration et al. (2016)"
				}, 
				{
					"alias": "3", 
					"bibcode": "2015arXiv150506612H", 
					"name": "2015arXiv150506612H", 
					"reference": "Hryniewicz & Walter (2015)"
				}, 
				{
					"alias": "4", 
					"bibcode": "2011ApJ...737..103S", 
					"name": "2011ApJ...737..103S", 
					"reference": "Schlafly & Finkbeiner (2011)"
				}, 
				{
					"bibcode": "2017ApJ...835...64G", 
					"name": "The Open TDE Catalog", 
					"reference": "Guillochon et al. (2017)", 
					"url": "https://tde.space", 
					"alias": "5", 
					"secondary": true
				}
		], 
		"ebv": [
				{
					"e_value": "0.0004", 
					"derived": true, 
					"value": "0.031", 
					"source": "4,5"
				}
		], 
		"citations": [
				{
					"source": "3", 
					"value": "<a href='http://adsabs.harvard.edu/abs/2015arXiv150506612H'>Hryniewicz and Walter 2015</a>*&Dagger;"
				}
		], 
		"ra": [
				{
					"source": "1", 
					"u_value": "hours", 
					"value": "01:18:56.64"
				}
		], 
		"hostra": [
				{
					"source": "1", 
					"u_value": "hours", 
					"value": "01:18:44.36"
				}
		], 
		"velocity": [
				{
					"u_value": "km/s", 
					"derived": true, 
					"value": "6000", 
					"source": "5"
				}
		], 
		"discoverdate": [
				{
					"source": "3", 
					"value": "2007/01/08"
				}
		], 
		"dec": [
				{
					"source": "1", 
					"u_value": "degrees", 
					"value": "-01:03:10.80"
				}
		], 
		"hostoffsetang": [
				{
					"u_value": "arcseconds", 
					"derived": true, 
					"value": "400.9", 
					"source": "1,5"
				}
		], 
		"schema": "https://github.com/astrocatalogs/tidaldisruptions/blob/f405406/SCHEMA.md"
	}
}