{
	"PGC 1190358":{
		"schema":"https://github.com/astrocatalogs/tidaldisruptions/blob/f405406/SCHEMA.md",
		"name":"PGC 1190358",
		"sources":[
			{
				"name":"2017ApJ...838..149A",
				"bibcode":"2017ApJ...838..149A",
				"reference":"Auchettl, Guillochon, & Ramirez-Ruiz (2017)",
				"alias":"1"
			},
			{
				"name":"2016A&A...594A..13P",
				"bibcode":"2016A&A...594A..13P",
				"reference":"Planck Collaboration et al. (2016)",
				"alias":"2"
			},
			{
				"name":"2015arXiv150506612H",
				"bibcode":"2015arXiv150506612H",
				"reference":"Hryniewicz & Walter (2015)",
				"alias":"3"
			},
			{
				"name":"2011ApJ...737..103S",
				"bibcode":"2011ApJ...737..103S",
				"reference":"Schlafly & Finkbeiner (2011)",
				"alias":"4"
			},
			{
				"name":"The Open TDE Catalog",
				"bibcode":"2017ApJ...835...64G",
				"reference":"Guillochon et al. (2017)",
				"secondary":true,
				"url":"https://tde.space",
				"alias":"5"
			}
		],
		"alias":[
			{
				"value":"PGC 1190358",
				"source":"1"
			}
		],
		"citations":[
			{
				"value":"<a href='http://adsabs.harvard.edu/abs/2015arXiv150506612H'>Hryniewicz and Walter 2015</a>*&Dagger;",
				"source":"3"
			}
		],
		"comovingdist":[
			{
				"value":"33.8",
				"derived":true,
				"u_value":"Mpc",
				"source":"1,2,3,5"
			}
		],
		"dec":[
			{
				"value":"+01:17:31.20",
				"u_value":"degrees",
				"source":"1"
			}
		],
		"ebv":[
			{
				"value":"0.0528",
				"derived":true,
				"e_value":"0.0008",
				"source":"4,5"
			}
		],
		"host":[
			{
				"value":"N5846-162",
				"source":"1,3"
			}
		],
		"hostdec":[
			{
				"value":"+01:17:33.17",
				"u_value":"degrees",
				"source":"1"
			}
		],
		"hostoffsetang":[
			{
				"value":"3.465",
				"derived":true,
				"u_value":"arcseconds",
				"source":"1,5"
			}
		],
		"hostoffsetdist":[
			{
				"value":"0.5635",
				"source":"1,2,3,5"
			}
		],
		"hostra":[
			{
				"value":"15:05:28.75",
				"u_value":"hours",
				"source":"1"
			}
		],
		"lumdist":[
			{
				"value":"34.1",
				"derived":true,
				"u_value":"Mpc",
				"source":"1,2,3,5"
			}
		],
		"ra":[
			{
				"value":"15:05:28.56",
				"u_value":"hours",
				"source":"1"
			}
		],
		"redshift":[
			{
				"value":"0.00766",
				"source":"1,3"
			}
		],
		"velocity":[
			{
				"value":"2290",
				"derived":true,
				"u_value":"km/s",
				"source":"5"
			}
		],
		"photometry":[
			{
				"time":[
					"48800",
					"48800.077"
				],
				"countrate":"0.0211",
				"energy":[
					"0.3",
					"2.0"
				],
				"flux":"1.02E-13",
				"instrument":"PSPC",
				"luminosity":"1.30E+40",
				"nhmw":"0.045",
				"photonindex":"4.5",
				"telescope":"ROSAT",
				"u_countrate":"s^-1",
				"u_energy":"keV",
				"u_flux":"ergs/cm^2/s",
				"u_time":"MJD",
				"upperlimit":true,
				"source":"1"
			},
			{
				"time":[
					"49000",
					"49000.053"
				],
				"countrate":"0.0185",
				"energy":[
					"0.3",
					"2.0"
				],
				"flux":"8.93E-14",
				"instrument":"PSPC",
				"luminosity":"1.13E+40",
				"nhmw":"0.045",
				"photonindex":"4.5",
				"telescope":"ROSAT",
				"u_countrate":"s^-1",
				"u_energy":"keV",
				"u_flux":"ergs/cm^2/s",
				"u_time":"MJD",
				"upperlimit":true,
				"source":"1"
			},
			{
				"time":[
					"52314",
					"52314.000"
				],
				"countrate":"0.652",
				"energy":[
					"0.3",
					"2.0"
				],
				"flux":"3.31E-12",
				"instrument":"PN",
				"luminosity":"4.20E+41",
				"nhmw":"0.045",
				"photonindex":"4.5",
				"telescope":"XMM",
				"u_countrate":"s^-1",
				"u_energy":"keV",
				"u_flux":"ergs/cm^2/s",
				"u_time":"MJD",
				"upperlimit":true,
				"source":"1"
			},
			{
				"time":[
					"56675.5",
					"56675.500"
				],
				"countrate":"0.817",
				"energy":[
					"0.3",
					"2.0"
				],
				"flux":"4.14E-12",
				"instrument":"PN",
				"luminosity":"5.26E+41",
				"nhmw":"0.045",
				"photonindex":"4.5",
				"telescope":"XMM",
				"u_countrate":"s^-1",
				"u_energy":"keV",
				"u_flux":"ergs/cm^2/s",
				"u_time":"MJD",
				"upperlimit":true,
				"source":"1"
			},
			{
				"time":[
					"56679.4",
					"56679.400"
				],
				"countrate":"0.706",
				"energy":[
					"0.3",
					"2.0"
				],
				"flux":"3.58E-12",
				"instrument":"PN",
				"luminosity":"4.55E+41",
				"nhmw":"0.045",
				"photonindex":"4.5",
				"telescope":"XMM",
				"u_countrate":"s^-1",
				"u_energy":"keV",
				"u_flux":"ergs/cm^2/s",
				"u_time":"MJD",
				"upperlimit":true,
				"source":"1"
			}
		]
	}
}