{
	"PGC 1185375":{
		"schema":"https://github.com/astrocatalogs/tidaldisruptions/blob/f405406/SCHEMA.md",
		"name":"PGC 1185375",
		"sources":[
			{
				"name":"2017ApJ...838..149A",
				"bibcode":"2017ApJ...838..149A",
				"reference":"Auchettl, Guillochon, & Ramirez-Ruiz (2017)",
				"alias":"1"
			},
			{
				"name":"2016A&A...594A..13P",
				"bibcode":"2016A&A...594A..13P",
				"reference":"Planck Collaboration et al. (2016)",
				"alias":"2"
			},
			{
				"name":"2015arXiv150506612H",
				"bibcode":"2015arXiv150506612H",
				"reference":"Hryniewicz & Walter (2015)",
				"alias":"3"
			},
			{
				"name":"2011ApJ...737..103S",
				"bibcode":"2011ApJ...737..103S",
				"reference":"Schlafly & Finkbeiner (2011)",
				"alias":"4"
			},
			{
				"name":"The Open TDE Catalog",
				"bibcode":"2017ApJ...835...64G",
				"reference":"Guillochon et al. (2017)",
				"secondary":true,
				"url":"https://tde.space",
				"alias":"5"
			}
		],
		"alias":[
			{
				"value":"PGC 1185375",
				"source":"1"
			}
		],
		"citations":[
			{
				"value":"<a href='http://adsabs.harvard.edu/abs/2015arXiv150506612H'>Hryniewicz and Walter 2015</a>*&Dagger;",
				"source":"3"
			}
		],
		"comovingdist":[
			{
				"value":"23.1",
				"derived":true,
				"u_value":"Mpc",
				"source":"1,2,3,5"
			}
		],
		"dec":[
			{
				"value":"+01:07:37.20",
				"u_value":"degrees",
				"source":"1"
			}
		],
		"ebv":[
			{
				"value":"0.0461",
				"derived":true,
				"e_value":"0.0012",
				"source":"4,5"
			}
		],
		"host":[
			{
				"value":"2MASX J15035028+0107366",
				"source":"1,3"
			}
		],
		"hostdec":[
			{
				"value":"+01:07:36.70",
				"u_value":"degrees",
				"source":"1"
			}
		],
		"hostoffsetang":[
			{
				"value":"1.724",
				"derived":true,
				"u_value":"arcseconds",
				"source":"1,5"
			}
		],
		"hostoffsetdist":[
			{
				"value":"0.1921",
				"source":"1,2,3,5"
			}
		],
		"hostra":[
			{
				"value":"15:03:50.29",
				"u_value":"hours",
				"source":"1"
			}
		],
		"lumdist":[
			{
				"value":"23.2",
				"derived":true,
				"u_value":"Mpc",
				"source":"1,2,3,5"
			}
		],
		"ra":[
			{
				"value":"15:03:50.40",
				"u_value":"hours",
				"source":"1"
			}
		],
		"redshift":[
			{
				"value":"0.00523",
				"source":"1,3"
			}
		],
		"velocity":[
			{
				"value":"1560",
				"derived":true,
				"u_value":"km/s",
				"source":"5"
			}
		],
		"photometry":[
			{
				"time":[
					"48102.3",
					"48102.304"
				],
				"countrate":"0.0388461",
				"energy":[
					"0.3",
					"2.0"
				],
				"flux":"3.70E-13",
				"instrument":"PSPC",
				"luminosity":"2.18E+40",
				"nhmw":"0.05",
				"photonindex":"4.5",
				"telescope":"ROSAT",
				"u_countrate":"s^-1",
				"u_energy":"keV",
				"u_flux":"ergs/cm^2/s",
				"u_time":"MJD",
				"upperlimit":true,
				"source":"1"
			},
			{
				"time":[
					"48900",
					"48900.077"
				],
				"countrate":"0.0254694",
				"energy":[
					"0.3",
					"2.0"
				],
				"flux":"1.43E-13",
				"instrument":"PSPC",
				"luminosity":"8.43E+39",
				"nhmw":"0.05",
				"photonindex":"4.5",
				"telescope":"ROSAT",
				"u_countrate":"s^-1",
				"u_energy":"keV",
				"u_flux":"ergs/cm^2/s",
				"u_time":"MJD",
				"upperlimit":true,
				"source":"1"
			},
			{
				"time":[
					"55500",
					"55500.118"
				],
				"countrate":"0.145501",
				"energy":[
					"0.3",
					"2.0"
				],
				"flux":"1.67E-12",
				"instrument":"ACIS-S",
				"luminosity":"9.85E+40",
				"nhmw":"0.05",
				"photonindex":"4.5",
				"telescope":"Chandra",
				"u_countrate":"s^-1",
				"u_energy":"keV",
				"u_flux":"ergs/cm^2/s",
				"u_time":"MJD",
				"upperlimit":true,
				"source":"1"
			}
		]
	}
}