{
	"PGC 170392": {
		"hostdec": [
				{
					"source": "1", 
					"u_value": "degrees", 
					"value": "-15:01:23.04"
				}
		], 
		"lumdist": [
				{
					"u_value": "Mpc", 
					"derived": true, 
					"value": "72.791", 
					"source": "1,2,3,5"
				}
		], 
		"comovingdist": [
				{
					"u_value": "Mpc", 
					"derived": true, 
					"value": "71.627", 
					"source": "1,2,3,5"
				}
		], 
		"name": "PGC 170392", 
		"alias": [
				{
					"source": "1", 
					"value": "PGC 170392"
				}
		], 
		"maxdate": [
				{
					"value": "2005/12/26"
				}
		], 
		"redshift": [
				{
					"source": "1,3", 
					"value": "0.016246"
				}
		], 
		"host": [
				{
					"source": "1,3", 
					"value": "6dFGS gJ222646.4-150123"
				}
		], 
		"hostoffsetdist": [
				{
					"source": "1,2,3,5", 
					"value": "0.17"
				}
		], 
		"sources": [
				{
					"alias": "1", 
					"bibcode": "2017ApJ...838..149A", 
					"name": "2017ApJ...838..149A", 
					"reference": "Auchettl, Guillochon, & Ramirez-Ruiz (2017)"
				}, 
				{
					"alias": "2", 
					"bibcode": "2016A&A...594A..13P", 
					"name": "2016A&A...594A..13P", 
					"reference": "Planck Collaboration et al. (2016)"
				}, 
				{
					"alias": "3", 
					"bibcode": "2015arXiv150506612H", 
					"name": "2015arXiv150506612H", 
					"reference": "Hryniewicz & Walter (2015)"
				}, 
				{
					"alias": "4", 
					"bibcode": "2011ApJ...737..103S", 
					"name": "2011ApJ...737..103S", 
					"reference": "Schlafly & Finkbeiner (2011)"
				}, 
				{
					"bibcode": "2017ApJ...835...64G", 
					"name": "The Open TDE Catalog", 
					"reference": "Guillochon et al. (2017)", 
					"url": "https://tde.space", 
					"alias": "5", 
					"secondary": true
				}
		], 
		"ebv": [
				{
					"e_value": "0.0003", 
					"derived": true, 
					"value": "0.0295", 
					"source": "4,5"
				}
		], 
		"citations": [
				{
					"source": "3", 
					"value": "<a href='http://adsabs.harvard.edu/abs/2015arXiv150506612H'>Hryniewicz and Walter 2015</a>*&Dagger;"
				}
		], 
		"ra": [
				{
					"source": "1", 
					"u_value": "hours", 
					"value": "22:26:46.32"
				}
		], 
		"hostra": [
				{
					"source": "1", 
					"u_value": "hours", 
					"value": "22:26:46.35"
				}
		], 
		"velocity": [
				{
					"u_value": "km/s", 
					"derived": true, 
					"value": "4830.9", 
					"source": "5"
				}
		], 
		"discoverdate": [
				{
					"value": "2005/11/28"
				}
		], 
		"dec": [
				{
					"source": "1", 
					"u_value": "degrees", 
					"value": "-15:01:22.80"
				}
		], 
		"hostoffsetang": [
				{
					"u_value": "arcseconds", 
					"derived": true, 
					"value": "0.51", 
					"source": "1,5"
				}
		], 
		"schema": "https://github.com/astrocatalogs/tidaldisruptions/blob/f405406/SCHEMA.md"
	}
}