{
	"PGC 1127938":{
		"schema":"https://github.com/astrocatalogs/tidaldisruptions/blob/f405406/SCHEMA.md",
		"name":"PGC 1127938",
		"sources":[
			{
				"name":"2017ApJ...838..149A",
				"bibcode":"2017ApJ...838..149A",
				"reference":"Auchettl, Guillochon, & Ramirez-Ruiz (2017)",
				"alias":"1"
			},
			{
				"name":"2016A&A...594A..13P",
				"bibcode":"2016A&A...594A..13P",
				"reference":"Planck Collaboration et al. (2016)",
				"alias":"2"
			},
			{
				"name":"2015arXiv150506612H",
				"bibcode":"2015arXiv150506612H",
				"reference":"Hryniewicz & Walter (2015)",
				"alias":"3"
			},
			{
				"name":"2011ApJ...737..103S",
				"bibcode":"2011ApJ...737..103S",
				"reference":"Schlafly & Finkbeiner (2011)",
				"alias":"4"
			},
			{
				"name":"The Open TDE Catalog",
				"bibcode":"2017ApJ...835...64G",
				"reference":"Guillochon et al. (2017)",
				"secondary":true,
				"url":"https://tde.space",
				"alias":"5"
			}
		],
		"alias":[
			{
				"value":"PGC 1127938",
				"source":"1"
			}
		],
		"citations":[
			{
				"value":"<a href='http://adsabs.harvard.edu/abs/2015arXiv150506612H'>Hryniewicz and Walter 2015</a>*&Dagger;",
				"source":"3"
			}
		],
		"comovingdist":[
			{
				"value":"90",
				"derived":true,
				"u_value":"Mpc",
				"source":"1,2,3,5"
			}
		],
		"dec":[
			{
				"value":"-01:03:10.80",
				"u_value":"degrees",
				"source":"1"
			}
		],
		"ebv":[
			{
				"value":"0.031",
				"derived":true,
				"e_value":"0.0004",
				"source":"4,5"
			}
		],
		"host":[
			{
				"value":"2SLAQ J011844.35-010906.8",
				"source":"1,3"
			}
		],
		"hostdec":[
			{
				"value":"-01:09:06.87",
				"u_value":"degrees",
				"source":"1"
			}
		],
		"hostoffsetang":[
			{
				"value":"400.9",
				"derived":true,
				"u_value":"arcseconds",
				"source":"1,5"
			}
		],
		"hostoffsetdist":[
			{
				"value":"171.5",
				"source":"1,2,3,5"
			}
		],
		"hostra":[
			{
				"value":"01:18:44.36",
				"u_value":"hours",
				"source":"1"
			}
		],
		"lumdist":[
			{
				"value":"90",
				"derived":true,
				"u_value":"Mpc",
				"source":"1,2,3,5"
			}
		],
		"ra":[
			{
				"value":"01:18:56.64",
				"u_value":"hours",
				"source":"1"
			}
		],
		"redshift":[
			{
				"value":"0.02",
				"source":"1,3"
			}
		],
		"velocity":[
			{
				"value":"6000",
				"derived":true,
				"u_value":"km/s",
				"source":"5"
			}
		]
	}
}