{"PGC 1190358": {"hostdec": [{"source": "1", "u_value": "degrees", "value": "+01:17:33.17"}], "lumdist": [{"u_value": "Mpc", "derived": true, "value": "34.1", "source": "1,2,3,5"}], "photometry": [{"u_energy": "keV", "telescope": "ROSAT", "instrument": "PSPC", "source": "1", "luminosity": "1.30E+40", "energy": ["0.3", "2.0"], "u_countrate": "s^-1", "photonindex": "4.5", "countrate": "0.0211", "flux": "1.02E-13", "nhmw": "0.045", "u_flux": "ergs/cm^2/s", "u_time": "MJD", "time": ["48800", "48800.077"], "upperlimit": true}, {"u_energy": "keV", "telescope": "ROSAT", "instrument": "PSPC", "source": "1", "luminosity": "1.13E+40", "energy": ["0.3", "2.0"], "u_countrate": "s^-1", "photonindex": "4.5", "countrate": "0.0185", "flux": "8.93E-14", "nhmw": "0.045", "u_flux": "ergs/cm^2/s", "u_time": "MJD", "time": ["49000", "49000.053"], "upperlimit": true}, {"u_energy": "keV", "telescope": "XMM", "instrument": "PN", "source": "1", "luminosity": "4.20E+41", "energy": ["0.3", "2.0"], "u_countrate": "s^-1", "photonindex": "4.5", "countrate": "0.652", "flux": "3.31E-12", "nhmw": "0.045", "u_flux": "ergs/cm^2/s", "u_time": "MJD", "time": ["52314", "52314.000"], "upperlimit": true}, {"u_energy": "keV", "telescope": "XMM", "instrument": "PN", "source": "1", "luminosity": "5.26E+41", "energy": ["0.3", "2.0"], "u_countrate": "s^-1", "photonindex": "4.5", "countrate": "0.817", "flux": "4.14E-12", "nhmw": "0.045", "u_flux": "ergs/cm^2/s", "u_time": "MJD", "time": ["56675.5", "56675.500"], "upperlimit": true}, {"u_energy": "keV", "telescope": "XMM", "instrument": "PN", "source": "1", "luminosity": "4.55E+41", "energy": ["0.3", "2.0"], "u_countrate": "s^-1", "photonindex": "4.5", "countrate": "0.706", "flux": "3.58E-12", "nhmw": "0.045", "u_flux": "ergs/cm^2/s", "u_time": "MJD", "time": ["56679.4", "56679.400"], "upperlimit": true}], "comovingdist": [{"u_value": "Mpc", "derived": true, "value": "33.8", "source": "1,2,3,5"}], "name": "PGC 1190358", "alias": [{"source": "1", "value": "PGC 1190358"}], "redshift": [{"source": "1,3", "value": "0.00766"}], "host": [{"source": "1,3", "value": "N5846-162"}], "hostoffsetdist": [{"source": "1,2,3,5", "value": "0.5635"}], "sources": [{"alias": "1", "bibcode": "2017ApJ...838..149A", "name": "2017ApJ...838..149A", "reference": "Auchettl, Guillochon, & Ramirez-Ruiz (2017)"}, {"alias": "2", "bibcode": "2016A&A...594A..13P", "name": "2016A&A...594A..13P", "reference": "Planck Collaboration et al. (2016)"}, {"alias": "3", "bibcode": "2015arXiv150506612H", "name": "2015arXiv150506612H", "reference": "Hryniewicz & Walter (2015)"}, {"alias": "4", "bibcode": "2011ApJ...737..103S", "name": "2011ApJ...737..103S", "reference": "Schlafly & Finkbeiner (2011)"}, {"bibcode": "2017ApJ...835...64G", "name": "The Open TDE Catalog", "reference": "Guillochon et al. (2017)", "url": "https://tde.space", "alias": "5", "secondary": true}], "ebv": [{"e_value": "0.0008", "derived": true, "value": "0.0528", "source": "4,5"}], "citations": [{"source": "3", "value": "<a href='http://adsabs.harvard.edu/abs/2015arXiv150506612H'>Hryniewicz and Walter 2015</a>*&Dagger;"}], "ra": [{"source": "1", "u_value": "hours", "value": "15:05:28.56"}], "hostra": [{"source": "1", "u_value": "hours", "value": "15:05:28.75"}], "velocity": [{"u_value": "km/s", "derived": true, "value": "2290", "source": "5"}], "dec": [{"source": "1", "u_value": "degrees", "value": "+01:17:31.20"}], "hostoffsetang": [{"u_value": "arcseconds", "derived": true, "value": "3.465", "source": "1,5"}], "schema": "https://github.com/astrocatalogs/tidaldisruptions/blob/f405406/SCHEMA.md"}}