{
	"PS1-12yp": {
		"hostdec": [
				{
					"u_value": "degrees", 
					"derived": true, 
					"value": "+23:54:05.8", 
					"source": "4"
				}
		], 
		"photometry": [
				{
					"u_energy": "keV", 
					"telescope": "XMM", 
					"instrument": "PN", 
					"source": "1", 
					"luminosity": "3.83E+45", 
					"energy": [
						"0.3", 
						"2.0"
					], 
					"u_countrate": "s^-1", 
					"photonindex": "4.5", 
					"countrate": "3.36", 
					"flux": "2.17E-12", 
					"nhmw": "0.012", 
					"u_flux": "ergs/cm^2/s", 
					"u_time": "MJD", 
					"time": [
						"52459.6", 
						"52459.600"
					], 
					"upperlimit": true
				}, 
				{
					"u_energy": "keV", 
					"telescope": "XMM", 
					"instrument": "PN", 
					"source": "1", 
					"luminosity": "2.69E+45", 
					"energy": [
						"0.3", 
						"2.0"
					], 
					"u_countrate": "s^-1", 
					"photonindex": "4.5", 
					"countrate": "2.36", 
					"flux": "1.52E-12", 
					"nhmw": "0.012", 
					"u_flux": "ergs/cm^2/s", 
					"u_time": "MJD", 
					"time": [
						"55379.5", 
						"55379.500"
					], 
					"upperlimit": true
				}, 
				{
					"u_energy": "keV", 
					"telescope": "XMM", 
					"instrument": "PN", 
					"source": "1", 
					"luminosity": "7.79E+44", 
					"energy": [
						"0.3", 
						"2.0"
					], 
					"u_countrate": "s^-1", 
					"photonindex": "4.5", 
					"countrate": "0.683", 
					"flux": "4.41E-13", 
					"nhmw": "0.012", 
					"u_flux": "ergs/cm^2/s", 
					"u_time": "MJD", 
					"time": [
						"55909", 
						"55909.000"
					], 
					"upperlimit": true
				}
		], 
		"name": "PS1-12yp", 
		"alias": [
				{
					"source": "1,2", 
					"value": "PS1-12yp"
				}, 
				{
					"source": "2", 
					"value": "CSS120301:133156+235405"
				}, 
				{
					"source": "2", 
					"value": "SDSSJ133155"
				}
		], 
		"host": [
				{
					"source": "2", 
					"value": "SDSS J133155.90+235405.8"
				}
		], 
		"sources": [
				{
					"alias": "1", 
					"bibcode": "2017ApJ...838..149A", 
					"name": "2017ApJ...838..149A", 
					"reference": "Auchettl, Guillochon, & Ramirez-Ruiz (2017)"
				}, 
				{
					"alias": "2", 
					"bibcode": "2016MNRAS.463..296L", 
					"name": "2016MNRAS.463..296L", 
					"reference": "Lawrence et al. (2016)"
				}, 
				{
					"alias": "3", 
					"bibcode": "2011ApJ...737..103S", 
					"name": "2011ApJ...737..103S", 
					"reference": "Schlafly & Finkbeiner (2011)"
				}, 
				{
					"bibcode": "2017ApJ...835...64G", 
					"name": "The Open TDE Catalog", 
					"reference": "Guillochon et al. (2017)", 
					"url": "https://tde.space", 
					"alias": "4", 
					"secondary": true
				}
		], 
		"ebv": [
				{
					"e_value": "0.0004", 
					"derived": true, 
					"value": "0.0132", 
					"source": "3,4"
				}
		], 
		"discoverdate": [
				{
					"source": "4", 
					"derived": true, 
					"value": "2012/03/01"
				}
		], 
		"ra": [
				{
					"source": "2", 
					"u_value": "hours", 
					"value": "13:31:55.91"
				}
		], 
		"hostra": [
				{
					"u_value": "hours", 
					"derived": true, 
					"value": "13:31:55.90", 
					"source": "4"
				}
		], 
		"dec": [
				{
					"source": "2", 
					"u_value": "degrees", 
					"value": "+23:54:05.7"
				}
		], 
		"hostoffsetang": [
				{
					"u_value": "arcseconds", 
					"derived": true, 
					"value": "0.1803", 
					"source": "2,4"
				}
		], 
		"schema": "https://github.com/astrocatalogs/tidaldisruptions/blob/f405406/SCHEMA.md"
	}
}