{
	"PS1-11af":{
		"schema":"https://github.com/astrocatalogs/tidaldisruptions/blob/f405406/SCHEMA.md",
		"name":"PS1-11af",
		"sources":[
			{
				"name":"2017ApJ...838..149A",
				"bibcode":"2017ApJ...838..149A",
				"reference":"Auchettl, Guillochon, & Ramirez-Ruiz (2017)",
				"alias":"1"
			},
			{
				"name":"2016A&A...594A..13P",
				"bibcode":"2016A&A...594A..13P",
				"reference":"Planck Collaboration et al. (2016)",
				"alias":"2"
			},
			{
				"name":"2014ApJ...780...44C",
				"bibcode":"2014ApJ...780...44C",
				"reference":"Chornock et al. (2014)",
				"alias":"3"
			},
			{
				"name":"2013arXiv1309.3009C",
				"bibcode":"2013arXiv1309.3009C",
				"reference":"Chornock et al. (2013)",
				"alias":"4"
			},
			{
				"name":"2011ApJ...737..103S",
				"bibcode":"2011ApJ...737..103S",
				"reference":"Schlafly & Finkbeiner (2011)",
				"alias":"5"
			},
			{
				"name":"The Open TDE Catalog",
				"bibcode":"2017ApJ...835...64G",
				"reference":"Guillochon et al. (2017)",
				"secondary":true,
				"url":"https://tde.space",
				"alias":"6"
			},
			{
				"name":"SIMBAD astronomical database",
				"bibcode":"2000A&AS..143....9W",
				"reference":"Wenger et al. (2000)",
				"secondary":true,
				"url":"http://simbad.u-strasbg.fr/",
				"alias":"7"
			}
		],
		"alias":[
			{
				"value":"PS1-11af",
				"source":"1,7"
			}
		],
		"citations":[
			{
				"value":"<a href='http://adsabs.harvard.edu/abs/2013arXiv1309.3009C'>Chornock et al. 2013</a>*&Dagger;",
				"source":"4"
			}
		],
		"claimedtype":[
			{
				"value":"MS + SMBH",
				"source":"4"
			}
		],
		"comovingdist":[
			{
				"value":"1616",
				"derived":true,
				"u_value":"Mpc",
				"source":"1,2,4,6"
			}
		],
		"dec":[
			{
				"value":"+03:14:01.00",
				"u_value":"degrees",
				"source":"1,3,7"
			}
		],
		"discoverdate":[
			{
				"value":"2010/12/30",
				"derived":true,
				"source":"4,6"
			}
		],
		"ebv":[
			{
				"value":"0.0259",
				"derived":true,
				"e_value":"0.0011",
				"source":"5,6"
			}
		],
		"host":[
			{
				"value":"SDSS J095726.82+031400.9",
				"source":"1,4"
			}
		],
		"hostdec":[
			{
				"value":"+03:14:00.94",
				"u_value":"degrees",
				"source":"1"
			}
		],
		"hostoffsetang":[
			{
				"value":"0.06",
				"derived":true,
				"u_value":"arcseconds",
				"source":"1,3,6,7"
			}
		],
		"hostoffsetdist":[
			{
				"value":"0.3",
				"source":"1,2,3,4,6,7"
			}
		],
		"hostra":[
			{
				"value":"09:57:26.82",
				"u_value":"hours",
				"source":"1"
			}
		],
		"lumdist":[
			{
				"value":"2269",
				"derived":true,
				"u_value":"Mpc",
				"source":"1,2,4,6"
			}
		],
		"maxabsmag":[
			{
				"value":"-20.061",
				"derived":true,
				"source":"1,2,4,6"
			}
		],
		"maxappmag":[
			{
				"value":"21.35",
				"derived":true,
				"source":"4,6"
			}
		],
		"maxband":[
			{
				"value":"g",
				"derived":true,
				"source":"4,6"
			}
		],
		"maxdate":[
			{
				"value":"2011/01/29",
				"derived":true,
				"source":"4,6"
			}
		],
		"maxvisualappmag":[
			{
				"value":"21.35",
				"derived":true,
				"source":"4,6"
			}
		],
		"maxvisualband":[
			{
				"value":"g",
				"derived":true,
				"source":"4,6"
			}
		],
		"maxvisualdate":[
			{
				"value":"2011/01/29",
				"derived":true,
				"source":"4,6"
			}
		],
		"nhhost":[
			{
				"value":"7.2e+19",
				"source":"4"
			}
		],
		"notes":[
			{
				"value":"MgII \\(\\lambda 2800\\) doublet in absorption",
				"source":"4"
			}
		],
		"ra":[
			{
				"value":"09:57:26.82",
				"u_value":"hours",
				"source":"1"
			},
			{
				"value":"09:57:26.815",
				"u_value":"hours",
				"source":"3,7"
			}
		],
		"redshift":[
			{
				"value":"0.4046",
				"source":"1,4"
			}
		],
		"velocity":[
			{
				"value":"98110",
				"derived":true,
				"u_value":"km/s",
				"source":"6"
			}
		],
		"photometry":[
			{
				"time":[
					"48200",
					"48200.005"
				],
				"countrate":"0.028",
				"energy":[
					"0.3",
					"2.0"
				],
				"flux":"5.09E-14",
				"instrument":"PSPC",
				"luminosity":"3.49E+43",
				"nhmw":"0.0213",
				"photonindex":"4.5",
				"telescope":"ROSAT",
				"u_countrate":"s^-1",
				"u_energy":"keV",
				"u_flux":"ergs/cm^2/s",
				"u_time":"MJD",
				"upperlimit":true,
				"source":"1"
			},
			{
				"time":[
					"52611.1",
					"52611.100"
				],
				"countrate":"0.358",
				"energy":[
					"0.3",
					"2.0"
				],
				"flux":"1.48E-12",
				"instrument":"PN",
				"luminosity":"1.02E+45",
				"nhmw":"0.0213",
				"photonindex":"4.5",
				"telescope":"XMM",
				"u_countrate":"s^-1",
				"u_energy":"keV",
				"u_flux":"ergs/cm^2/s",
				"u_time":"MJD",
				"upperlimit":true,
				"source":"1"
			},
			{
				"time":[
					"55151.6",
					"55151.600"
				],
				"countrate":"1.19",
				"energy":[
					"0.3",
					"2.0"
				],
				"flux":"4.93E-12",
				"instrument":"PN",
				"luminosity":"3.38E+45",
				"nhmw":"0.0213",
				"photonindex":"4.5",
				"telescope":"XMM",
				"u_countrate":"s^-1",
				"u_energy":"keV",
				"u_flux":"ergs/cm^2/s",
				"u_time":"MJD",
				"upperlimit":true,
				"source":"1"
			},
			{
				"time":"55163.576",
				"band":"z",
				"hostnhcorr":true,
				"instrument":"Pan-STARRS1",
				"magnitude":"23.526678",
				"u_time":"MJD",
				"upperlimit":true,
				"source":"4"
			},
			{
				"time":"55176.635",
				"band":"r",
				"hostnhcorr":true,
				"instrument":"Pan-STARRS1",
				"magnitude":"23.972723",
				"u_time":"MJD",
				"upperlimit":true,
				"source":"4"
			},
			{
				"time":"55176.643",
				"band":"g",
				"hostnhcorr":true,
				"instrument":"Pan-STARRS1",
				"magnitude":"24.078169",
				"u_time":"MJD",
				"upperlimit":true,
				"source":"4"
			},
			{
				"time":"55179.605",
				"band":"g",
				"hostnhcorr":true,
				"instrument":"Pan-STARRS1",
				"magnitude":"24.278011",
				"u_time":"MJD",
				"upperlimit":true,
				"source":"4"
			},
			{
				"time":"55179.617",
				"band":"r",
				"hostnhcorr":true,
				"instrument":"Pan-STARRS1",
				"magnitude":"24.582294",
				"u_time":"MJD",
				"upperlimit":true,
				"source":"4"
			},
			{
				"time":"55180.644",
				"band":"i",
				"hostnhcorr":true,
				"instrument":"Pan-STARRS1",
				"magnitude":"23.62066",
				"u_time":"MJD",
				"upperlimit":true,
				"source":"4"
			},
			{
				"time":"55181.642",
				"band":"z",
				"hostnhcorr":true,
				"instrument":"Pan-STARRS1",
				"magnitude":"23.960228",
				"u_time":"MJD",
				"upperlimit":true,
				"source":"4"
			},
			{
				"time":"55183.572",
				"band":"i",
				"hostnhcorr":true,
				"instrument":"Pan-STARRS1",
				"magnitude":"23.62207",
				"u_time":"MJD",
				"upperlimit":true,
				"source":"4"
			},
			{
				"time":"55188.609",
				"band":"g",
				"hostnhcorr":true,
				"instrument":"Pan-STARRS1",
				"magnitude":"23.995859",
				"u_time":"MJD",
				"upperlimit":true,
				"source":"4"
			},
			{
				"time":"55188.623",
				"band":"r",
				"hostnhcorr":true,
				"instrument":"Pan-STARRS1",
				"magnitude":"24.078002",
				"u_time":"MJD",
				"upperlimit":true,
				"source":"4"
			},
			{
				"time":"55189.607",
				"band":"i",
				"hostnhcorr":true,
				"instrument":"Pan-STARRS1",
				"magnitude":"23.673945",
				"u_time":"MJD",
				"upperlimit":true,
				"source":"4"
			},
			{
				"time":"55191.524",
				"band":"g",
				"hostnhcorr":true,
				"instrument":"Pan-STARRS1",
				"magnitude":"24.216851",
				"u_time":"MJD",
				"upperlimit":true,
				"source":"4"
			},
			{
				"time":"55191.540",
				"band":"r",
				"hostnhcorr":true,
				"instrument":"Pan-STARRS1",
				"magnitude":"24.23371",
				"u_time":"MJD",
				"upperlimit":true,
				"source":"4"
			},
			{
				"time":"55206.564",
				"band":"g",
				"hostnhcorr":true,
				"instrument":"Pan-STARRS1",
				"magnitude":"24.12335",
				"u_time":"MJD",
				"upperlimit":true,
				"source":"4"
			},
			{
				"time":"55206.578",
				"band":"r",
				"hostnhcorr":true,
				"instrument":"Pan-STARRS1",
				"magnitude":"24.072479",
				"u_time":"MJD",
				"upperlimit":true,
				"source":"4"
			},
			{
				"time":"55207.555",
				"band":"i",
				"hostnhcorr":true,
				"instrument":"Pan-STARRS1",
				"magnitude":"23.684139",
				"u_time":"MJD",
				"upperlimit":true,
				"source":"4"
			},
			{
				"time":"55208.553",
				"band":"z",
				"hostnhcorr":true,
				"instrument":"Pan-STARRS1",
				"magnitude":"24.222804",
				"u_time":"MJD",
				"upperlimit":true,
				"source":"4"
			},
			{
				"time":"55210.533",
				"band":"i",
				"hostnhcorr":true,
				"instrument":"Pan-STARRS1",
				"magnitude":"23.457678",
				"u_time":"MJD",
				"upperlimit":true,
				"source":"4"
			},
			{
				"time":"55212.505",
				"band":"g",
				"hostnhcorr":true,
				"instrument":"Pan-STARRS1",
				"magnitude":"23.502512",
				"u_time":"MJD",
				"upperlimit":true,
				"source":"4"
			},
			{
				"time":"55212.538",
				"band":"r",
				"hostnhcorr":true,
				"instrument":"Pan-STARRS1",
				"magnitude":"24.069307",
				"u_time":"MJD",
				"upperlimit":true,
				"source":"4"
			},
			{
				"time":"55213.443",
				"band":"i",
				"hostnhcorr":true,
				"instrument":"Pan-STARRS1",
				"magnitude":"23.531302",
				"u_time":"MJD",
				"upperlimit":true,
				"source":"4"
			},
			{
				"time":"55213.456",
				"band":"i",
				"hostnhcorr":true,
				"instrument":"Pan-STARRS1",
				"magnitude":"23.637649",
				"u_time":"MJD",
				"upperlimit":true,
				"source":"4"
			},
			{
				"time":"55213.468",
				"band":"i",
				"hostnhcorr":true,
				"instrument":"Pan-STARRS1",
				"magnitude":"23.436193",
				"u_time":"MJD",
				"upperlimit":true,
				"source":"4"
			},
			{
				"time":"55214.460",
				"band":"z",
				"hostnhcorr":true,
				"instrument":"Pan-STARRS1",
				"magnitude":"23.682964",
				"u_time":"MJD",
				"upperlimit":true,
				"source":"4"
			},
			{
				"time":"55215.557",
				"band":"g",
				"hostnhcorr":true,
				"instrument":"Pan-STARRS1",
				"magnitude":"24.203904",
				"u_time":"MJD",
				"upperlimit":true,
				"source":"4"
			},
			{
				"time":"55216.603",
				"band":"i",
				"hostnhcorr":true,
				"instrument":"Pan-STARRS1",
				"magnitude":"23.633443",
				"u_time":"MJD",
				"upperlimit":true,
				"source":"4"
			},
			{
				"time":"55217.464",
				"band":"g",
				"hostnhcorr":true,
				"instrument":"Pan-STARRS1",
				"magnitude":"24.831749",
				"u_time":"MJD",
				"upperlimit":true,
				"source":"4"
			},
			{
				"time":"55219.515",
				"band":"i",
				"hostnhcorr":true,
				"instrument":"Pan-STARRS1",
				"magnitude":"23.546321",
				"u_time":"MJD",
				"upperlimit":true,
				"source":"4"
			},
			{
				"time":"55220.492",
				"band":"z",
				"hostnhcorr":true,
				"instrument":"Pan-STARRS1",
				"magnitude":"23.63654",
				"u_time":"MJD",
				"upperlimit":true,
				"source":"4"
			},
			{
				"time":"55221.467",
				"band":"g",
				"hostnhcorr":true,
				"instrument":"Pan-STARRS1",
				"magnitude":"23.644864",
				"u_time":"MJD",
				"upperlimit":true,
				"source":"4"
			},
			{
				"time":"55221.482",
				"band":"r",
				"hostnhcorr":true,
				"instrument":"Pan-STARRS1",
				"magnitude":"23.897491",
				"u_time":"MJD",
				"upperlimit":true,
				"source":"4"
			},
			{
				"time":"55222.443",
				"band":"i",
				"hostnhcorr":true,
				"instrument":"Pan-STARRS1",
				"magnitude":"23.620728",
				"u_time":"MJD",
				"upperlimit":true,
				"source":"4"
			},
			{
				"time":"55223.419",
				"band":"z",
				"hostnhcorr":true,
				"instrument":"Pan-STARRS1",
				"magnitude":"22.900097",
				"u_time":"MJD",
				"upperlimit":true,
				"source":"4"
			},
			{
				"time":"55230.374",
				"band":"g",
				"hostnhcorr":true,
				"instrument":"Pan-STARRS1",
				"magnitude":"22.488767",
				"u_time":"MJD",
				"upperlimit":true,
				"source":"4"
			},
			{
				"time":"55230.388",
				"band":"r",
				"hostnhcorr":true,
				"instrument":"Pan-STARRS1",
				"magnitude":"22.361917",
				"u_time":"MJD",
				"upperlimit":true,
				"source":"4"
			},
			{
				"time":"55231.382",
				"band":"i",
				"hostnhcorr":true,
				"instrument":"Pan-STARRS1",
				"magnitude":"23.362646",
				"u_time":"MJD",
				"upperlimit":true,
				"source":"4"
			},
			{
				"time":"55232.499",
				"band":"z",
				"hostnhcorr":true,
				"instrument":"Pan-STARRS1",
				"magnitude":"22.916632",
				"u_time":"MJD",
				"upperlimit":true,
				"source":"4"
			},
			{
				"time":"55233.454",
				"band":"g",
				"hostnhcorr":true,
				"instrument":"Pan-STARRS1",
				"magnitude":"23.535142",
				"u_time":"MJD",
				"upperlimit":true,
				"source":"4"
			},
			{
				"time":"55233.470",
				"band":"r",
				"hostnhcorr":true,
				"instrument":"Pan-STARRS1",
				"magnitude":"23.521621",
				"u_time":"MJD",
				"upperlimit":true,
				"source":"4"
			},
			{
				"time":"55234.500",
				"band":"i",
				"hostnhcorr":true,
				"instrument":"Pan-STARRS1",
				"magnitude":"23.321018",
				"u_time":"MJD",
				"upperlimit":true,
				"source":"4"
			},
			{
				"time":"55235.454",
				"band":"z",
				"hostnhcorr":true,
				"instrument":"Pan-STARRS1",
				"magnitude":"23.249027",
				"u_time":"MJD",
				"upperlimit":true,
				"source":"4"
			},
			{
				"time":"55236.475",
				"band":"g",
				"hostnhcorr":true,
				"instrument":"Pan-STARRS1",
				"magnitude":"23.80583",
				"u_time":"MJD",
				"upperlimit":true,
				"source":"4"
			},
			{
				"time":"55236.490",
				"band":"r",
				"hostnhcorr":true,
				"instrument":"Pan-STARRS1",
				"magnitude":"23.815718",
				"u_time":"MJD",
				"upperlimit":true,
				"source":"4"
			},
			{
				"time":"55237.491",
				"band":"i",
				"hostnhcorr":true,
				"instrument":"Pan-STARRS1",
				"magnitude":"23.402267",
				"u_time":"MJD",
				"upperlimit":true,
				"source":"4"
			},
			{
				"time":"55238.467",
				"band":"z",
				"hostnhcorr":true,
				"instrument":"Pan-STARRS1",
				"magnitude":"23.78788",
				"u_time":"MJD",
				"upperlimit":true,
				"source":"4"
			},
			{
				"time":"55239.480",
				"band":"g",
				"hostnhcorr":true,
				"instrument":"Pan-STARRS1",
				"magnitude":"23.76285",
				"u_time":"MJD",
				"upperlimit":true,
				"source":"4"
			},
			{
				"time":"55239.495",
				"band":"r",
				"hostnhcorr":true,
				"instrument":"Pan-STARRS1",
				"magnitude":"23.96523",
				"u_time":"MJD",
				"upperlimit":true,
				"source":"4"
			},
			{
				"time":"55240.468",
				"band":"i",
				"hostnhcorr":true,
				"instrument":"Pan-STARRS1",
				"magnitude":"23.321899",
				"u_time":"MJD",
				"upperlimit":true,
				"source":"4"
			},
			{
				"time":"55241.390",
				"band":"z",
				"hostnhcorr":true,
				"instrument":"Pan-STARRS1",
				"magnitude":"23.391227",
				"u_time":"MJD",
				"upperlimit":true,
				"source":"4"
			},
			{
				"time":"55242.441",
				"band":"r",
				"hostnhcorr":true,
				"instrument":"Pan-STARRS1",
				"magnitude":"23.856252",
				"u_time":"MJD",
				"upperlimit":true,
				"source":"4"
			},
			{
				"time":"55243.328",
				"band":"i",
				"hostnhcorr":true,
				"instrument":"Pan-STARRS1",
				"magnitude":"23.389629",
				"u_time":"MJD",
				"upperlimit":true,
				"source":"4"
			},
			{
				"time":"55246.316",
				"band":"i",
				"hostnhcorr":true,
				"instrument":"Pan-STARRS1",
				"magnitude":"23.195985",
				"u_time":"MJD",
				"upperlimit":true,
				"source":"4"
			},
			{
				"time":"55248.424",
				"band":"g",
				"hostnhcorr":true,
				"instrument":"Pan-STARRS1",
				"magnitude":"23.715309",
				"u_time":"MJD",
				"upperlimit":true,
				"source":"4"
			},
			{
				"time":"55248.438",
				"band":"r",
				"hostnhcorr":true,
				"instrument":"Pan-STARRS1",
				"magnitude":"24.122045",
				"u_time":"MJD",
				"upperlimit":true,
				"source":"4"
			},
			{
				"time":"55249.480",
				"band":"i",
				"hostnhcorr":true,
				"instrument":"Pan-STARRS1",
				"magnitude":"23.529979",
				"u_time":"MJD",
				"upperlimit":true,
				"source":"4"
			},
			{
				"time":"55250.489",
				"band":"z",
				"hostnhcorr":true,
				"instrument":"Pan-STARRS1",
				"magnitude":"22.946727",
				"u_time":"MJD",
				"upperlimit":true,
				"source":"4"
			},
			{
				"time":"55259.331",
				"band":"z",
				"hostnhcorr":true,
				"instrument":"Pan-STARRS1",
				"magnitude":"23.362303",
				"u_time":"MJD",
				"upperlimit":true,
				"source":"4"
			},
			{
				"time":"55264.473",
				"band":"i",
				"hostnhcorr":true,
				"instrument":"Pan-STARRS1",
				"magnitude":"22.775299",
				"u_time":"MJD",
				"upperlimit":true,
				"source":"4"
			},
			{
				"time":"55267.406",
				"band":"i",
				"hostnhcorr":true,
				"instrument":"Pan-STARRS1",
				"magnitude":"23.391055",
				"u_time":"MJD",
				"upperlimit":true,
				"source":"4"
			},
			{
				"time":"55275.395",
				"band":"g",
				"hostnhcorr":true,
				"instrument":"Pan-STARRS1",
				"magnitude":"23.653158",
				"u_time":"MJD",
				"upperlimit":true,
				"source":"4"
			},
			{
				"time":"55275.410",
				"band":"r",
				"hostnhcorr":true,
				"instrument":"Pan-STARRS1",
				"magnitude":"23.909705",
				"u_time":"MJD",
				"upperlimit":true,
				"source":"4"
			},
			{
				"time":"55288.389",
				"band":"i",
				"hostnhcorr":true,
				"instrument":"Pan-STARRS1",
				"magnitude":"22.915603",
				"u_time":"MJD",
				"upperlimit":true,
				"source":"4"
			},
			{
				"time":"55289.294",
				"band":"z",
				"hostnhcorr":true,
				"instrument":"Pan-STARRS1",
				"magnitude":"23.340787",
				"u_time":"MJD",
				"upperlimit":true,
				"source":"4"
			},
			{
				"time":"55290.382",
				"band":"g",
				"hostnhcorr":true,
				"instrument":"Pan-STARRS1",
				"magnitude":"22.34601",
				"u_time":"MJD",
				"upperlimit":true,
				"source":"4"
			},
			{
				"time":"55290.401",
				"band":"r",
				"hostnhcorr":true,
				"instrument":"Pan-STARRS1",
				"magnitude":"22.356456",
				"u_time":"MJD",
				"upperlimit":true,
				"source":"4"
			},
			{
				"time":"55298.338",
				"band":"z",
				"hostnhcorr":true,
				"instrument":"Pan-STARRS1",
				"magnitude":"23.261623",
				"u_time":"MJD",
				"upperlimit":true,
				"source":"4"
			},
			{
				"time":"55302.351",
				"band":"g",
				"hostnhcorr":true,
				"instrument":"Pan-STARRS1",
				"magnitude":"22.711606",
				"u_time":"MJD",
				"upperlimit":true,
				"source":"4"
			},
			{
				"time":"55303.336",
				"band":"i",
				"hostnhcorr":true,
				"instrument":"Pan-STARRS1",
				"magnitude":"23.32822",
				"u_time":"MJD",
				"upperlimit":true,
				"source":"4"
			},
			{
				"time":"55304.263",
				"band":"z",
				"hostnhcorr":true,
				"instrument":"Pan-STARRS1",
				"magnitude":"23.456727",
				"u_time":"MJD",
				"upperlimit":true,
				"source":"4"
			},
			{
				"time":"55305.275",
				"band":"g",
				"hostnhcorr":true,
				"instrument":"Pan-STARRS1",
				"magnitude":"23.08994",
				"u_time":"MJD",
				"upperlimit":true,
				"source":"4"
			},
			{
				"time":"55305.290",
				"band":"r",
				"hostnhcorr":true,
				"instrument":"Pan-STARRS1",
				"magnitude":"23.38684",
				"u_time":"MJD",
				"upperlimit":true,
				"source":"4"
			},
			{
				"time":"55306.249",
				"band":"i",
				"hostnhcorr":true,
				"instrument":"Pan-STARRS1",
				"magnitude":"23.153433",
				"u_time":"MJD",
				"upperlimit":true,
				"source":"4"
			},
			{
				"time":"55320.321",
				"band":"g",
				"hostnhcorr":true,
				"instrument":"Pan-STARRS1",
				"magnitude":"23.95702",
				"u_time":"MJD",
				"upperlimit":true,
				"source":"4"
			},
			{
				"time":"55321.275",
				"band":"i",
				"hostnhcorr":true,
				"instrument":"Pan-STARRS1",
				"magnitude":"23.235188",
				"u_time":"MJD",
				"upperlimit":true,
				"source":"4"
			},
			{
				"time":"55545.514",
				"band":"g",
				"hostnhcorr":true,
				"instrument":"Pan-STARRS1",
				"magnitude":"23.827172",
				"u_time":"MJD",
				"upperlimit":true,
				"source":"4"
			},
			{
				"time":"55545.527",
				"band":"r",
				"hostnhcorr":true,
				"instrument":"Pan-STARRS1",
				"magnitude":"24.043085",
				"u_time":"MJD",
				"upperlimit":true,
				"source":"4"
			},
			{
				"time":"55546.549",
				"band":"i",
				"hostnhcorr":true,
				"instrument":"Pan-STARRS1",
				"magnitude":"23.469811",
				"u_time":"MJD",
				"upperlimit":true,
				"source":"4"
			},
			{
				"time":"55560.570",
				"band":"g",
				"e_magnitude":"0.25660221",
				"hostnhcorr":true,
				"instrument":"Pan-STARRS1",
				"magnitude":"22.646772",
				"u_time":"MJD",
				"source":"4"
			},
			{
				"time":"55560.585",
				"band":"r",
				"e_magnitude":"0.31897797",
				"hostnhcorr":true,
				"instrument":"Pan-STARRS1",
				"magnitude":"23.385681",
				"u_time":"MJD",
				"source":"4"
			},
			{
				"time":"55561.578",
				"band":"i",
				"e_magnitude":"0.19476234",
				"hostnhcorr":true,
				"instrument":"Pan-STARRS1",
				"magnitude":"22.881768",
				"u_time":"MJD",
				"source":"4"
			},
			{
				"time":"55563.587",
				"band":"g",
				"e_magnitude":"0.17849122",
				"hostnhcorr":true,
				"instrument":"Pan-STARRS1",
				"magnitude":"22.226311",
				"u_time":"MJD",
				"source":"4"
			},
			{
				"time":"55563.599",
				"band":"r",
				"e_magnitude":"0.25020703",
				"hostnhcorr":true,
				"instrument":"Pan-STARRS1",
				"magnitude":"22.966788",
				"u_time":"MJD",
				"source":"4"
			},
			{
				"time":"55566.621",
				"band":"g",
				"e_magnitude":"0.078950334",
				"hostnhcorr":true,
				"instrument":"Pan-STARRS1",
				"magnitude":"21.654033",
				"u_time":"MJD",
				"source":"4"
			},
			{
				"time":"55566.633",
				"band":"r",
				"e_magnitude":"0.073312187",
				"hostnhcorr":true,
				"instrument":"Pan-STARRS1",
				"magnitude":"22.010214",
				"u_time":"MJD",
				"source":"4"
			},
			{
				"time":"55567.534",
				"band":"i",
				"e_magnitude":"0.12870956",
				"hostnhcorr":true,
				"instrument":"Pan-STARRS1",
				"magnitude":"22.312573",
				"u_time":"MJD",
				"source":"4"
			},
			{
				"time":"55570.599",
				"band":"i",
				"e_magnitude":"0.10124074",
				"hostnhcorr":true,
				"instrument":"Pan-STARRS1",
				"magnitude":"21.872587",
				"u_time":"MJD",
				"source":"4"
			},
			{
				"time":"55571.550",
				"band":"z",
				"e_magnitude":"0.29693724",
				"hostnhcorr":true,
				"instrument":"Pan-STARRS1",
				"magnitude":"21.951953",
				"u_time":"MJD",
				"source":"4"
			},
			{
				"time":"55572.540",
				"band":"g",
				"e_magnitude":"0.10094203",
				"hostnhcorr":true,
				"instrument":"Pan-STARRS1",
				"magnitude":"21.519114",
				"u_time":"MJD",
				"source":"4"
			},
			{
				"time":"55572.553",
				"band":"r",
				"e_magnitude":"0.10323737",
				"hostnhcorr":true,
				"instrument":"Pan-STARRS1",
				"magnitude":"21.824077",
				"u_time":"MJD",
				"source":"4"
			},
			{
				"time":"55574.259",
				"band":"r",
				"e_magnitude":"0.03",
				"hostnhcorr":true,
				"instrument":"Pan-STARRS1",
				"magnitude":"21.551",
				"u_time":"MJD",
				"source":"4"
			},
			{
				"time":"55576.580",
				"band":"i",
				"e_magnitude":"0.078627173",
				"hostnhcorr":true,
				"instrument":"Pan-STARRS1",
				"magnitude":"21.777986",
				"u_time":"MJD",
				"source":"4"
			},
			{
				"time":"55577.583",
				"band":"z",
				"e_magnitude":"0.12310507",
				"hostnhcorr":true,
				"instrument":"Pan-STARRS1",
				"magnitude":"21.728415",
				"u_time":"MJD",
				"source":"4"
			},
			{
				"time":"55586.587",
				"band":"z",
				"e_magnitude":"0.11060489",
				"hostnhcorr":true,
				"instrument":"Pan-STARRS1",
				"magnitude":"22.075904",
				"u_time":"MJD",
				"source":"4"
			},
			{
				"time":"55587.591",
				"band":"g",
				"e_magnitude":"0.10420332",
				"hostnhcorr":true,
				"instrument":"Pan-STARRS1",
				"magnitude":"21.547026",
				"u_time":"MJD",
				"source":"4"
			},
			{
				"time":"55587.598",
				"band":"r",
				"e_magnitude":"0.088991807",
				"hostnhcorr":true,
				"instrument":"Pan-STARRS1",
				"magnitude":"21.531757",
				"u_time":"MJD",
				"source":"4"
			},
			{
				"time":"55588.611",
				"band":"i",
				"e_magnitude":"0.09055985",
				"hostnhcorr":true,
				"instrument":"Pan-STARRS1",
				"magnitude":"21.857163",
				"u_time":"MJD",
				"source":"4"
			},
			{
				"time":"55589.588",
				"band":"z",
				"e_magnitude":"0.14424076",
				"hostnhcorr":true,
				"instrument":"Pan-STARRS1",
				"magnitude":"21.940687",
				"u_time":"MJD",
				"source":"4"
			},
			{
				"time":"55590.487",
				"band":"g",
				"e_magnitude":"0.042330222",
				"hostnhcorr":true,
				"instrument":"Pan-STARRS1",
				"magnitude":"21.35349",
				"u_time":"MJD",
				"source":"4"
			},
			{
				"time":"55590.500",
				"band":"r",
				"e_magnitude":"0.049838252",
				"hostnhcorr":true,
				"instrument":"Pan-STARRS1",
				"magnitude":"21.621996",
				"u_time":"MJD",
				"source":"4"
			},
			{
				"time":"55592.500",
				"band":"NUV",
				"e_magnitude":"0.13",
				"hostnhcorr":true,
				"instrument":"GALEX",
				"magnitude":"21.5469",
				"u_time":"MJD",
				"source":"4"
			},
			{
				"time":"55592.558",
				"band":"z",
				"e_magnitude":"0.066932617",
				"hostnhcorr":true,
				"instrument":"Pan-STARRS1",
				"magnitude":"21.886297",
				"u_time":"MJD",
				"source":"4"
			},
			{
				"time":"55593.480",
				"band":"g",
				"e_magnitude":"0.033835618",
				"hostnhcorr":true,
				"instrument":"Pan-STARRS1",
				"magnitude":"21.429723",
				"u_time":"MJD",
				"source":"4"
			},
			{
				"time":"55593.493",
				"band":"r",
				"e_magnitude":"0.054639684",
				"hostnhcorr":true,
				"instrument":"Pan-STARRS1",
				"magnitude":"21.765362",
				"u_time":"MJD",
				"source":"4"
			},
			{
				"time":"55594.300",
				"band":"NUV",
				"e_magnitude":"0.26",
				"hostnhcorr":true,
				"instrument":"GALEX",
				"magnitude":"22.0669",
				"u_time":"MJD",
				"source":"4"
			},
			{
				"time":"55594.480",
				"band":"i",
				"e_magnitude":"0.12020562",
				"hostnhcorr":true,
				"instrument":"Pan-STARRS1",
				"magnitude":"22.043955",
				"u_time":"MJD",
				"source":"4"
			},
			{
				"time":"55595.460",
				"band":"z",
				"e_magnitude":"0.078386221",
				"hostnhcorr":true,
				"instrument":"Pan-STARRS1",
				"magnitude":"21.862278",
				"u_time":"MJD",
				"source":"4"
			},
			{
				"time":"55596.361",
				"band":"g",
				"e_magnitude":"0.064454105",
				"hostnhcorr":true,
				"instrument":"Pan-STARRS1",
				"magnitude":"21.598002",
				"u_time":"MJD",
				"source":"4"
			},
			{
				"time":"55596.375",
				"band":"r",
				"e_magnitude":"0.057276917",
				"hostnhcorr":true,
				"instrument":"Pan-STARRS1",
				"magnitude":"21.621064",
				"u_time":"MJD",
				"source":"4"
			},
			{
				"time":"55596.800",
				"band":"NUV",
				"e_magnitude":"0.17",
				"hostnhcorr":true,
				"instrument":"GALEX",
				"magnitude":"21.5869",
				"u_time":"MJD",
				"source":"4"
			},
			{
				"time":"55597.408",
				"band":"i",
				"e_magnitude":"0.089209721",
				"hostnhcorr":true,
				"instrument":"Pan-STARRS1",
				"magnitude":"21.956236",
				"u_time":"MJD",
				"source":"4"
			},
			{
				"time":"55598.700",
				"band":"NUV",
				"e_magnitude":"0.2",
				"hostnhcorr":true,
				"instrument":"GALEX",
				"magnitude":"21.8869",
				"u_time":"MJD",
				"source":"4"
			},
			{
				"time":"55600.600",
				"band":"NUV",
				"e_magnitude":"0.17",
				"hostnhcorr":true,
				"instrument":"GALEX",
				"magnitude":"21.8669",
				"u_time":"MJD",
				"source":"4"
			},
			{
				"time":"55602.388",
				"band":"g",
				"e_magnitude":"0.14694459",
				"hostnhcorr":true,
				"instrument":"Pan-STARRS1",
				"magnitude":"21.422154",
				"u_time":"MJD",
				"source":"4"
			},
			{
				"time":"55602.401",
				"band":"r",
				"e_magnitude":"0.21883112",
				"hostnhcorr":true,
				"instrument":"Pan-STARRS1",
				"magnitude":"21.949278",
				"u_time":"MJD",
				"source":"4"
			},
			{
				"time":"55602.500",
				"band":"NUV",
				"e_magnitude":"0.2",
				"hostnhcorr":true,
				"instrument":"GALEX",
				"magnitude":"22.1569",
				"u_time":"MJD",
				"source":"4"
			},
			{
				"time":"55604.400",
				"band":"NUV",
				"e_magnitude":"0.18",
				"hostnhcorr":true,
				"instrument":"GALEX",
				"magnitude":"22.0369",
				"u_time":"MJD",
				"source":"4"
			},
			{
				"time":"55606.400",
				"band":"NUV",
				"e_magnitude":"0.15",
				"hostnhcorr":true,
				"instrument":"GALEX",
				"magnitude":"21.8069",
				"u_time":"MJD",
				"source":"4"
			},
			{
				"time":"55608.200",
				"band":"NUV",
				"e_magnitude":"0.22",
				"hostnhcorr":true,
				"instrument":"GALEX",
				"magnitude":"22.2069",
				"u_time":"MJD",
				"source":"4"
			},
			{
				"time":"55614.341",
				"band":"g",
				"e_magnitude":"0.092649731",
				"hostnhcorr":true,
				"instrument":"Pan-STARRS1",
				"magnitude":"21.802878",
				"u_time":"MJD",
				"source":"4"
			},
			{
				"time":"55615.531",
				"band":"i",
				"hostnhcorr":true,
				"instrument":"Pan-STARRS1",
				"magnitude":"22.225302",
				"u_time":"MJD",
				"upperlimit":true,
				"source":"4"
			},
			{
				"time":"55627.141",
				"band":"r",
				"e_magnitude":"0.07",
				"hostnhcorr":true,
				"instrument":"Pan-STARRS1",
				"magnitude":"22.601",
				"u_time":"MJD",
				"source":"4"
			},
			{
				"time":"55629.312",
				"band":"g",
				"e_magnitude":"0.090870501",
				"hostnhcorr":true,
				"instrument":"Pan-STARRS1",
				"magnitude":"22.131004",
				"u_time":"MJD",
				"source":"4"
			},
			{
				"time":"55629.325",
				"band":"r",
				"e_magnitude":"0.093593327",
				"hostnhcorr":true,
				"instrument":"Pan-STARRS1",
				"magnitude":"22.479615",
				"u_time":"MJD",
				"source":"4"
			},
			{
				"time":"55631.282",
				"band":"z",
				"e_magnitude":"0.21604273",
				"hostnhcorr":true,
				"instrument":"Pan-STARRS1",
				"magnitude":"22.534535",
				"u_time":"MJD",
				"source":"4"
			},
			{
				"time":"55632.284",
				"band":"g",
				"e_magnitude":"0.14758504",
				"hostnhcorr":true,
				"instrument":"Pan-STARRS1",
				"magnitude":"22.57272",
				"u_time":"MJD",
				"source":"4"
			},
			{
				"time":"55632.296",
				"band":"r",
				"e_magnitude":"0.13925479",
				"hostnhcorr":true,
				"instrument":"Pan-STARRS1",
				"magnitude":"22.707214",
				"u_time":"MJD",
				"source":"4"
			},
			{
				"time":"55634.295",
				"band":"z",
				"e_magnitude":"0.12983952",
				"hostnhcorr":true,
				"instrument":"Pan-STARRS1",
				"magnitude":"22.78842",
				"u_time":"MJD",
				"source":"4"
			},
			{
				"time":"55635.304",
				"band":"g",
				"e_magnitude":"0.1533787",
				"hostnhcorr":true,
				"instrument":"Pan-STARRS1",
				"magnitude":"22.35554",
				"u_time":"MJD",
				"source":"4"
			},
			{
				"time":"55635.317",
				"band":"r",
				"e_magnitude":"0.1136435",
				"hostnhcorr":true,
				"instrument":"Pan-STARRS1",
				"magnitude":"22.710626",
				"u_time":"MJD",
				"source":"4"
			},
			{
				"time":"55644.391",
				"band":"r",
				"e_magnitude":"0.29715854",
				"hostnhcorr":true,
				"instrument":"Pan-STARRS1",
				"magnitude":"22.21099",
				"u_time":"MJD",
				"source":"4"
			},
			{
				"time":"55645.322",
				"band":"i",
				"e_magnitude":"0.24867214",
				"hostnhcorr":true,
				"instrument":"Pan-STARRS1",
				"magnitude":"23.023148",
				"u_time":"MJD",
				"source":"4"
			},
			{
				"time":"55646.291",
				"band":"z",
				"e_magnitude":"0.18716122",
				"hostnhcorr":true,
				"instrument":"Pan-STARRS1",
				"magnitude":"22.883533",
				"u_time":"MJD",
				"source":"4"
			},
			{
				"time":"55649.381",
				"band":"z",
				"hostnhcorr":true,
				"instrument":"Pan-STARRS1",
				"magnitude":"23.115671",
				"u_time":"MJD",
				"upperlimit":true,
				"source":"4"
			},
			{
				"time":"55650.422",
				"band":"g",
				"e_magnitude":"0.12843707",
				"hostnhcorr":true,
				"instrument":"Pan-STARRS1",
				"magnitude":"22.577732",
				"u_time":"MJD",
				"source":"4"
			},
			{
				"time":"55650.435",
				"band":"r",
				"e_magnitude":"0.13487364",
				"hostnhcorr":true,
				"instrument":"Pan-STARRS1",
				"magnitude":"22.682134",
				"u_time":"MJD",
				"source":"4"
			},
			{
				"time":"55651.432",
				"band":"i",
				"e_magnitude":"0.19446876",
				"hostnhcorr":true,
				"instrument":"Pan-STARRS1",
				"magnitude":"22.78252",
				"u_time":"MJD",
				"source":"4"
			},
			{
				"time":"55652.442",
				"band":"z",
				"hostnhcorr":true,
				"instrument":"Pan-STARRS1",
				"magnitude":"22.756216",
				"u_time":"MJD",
				"upperlimit":true,
				"source":"4"
			},
			{
				"time":"55653.408",
				"band":"g",
				"e_magnitude":"0.19532644",
				"hostnhcorr":true,
				"instrument":"Pan-STARRS1",
				"magnitude":"22.926125",
				"u_time":"MJD",
				"source":"4"
			},
			{
				"time":"55653.421",
				"band":"r",
				"e_magnitude":"0.20604857",
				"hostnhcorr":true,
				"instrument":"Pan-STARRS1",
				"magnitude":"22.942372",
				"u_time":"MJD",
				"source":"4"
			},
			{
				"time":"55654.304",
				"band":"i",
				"e_magnitude":"0.26801249",
				"hostnhcorr":true,
				"instrument":"Pan-STARRS1",
				"magnitude":"23.133431",
				"u_time":"MJD",
				"source":"4"
			},
			{
				"time":"55662.300",
				"band":"g",
				"e_magnitude":"0.22851464",
				"hostnhcorr":true,
				"instrument":"Pan-STARRS1",
				"magnitude":"22.739309",
				"u_time":"MJD",
				"source":"4"
			},
			{
				"time":"55662.313",
				"band":"r",
				"e_magnitude":"0.14908542",
				"hostnhcorr":true,
				"instrument":"Pan-STARRS1",
				"magnitude":"22.664692",
				"u_time":"MJD",
				"source":"4"
			},
			{
				"time":"55672.296",
				"band":"i",
				"e_magnitude":"0.28524755",
				"hostnhcorr":true,
				"instrument":"Pan-STARRS1",
				"magnitude":"23.318858",
				"u_time":"MJD",
				"source":"4"
			},
			{
				"time":"55673.293",
				"band":"z",
				"e_magnitude":"0.29200494",
				"hostnhcorr":true,
				"instrument":"Pan-STARRS1",
				"magnitude":"23.184908",
				"u_time":"MJD",
				"source":"4"
			},
			{
				"time":"55674.287",
				"band":"g",
				"e_magnitude":"0.091443748",
				"hostnhcorr":true,
				"instrument":"Pan-STARRS1",
				"magnitude":"22.757994",
				"u_time":"MJD",
				"source":"4"
			},
			{
				"time":"55674.299",
				"band":"r",
				"e_magnitude":"0.10244962",
				"hostnhcorr":true,
				"instrument":"Pan-STARRS1",
				"magnitude":"22.829419",
				"u_time":"MJD",
				"source":"4"
			},
			{
				"time":"55675.302",
				"band":"i",
				"e_magnitude":"0.29300838",
				"hostnhcorr":true,
				"instrument":"Pan-STARRS1",
				"magnitude":"23.281587",
				"u_time":"MJD",
				"source":"4"
			},
			{
				"time":"55676.314",
				"band":"z",
				"hostnhcorr":true,
				"instrument":"Pan-STARRS1",
				"magnitude":"22.542058",
				"u_time":"MJD",
				"upperlimit":true,
				"source":"4"
			},
			{
				"time":"55677.288",
				"band":"g",
				"e_magnitude":"0.14950031",
				"hostnhcorr":true,
				"instrument":"Pan-STARRS1",
				"magnitude":"22.718548",
				"u_time":"MJD",
				"source":"4"
			},
			{
				"time":"55677.300",
				"band":"r",
				"e_magnitude":"0.18278718",
				"hostnhcorr":true,
				"instrument":"Pan-STARRS1",
				"magnitude":"23.165623",
				"u_time":"MJD",
				"source":"4"
			},
			{
				"time":"55680.316",
				"band":"g",
				"e_magnitude":"0.16812544",
				"hostnhcorr":true,
				"instrument":"Pan-STARRS1",
				"magnitude":"22.941849",
				"u_time":"MJD",
				"source":"4"
			},
			{
				"time":"55680.339",
				"band":"r",
				"e_magnitude":"0.28231617",
				"hostnhcorr":true,
				"instrument":"Pan-STARRS1",
				"magnitude":"23.13354",
				"u_time":"MJD",
				"source":"4"
			},
			{
				"time":"55681.327",
				"band":"i",
				"e_magnitude":"0.23438443",
				"hostnhcorr":true,
				"instrument":"Pan-STARRS1",
				"magnitude":"23.060578",
				"u_time":"MJD",
				"source":"4"
			},
			{
				"time":"55716.754",
				"band":"g",
				"e_magnitude":"0.06",
				"hostnhcorr":true,
				"instrument":"Pan-STARRS1",
				"magnitude":"23.354",
				"u_time":"MJD",
				"source":"4"
			},
			{
				"time":"55716.754",
				"band":"i",
				"hostnhcorr":true,
				"instrument":"Pan-STARRS1",
				"magnitude":"22.649",
				"u_time":"MJD",
				"upperlimit":true,
				"source":"4"
			},
			{
				"time":"55716.754",
				"band":"r",
				"e_magnitude":"0.1",
				"hostnhcorr":true,
				"instrument":"Pan-STARRS1",
				"magnitude":"23.151",
				"u_time":"MJD",
				"source":"4"
			},
			{
				"time":"55716.754",
				"band":"z",
				"hostnhcorr":true,
				"instrument":"Pan-STARRS1",
				"magnitude":"22.66",
				"u_time":"MJD",
				"upperlimit":true,
				"source":"4"
			}
		]
	}
}