{
	"PS1-11af": {
		"ebv": [
				{
					"e_value": "0.0011", 
					"derived": true, 
					"value": "0.0259", 
					"source": "5,6"
				}
		], 
		"redshift": [
				{
					"source": "1,4", 
					"value": "0.4046"
				}
		], 
		"claimedtype": [
				{
					"source": "4", 
					"value": "MS + SMBH"
				}
		], 
		"maxvisualdate": [
				{
					"source": "4,6", 
					"derived": true, 
					"value": "2011/01/29"
				}
		], 
		"sources": [
				{
					"alias": "1", 
					"bibcode": "2017ApJ...838..149A", 
					"name": "2017ApJ...838..149A", 
					"reference": "Auchettl, Guillochon, & Ramirez-Ruiz (2017)"
				}, 
				{
					"alias": "2", 
					"bibcode": "2016A&A...594A..13P", 
					"name": "2016A&A...594A..13P", 
					"reference": "Planck Collaboration et al. (2016)"
				}, 
				{
					"alias": "3", 
					"bibcode": "2014ApJ...780...44C", 
					"name": "2014ApJ...780...44C", 
					"reference": "Chornock et al. (2014)"
				}, 
				{
					"alias": "4", 
					"bibcode": "2013arXiv1309.3009C", 
					"name": "2013arXiv1309.3009C", 
					"reference": "Chornock et al. (2013)"
				}, 
				{
					"alias": "5", 
					"bibcode": "2011ApJ...737..103S", 
					"name": "2011ApJ...737..103S", 
					"reference": "Schlafly & Finkbeiner (2011)"
				}, 
				{
					"bibcode": "2017ApJ...835...64G", 
					"name": "The Open TDE Catalog", 
					"reference": "Guillochon et al. (2017)", 
					"url": "https://tde.space", 
					"alias": "6", 
					"secondary": true
				}, 
				{
					"bibcode": "2000A&AS..143....9W", 
					"name": "SIMBAD astronomical database", 
					"reference": "Wenger et al. (2000)", 
					"url": "http://simbad.u-strasbg.fr/", 
					"alias": "7", 
					"secondary": true
				}
		], 
		"maxabsmag": [
				{
					"source": "1,2,4,6", 
					"derived": true, 
					"value": "-20.061"
				}
		], 
		"hostdec": [
				{
					"source": "1", 
					"u_value": "degrees", 
					"value": "+03:14:00.94"
				}
		], 
		"comovingdist": [
				{
					"u_value": "Mpc", 
					"derived": true, 
					"value": "1616", 
					"source": "1,2,4,6"
				}
		], 
		"maxappmag": [
				{
					"source": "4,6", 
					"derived": true, 
					"value": "21.35"
				}
		], 
		"maxdate": [
				{
					"source": "4,6", 
					"derived": true, 
					"value": "2011/01/29"
				}
		], 
		"maxvisualband": [
				{
					"source": "4,6", 
					"derived": true, 
					"value": "g"
				}
		], 
		"citations": [
				{
					"source": "4", 
					"value": "<a href='http://adsabs.harvard.edu/abs/2013arXiv1309.3009C'>Chornock et al. 2013</a>*&Dagger;"
				}
		], 
		"ra": [
				{
					"source": "1", 
					"u_value": "hours", 
					"value": "09:57:26.82"
				}, 
				{
					"source": "3,7", 
					"u_value": "hours", 
					"value": "09:57:26.815"
				}
		], 
		"maxvisualappmag": [
				{
					"source": "4,6", 
					"derived": true, 
					"value": "21.35"
				}
		], 
		"schema": "https://github.com/astrocatalogs/tidaldisruptions/blob/f405406/SCHEMA.md", 
		"hostra": [
				{
					"source": "1", 
					"u_value": "hours", 
					"value": "09:57:26.82"
				}
		], 
		"lumdist": [
				{
					"u_value": "Mpc", 
					"derived": true, 
					"value": "2269", 
					"source": "1,2,4,6"
				}
		], 
		"maxband": [
				{
					"source": "4,6", 
					"derived": true, 
					"value": "g"
				}
		], 
		"host": [
				{
					"source": "1,4", 
					"value": "SDSS J095726.82+031400.9"
				}
		], 
		"discoverdate": [
				{
					"source": "4,6", 
					"derived": true, 
					"value": "2010/12/30"
				}
		], 
		"photometry": [
				{
					"u_energy": "keV", 
					"telescope": "ROSAT", 
					"instrument": "PSPC", 
					"source": "1", 
					"luminosity": "3.49E+43", 
					"energy": [
						"0.3", 
						"2.0"
					], 
					"u_countrate": "s^-1", 
					"photonindex": "4.5", 
					"countrate": "0.028", 
					"flux": "5.09E-14", 
					"nhmw": "0.0213", 
					"u_flux": "ergs/cm^2/s", 
					"u_time": "MJD", 
					"time": [
						"48200", 
						"48200.005"
					], 
					"upperlimit": true
				}, 
				{
					"u_energy": "keV", 
					"telescope": "XMM", 
					"instrument": "PN", 
					"source": "1", 
					"luminosity": "1.02E+45", 
					"energy": [
						"0.3", 
						"2.0"
					], 
					"u_countrate": "s^-1", 
					"photonindex": "4.5", 
					"countrate": "0.358", 
					"flux": "1.48E-12", 
					"nhmw": "0.0213", 
					"u_flux": "ergs/cm^2/s", 
					"u_time": "MJD", 
					"time": [
						"52611.1", 
						"52611.100"
					], 
					"upperlimit": true
				}, 
				{
					"u_energy": "keV", 
					"telescope": "XMM", 
					"instrument": "PN", 
					"source": "1", 
					"luminosity": "3.38E+45", 
					"energy": [
						"0.3", 
						"2.0"
					], 
					"u_countrate": "s^-1", 
					"photonindex": "4.5", 
					"countrate": "1.19", 
					"flux": "4.93E-12", 
					"nhmw": "0.0213", 
					"u_flux": "ergs/cm^2/s", 
					"u_time": "MJD", 
					"time": [
						"55151.6", 
						"55151.600"
					], 
					"upperlimit": true
				}, 
				{
					"instrument": "Pan-STARRS1", 
					"source": "4", 
					"hostnhcorr": true, 
					"band": "z", 
					"magnitude": "23.526678", 
					"u_time": "MJD", 
					"time": "55163.576", 
					"upperlimit": true
				}, 
				{
					"instrument": "Pan-STARRS1", 
					"source": "4", 
					"hostnhcorr": true, 
					"band": "r", 
					"magnitude": "23.972723", 
					"u_time": "MJD", 
					"time": "55176.635", 
					"upperlimit": true
				}, 
				{
					"instrument": "Pan-STARRS1", 
					"source": "4", 
					"hostnhcorr": true, 
					"band": "g", 
					"magnitude": "24.078169", 
					"u_time": "MJD", 
					"time": "55176.643", 
					"upperlimit": true
				}, 
				{
					"instrument": "Pan-STARRS1", 
					"source": "4", 
					"hostnhcorr": true, 
					"band": "g", 
					"magnitude": "24.278011", 
					"u_time": "MJD", 
					"time": "55179.605", 
					"upperlimit": true
				}, 
				{
					"instrument": "Pan-STARRS1", 
					"source": "4", 
					"hostnhcorr": true, 
					"band": "r", 
					"magnitude": "24.582294", 
					"u_time": "MJD", 
					"time": "55179.617", 
					"upperlimit": true
				}, 
				{
					"instrument": "Pan-STARRS1", 
					"source": "4", 
					"hostnhcorr": true, 
					"band": "i", 
					"magnitude": "23.62066", 
					"u_time": "MJD", 
					"time": "55180.644", 
					"upperlimit": true
				}, 
				{
					"instrument": "Pan-STARRS1", 
					"source": "4", 
					"hostnhcorr": true, 
					"band": "z", 
					"magnitude": "23.960228", 
					"u_time": "MJD", 
					"time": "55181.642", 
					"upperlimit": true
				}, 
				{
					"instrument": "Pan-STARRS1", 
					"source": "4", 
					"hostnhcorr": true, 
					"band": "i", 
					"magnitude": "23.62207", 
					"u_time": "MJD", 
					"time": "55183.572", 
					"upperlimit": true
				}, 
				{
					"instrument": "Pan-STARRS1", 
					"source": "4", 
					"hostnhcorr": true, 
					"band": "g", 
					"magnitude": "23.995859", 
					"u_time": "MJD", 
					"time": "55188.609", 
					"upperlimit": true
				}, 
				{
					"instrument": "Pan-STARRS1", 
					"source": "4", 
					"hostnhcorr": true, 
					"band": "r", 
					"magnitude": "24.078002", 
					"u_time": "MJD", 
					"time": "55188.623", 
					"upperlimit": true
				}, 
				{
					"instrument": "Pan-STARRS1", 
					"source": "4", 
					"hostnhcorr": true, 
					"band": "i", 
					"magnitude": "23.673945", 
					"u_time": "MJD", 
					"time": "55189.607", 
					"upperlimit": true
				}, 
				{
					"instrument": "Pan-STARRS1", 
					"source": "4", 
					"hostnhcorr": true, 
					"band": "g", 
					"magnitude": "24.216851", 
					"u_time": "MJD", 
					"time": "55191.524", 
					"upperlimit": true
				}, 
				{
					"instrument": "Pan-STARRS1", 
					"source": "4", 
					"hostnhcorr": true, 
					"band": "r", 
					"magnitude": "24.23371", 
					"u_time": "MJD", 
					"time": "55191.540", 
					"upperlimit": true
				}, 
				{
					"instrument": "Pan-STARRS1", 
					"source": "4", 
					"hostnhcorr": true, 
					"band": "g", 
					"magnitude": "24.12335", 
					"u_time": "MJD", 
					"time": "55206.564", 
					"upperlimit": true
				}, 
				{
					"instrument": "Pan-STARRS1", 
					"source": "4", 
					"hostnhcorr": true, 
					"band": "r", 
					"magnitude": "24.072479", 
					"u_time": "MJD", 
					"time": "55206.578", 
					"upperlimit": true
				}, 
				{
					"instrument": "Pan-STARRS1", 
					"source": "4", 
					"hostnhcorr": true, 
					"band": "i", 
					"magnitude": "23.684139", 
					"u_time": "MJD", 
					"time": "55207.555", 
					"upperlimit": true
				}, 
				{
					"instrument": "Pan-STARRS1", 
					"source": "4", 
					"hostnhcorr": true, 
					"band": "z", 
					"magnitude": "24.222804", 
					"u_time": "MJD", 
					"time": "55208.553", 
					"upperlimit": true
				}, 
				{
					"instrument": "Pan-STARRS1", 
					"source": "4", 
					"hostnhcorr": true, 
					"band": "i", 
					"magnitude": "23.457678", 
					"u_time": "MJD", 
					"time": "55210.533", 
					"upperlimit": true
				}, 
				{
					"instrument": "Pan-STARRS1", 
					"source": "4", 
					"hostnhcorr": true, 
					"band": "g", 
					"magnitude": "23.502512", 
					"u_time": "MJD", 
					"time": "55212.505", 
					"upperlimit": true
				}, 
				{
					"instrument": "Pan-STARRS1", 
					"source": "4", 
					"hostnhcorr": true, 
					"band": "r", 
					"magnitude": "24.069307", 
					"u_time": "MJD", 
					"time": "55212.538", 
					"upperlimit": true
				}, 
				{
					"instrument": "Pan-STARRS1", 
					"source": "4", 
					"hostnhcorr": true, 
					"band": "i", 
					"magnitude": "23.531302", 
					"u_time": "MJD", 
					"time": "55213.443", 
					"upperlimit": true
				}, 
				{
					"instrument": "Pan-STARRS1", 
					"source": "4", 
					"hostnhcorr": true, 
					"band": "i", 
					"magnitude": "23.637649", 
					"u_time": "MJD", 
					"time": "55213.456", 
					"upperlimit": true
				}, 
				{
					"instrument": "Pan-STARRS1", 
					"source": "4", 
					"hostnhcorr": true, 
					"band": "i", 
					"magnitude": "23.436193", 
					"u_time": "MJD", 
					"time": "55213.468", 
					"upperlimit": true
				}, 
				{
					"instrument": "Pan-STARRS1", 
					"source": "4", 
					"hostnhcorr": true, 
					"band": "z", 
					"magnitude": "23.682964", 
					"u_time": "MJD", 
					"time": "55214.460", 
					"upperlimit": true
				}, 
				{
					"instrument": "Pan-STARRS1", 
					"source": "4", 
					"hostnhcorr": true, 
					"band": "g", 
					"magnitude": "24.203904", 
					"u_time": "MJD", 
					"time": "55215.557", 
					"upperlimit": true
				}, 
				{
					"instrument": "Pan-STARRS1", 
					"source": "4", 
					"hostnhcorr": true, 
					"band": "i", 
					"magnitude": "23.633443", 
					"u_time": "MJD", 
					"time": "55216.603", 
					"upperlimit": true
				}, 
				{
					"instrument": "Pan-STARRS1", 
					"source": "4", 
					"hostnhcorr": true, 
					"band": "g", 
					"magnitude": "24.831749", 
					"u_time": "MJD", 
					"time": "55217.464", 
					"upperlimit": true
				}, 
				{
					"instrument": "Pan-STARRS1", 
					"source": "4", 
					"hostnhcorr": true, 
					"band": "i", 
					"magnitude": "23.546321", 
					"u_time": "MJD", 
					"time": "55219.515", 
					"upperlimit": true
				}, 
				{
					"instrument": "Pan-STARRS1", 
					"source": "4", 
					"hostnhcorr": true, 
					"band": "z", 
					"magnitude": "23.63654", 
					"u_time": "MJD", 
					"time": "55220.492", 
					"upperlimit": true
				}, 
				{
					"instrument": "Pan-STARRS1", 
					"source": "4", 
					"hostnhcorr": true, 
					"band": "g", 
					"magnitude": "23.644864", 
					"u_time": "MJD", 
					"time": "55221.467", 
					"upperlimit": true
				}, 
				{
					"instrument": "Pan-STARRS1", 
					"source": "4", 
					"hostnhcorr": true, 
					"band": "r", 
					"magnitude": "23.897491", 
					"u_time": "MJD", 
					"time": "55221.482", 
					"upperlimit": true
				}, 
				{
					"instrument": "Pan-STARRS1", 
					"source": "4", 
					"hostnhcorr": true, 
					"band": "i", 
					"magnitude": "23.620728", 
					"u_time": "MJD", 
					"time": "55222.443", 
					"upperlimit": true
				}, 
				{
					"instrument": "Pan-STARRS1", 
					"source": "4", 
					"hostnhcorr": true, 
					"band": "z", 
					"magnitude": "22.900097", 
					"u_time": "MJD", 
					"time": "55223.419", 
					"upperlimit": true
				}, 
				{
					"instrument": "Pan-STARRS1", 
					"source": "4", 
					"hostnhcorr": true, 
					"band": "g", 
					"magnitude": "22.488767", 
					"u_time": "MJD", 
					"time": "55230.374", 
					"upperlimit": true
				}, 
				{
					"instrument": "Pan-STARRS1", 
					"source": "4", 
					"hostnhcorr": true, 
					"band": "r", 
					"magnitude": "22.361917", 
					"u_time": "MJD", 
					"time": "55230.388", 
					"upperlimit": true
				}, 
				{
					"instrument": "Pan-STARRS1", 
					"source": "4", 
					"hostnhcorr": true, 
					"band": "i", 
					"magnitude": "23.362646", 
					"u_time": "MJD", 
					"time": "55231.382", 
					"upperlimit": true
				}, 
				{
					"instrument": "Pan-STARRS1", 
					"source": "4", 
					"hostnhcorr": true, 
					"band": "z", 
					"magnitude": "22.916632", 
					"u_time": "MJD", 
					"time": "55232.499", 
					"upperlimit": true
				}, 
				{
					"instrument": "Pan-STARRS1", 
					"source": "4", 
					"hostnhcorr": true, 
					"band": "g", 
					"magnitude": "23.535142", 
					"u_time": "MJD", 
					"time": "55233.454", 
					"upperlimit": true
				}, 
				{
					"instrument": "Pan-STARRS1", 
					"source": "4", 
					"hostnhcorr": true, 
					"band": "r", 
					"magnitude": "23.521621", 
					"u_time": "MJD", 
					"time": "55233.470", 
					"upperlimit": true
				}, 
				{
					"instrument": "Pan-STARRS1", 
					"source": "4", 
					"hostnhcorr": true, 
					"band": "i", 
					"magnitude": "23.321018", 
					"u_time": "MJD", 
					"time": "55234.500", 
					"upperlimit": true
				}, 
				{
					"instrument": "Pan-STARRS1", 
					"source": "4", 
					"hostnhcorr": true, 
					"band": "z", 
					"magnitude": "23.249027", 
					"u_time": "MJD", 
					"time": "55235.454", 
					"upperlimit": true
				}, 
				{
					"instrument": "Pan-STARRS1", 
					"source": "4", 
					"hostnhcorr": true, 
					"band": "g", 
					"magnitude": "23.80583", 
					"u_time": "MJD", 
					"time": "55236.475", 
					"upperlimit": true
				}, 
				{
					"instrument": "Pan-STARRS1", 
					"source": "4", 
					"hostnhcorr": true, 
					"band": "r", 
					"magnitude": "23.815718", 
					"u_time": "MJD", 
					"time": "55236.490", 
					"upperlimit": true
				}, 
				{
					"instrument": "Pan-STARRS1", 
					"source": "4", 
					"hostnhcorr": true, 
					"band": "i", 
					"magnitude": "23.402267", 
					"u_time": "MJD", 
					"time": "55237.491", 
					"upperlimit": true
				}, 
				{
					"instrument": "Pan-STARRS1", 
					"source": "4", 
					"hostnhcorr": true, 
					"band": "z", 
					"magnitude": "23.78788", 
					"u_time": "MJD", 
					"time": "55238.467", 
					"upperlimit": true
				}, 
				{
					"instrument": "Pan-STARRS1", 
					"source": "4", 
					"hostnhcorr": true, 
					"band": "g", 
					"magnitude": "23.76285", 
					"u_time": "MJD", 
					"time": "55239.480", 
					"upperlimit": true
				}, 
				{
					"instrument": "Pan-STARRS1", 
					"source": "4", 
					"hostnhcorr": true, 
					"band": "r", 
					"magnitude": "23.96523", 
					"u_time": "MJD", 
					"time": "55239.495", 
					"upperlimit": true
				}, 
				{
					"instrument": "Pan-STARRS1", 
					"source": "4", 
					"hostnhcorr": true, 
					"band": "i", 
					"magnitude": "23.321899", 
					"u_time": "MJD", 
					"time": "55240.468", 
					"upperlimit": true
				}, 
				{
					"instrument": "Pan-STARRS1", 
					"source": "4", 
					"hostnhcorr": true, 
					"band": "z", 
					"magnitude": "23.391227", 
					"u_time": "MJD", 
					"time": "55241.390", 
					"upperlimit": true
				}, 
				{
					"instrument": "Pan-STARRS1", 
					"source": "4", 
					"hostnhcorr": true, 
					"band": "r", 
					"magnitude": "23.856252", 
					"u_time": "MJD", 
					"time": "55242.441", 
					"upperlimit": true
				}, 
				{
					"instrument": "Pan-STARRS1", 
					"source": "4", 
					"hostnhcorr": true, 
					"band": "i", 
					"magnitude": "23.389629", 
					"u_time": "MJD", 
					"time": "55243.328", 
					"upperlimit": true
				}, 
				{
					"instrument": "Pan-STARRS1", 
					"source": "4", 
					"hostnhcorr": true, 
					"band": "i", 
					"magnitude": "23.195985", 
					"u_time": "MJD", 
					"time": "55246.316", 
					"upperlimit": true
				}, 
				{
					"instrument": "Pan-STARRS1", 
					"source": "4", 
					"hostnhcorr": true, 
					"band": "g", 
					"magnitude": "23.715309", 
					"u_time": "MJD", 
					"time": "55248.424", 
					"upperlimit": true
				}, 
				{
					"instrument": "Pan-STARRS1", 
					"source": "4", 
					"hostnhcorr": true, 
					"band": "r", 
					"magnitude": "24.122045", 
					"u_time": "MJD", 
					"time": "55248.438", 
					"upperlimit": true
				}, 
				{
					"instrument": "Pan-STARRS1", 
					"source": "4", 
					"hostnhcorr": true, 
					"band": "i", 
					"magnitude": "23.529979", 
					"u_time": "MJD", 
					"time": "55249.480", 
					"upperlimit": true
				}, 
				{
					"instrument": "Pan-STARRS1", 
					"source": "4", 
					"hostnhcorr": true, 
					"band": "z", 
					"magnitude": "22.946727", 
					"u_time": "MJD", 
					"time": "55250.489", 
					"upperlimit": true
				}, 
				{
					"instrument": "Pan-STARRS1", 
					"source": "4", 
					"hostnhcorr": true, 
					"band": "z", 
					"magnitude": "23.362303", 
					"u_time": "MJD", 
					"time": "55259.331", 
					"upperlimit": true
				}, 
				{
					"instrument": "Pan-STARRS1", 
					"source": "4", 
					"hostnhcorr": true, 
					"band": "i", 
					"magnitude": "22.775299", 
					"u_time": "MJD", 
					"time": "55264.473", 
					"upperlimit": true
				}, 
				{
					"instrument": "Pan-STARRS1", 
					"source": "4", 
					"hostnhcorr": true, 
					"band": "i", 
					"magnitude": "23.391055", 
					"u_time": "MJD", 
					"time": "55267.406", 
					"upperlimit": true
				}, 
				{
					"instrument": "Pan-STARRS1", 
					"source": "4", 
					"hostnhcorr": true, 
					"band": "g", 
					"magnitude": "23.653158", 
					"u_time": "MJD", 
					"time": "55275.395", 
					"upperlimit": true
				}, 
				{
					"instrument": "Pan-STARRS1", 
					"source": "4", 
					"hostnhcorr": true, 
					"band": "r", 
					"magnitude": "23.909705", 
					"u_time": "MJD", 
					"time": "55275.410", 
					"upperlimit": true
				}, 
				{
					"instrument": "Pan-STARRS1", 
					"source": "4", 
					"hostnhcorr": true, 
					"band": "i", 
					"magnitude": "22.915603", 
					"u_time": "MJD", 
					"time": "55288.389", 
					"upperlimit": true
				}, 
				{
					"instrument": "Pan-STARRS1", 
					"source": "4", 
					"hostnhcorr": true, 
					"band": "z", 
					"magnitude": "23.340787", 
					"u_time": "MJD", 
					"time": "55289.294", 
					"upperlimit": true
				}, 
				{
					"instrument": "Pan-STARRS1", 
					"source": "4", 
					"hostnhcorr": true, 
					"band": "g", 
					"magnitude": "22.34601", 
					"u_time": "MJD", 
					"time": "55290.382", 
					"upperlimit": true
				}, 
				{
					"instrument": "Pan-STARRS1", 
					"source": "4", 
					"hostnhcorr": true, 
					"band": "r", 
					"magnitude": "22.356456", 
					"u_time": "MJD", 
					"time": "55290.401", 
					"upperlimit": true
				}, 
				{
					"instrument": "Pan-STARRS1", 
					"source": "4", 
					"hostnhcorr": true, 
					"band": "z", 
					"magnitude": "23.261623", 
					"u_time": "MJD", 
					"time": "55298.338", 
					"upperlimit": true
				}, 
				{
					"instrument": "Pan-STARRS1", 
					"source": "4", 
					"hostnhcorr": true, 
					"band": "g", 
					"magnitude": "22.711606", 
					"u_time": "MJD", 
					"time": "55302.351", 
					"upperlimit": true
				}, 
				{
					"instrument": "Pan-STARRS1", 
					"source": "4", 
					"hostnhcorr": true, 
					"band": "i", 
					"magnitude": "23.32822", 
					"u_time": "MJD", 
					"time": "55303.336", 
					"upperlimit": true
				}, 
				{
					"instrument": "Pan-STARRS1", 
					"source": "4", 
					"hostnhcorr": true, 
					"band": "z", 
					"magnitude": "23.456727", 
					"u_time": "MJD", 
					"time": "55304.263", 
					"upperlimit": true
				}, 
				{
					"instrument": "Pan-STARRS1", 
					"source": "4", 
					"hostnhcorr": true, 
					"band": "g", 
					"magnitude": "23.08994", 
					"u_time": "MJD", 
					"time": "55305.275", 
					"upperlimit": true
				}, 
				{
					"instrument": "Pan-STARRS1", 
					"source": "4", 
					"hostnhcorr": true, 
					"band": "r", 
					"magnitude": "23.38684", 
					"u_time": "MJD", 
					"time": "55305.290", 
					"upperlimit": true
				}, 
				{
					"instrument": "Pan-STARRS1", 
					"source": "4", 
					"hostnhcorr": true, 
					"band": "i", 
					"magnitude": "23.153433", 
					"u_time": "MJD", 
					"time": "55306.249", 
					"upperlimit": true
				}, 
				{
					"instrument": "Pan-STARRS1", 
					"source": "4", 
					"hostnhcorr": true, 
					"band": "g", 
					"magnitude": "23.95702", 
					"u_time": "MJD", 
					"time": "55320.321", 
					"upperlimit": true
				}, 
				{
					"instrument": "Pan-STARRS1", 
					"source": "4", 
					"hostnhcorr": true, 
					"band": "i", 
					"magnitude": "23.235188", 
					"u_time": "MJD", 
					"time": "55321.275", 
					"upperlimit": true
				}, 
				{
					"instrument": "Pan-STARRS1", 
					"source": "4", 
					"hostnhcorr": true, 
					"band": "g", 
					"magnitude": "23.827172", 
					"u_time": "MJD", 
					"time": "55545.514", 
					"upperlimit": true
				}, 
				{
					"instrument": "Pan-STARRS1", 
					"source": "4", 
					"hostnhcorr": true, 
					"band": "r", 
					"magnitude": "24.043085", 
					"u_time": "MJD", 
					"time": "55545.527", 
					"upperlimit": true
				}, 
				{
					"instrument": "Pan-STARRS1", 
					"source": "4", 
					"hostnhcorr": true, 
					"band": "i", 
					"magnitude": "23.469811", 
					"u_time": "MJD", 
					"time": "55546.549", 
					"upperlimit": true
				}, 
				{
					"e_magnitude": "0.25660221", 
					"instrument": "Pan-STARRS1", 
					"hostnhcorr": true, 
					"band": "g", 
					"magnitude": "22.646772", 
					"u_time": "MJD", 
					"time": "55560.570", 
					"source": "4"
				}, 
				{
					"e_magnitude": "0.31897797", 
					"instrument": "Pan-STARRS1", 
					"hostnhcorr": true, 
					"band": "r", 
					"magnitude": "23.385681", 
					"u_time": "MJD", 
					"time": "55560.585", 
					"source": "4"
				}, 
				{
					"e_magnitude": "0.19476234", 
					"instrument": "Pan-STARRS1", 
					"hostnhcorr": true, 
					"band": "i", 
					"magnitude": "22.881768", 
					"u_time": "MJD", 
					"time": "55561.578", 
					"source": "4"
				}, 
				{
					"e_magnitude": "0.17849122", 
					"instrument": "Pan-STARRS1", 
					"hostnhcorr": true, 
					"band": "g", 
					"magnitude": "22.226311", 
					"u_time": "MJD", 
					"time": "55563.587", 
					"source": "4"
				}, 
				{
					"e_magnitude": "0.25020703", 
					"instrument": "Pan-STARRS1", 
					"hostnhcorr": true, 
					"band": "r", 
					"magnitude": "22.966788", 
					"u_time": "MJD", 
					"time": "55563.599", 
					"source": "4"
				}, 
				{
					"e_magnitude": "0.078950334", 
					"instrument": "Pan-STARRS1", 
					"hostnhcorr": true, 
					"band": "g", 
					"magnitude": "21.654033", 
					"u_time": "MJD", 
					"time": "55566.621", 
					"source": "4"
				}, 
				{
					"e_magnitude": "0.073312187", 
					"instrument": "Pan-STARRS1", 
					"hostnhcorr": true, 
					"band": "r", 
					"magnitude": "22.010214", 
					"u_time": "MJD", 
					"time": "55566.633", 
					"source": "4"
				}, 
				{
					"e_magnitude": "0.12870956", 
					"instrument": "Pan-STARRS1", 
					"hostnhcorr": true, 
					"band": "i", 
					"magnitude": "22.312573", 
					"u_time": "MJD", 
					"time": "55567.534", 
					"source": "4"
				}, 
				{
					"e_magnitude": "0.10124074", 
					"instrument": "Pan-STARRS1", 
					"hostnhcorr": true, 
					"band": "i", 
					"magnitude": "21.872587", 
					"u_time": "MJD", 
					"time": "55570.599", 
					"source": "4"
				}, 
				{
					"e_magnitude": "0.29693724", 
					"instrument": "Pan-STARRS1", 
					"hostnhcorr": true, 
					"band": "z", 
					"magnitude": "21.951953", 
					"u_time": "MJD", 
					"time": "55571.550", 
					"source": "4"
				}, 
				{
					"e_magnitude": "0.10094203", 
					"instrument": "Pan-STARRS1", 
					"hostnhcorr": true, 
					"band": "g", 
					"magnitude": "21.519114", 
					"u_time": "MJD", 
					"time": "55572.540", 
					"source": "4"
				}, 
				{
					"e_magnitude": "0.10323737", 
					"instrument": "Pan-STARRS1", 
					"hostnhcorr": true, 
					"band": "r", 
					"magnitude": "21.824077", 
					"u_time": "MJD", 
					"time": "55572.553", 
					"source": "4"
				}, 
				{
					"e_magnitude": "0.03", 
					"instrument": "Pan-STARRS1", 
					"hostnhcorr": true, 
					"band": "r", 
					"magnitude": "21.551", 
					"u_time": "MJD", 
					"time": "55574.259", 
					"source": "4"
				}, 
				{
					"e_magnitude": "0.078627173", 
					"instrument": "Pan-STARRS1", 
					"hostnhcorr": true, 
					"band": "i", 
					"magnitude": "21.777986", 
					"u_time": "MJD", 
					"time": "55576.580", 
					"source": "4"
				}, 
				{
					"e_magnitude": "0.12310507", 
					"instrument": "Pan-STARRS1", 
					"hostnhcorr": true, 
					"band": "z", 
					"magnitude": "21.728415", 
					"u_time": "MJD", 
					"time": "55577.583", 
					"source": "4"
				}, 
				{
					"e_magnitude": "0.11060489", 
					"instrument": "Pan-STARRS1", 
					"hostnhcorr": true, 
					"band": "z", 
					"magnitude": "22.075904", 
					"u_time": "MJD", 
					"time": "55586.587", 
					"source": "4"
				}, 
				{
					"e_magnitude": "0.10420332", 
					"instrument": "Pan-STARRS1", 
					"hostnhcorr": true, 
					"band": "g", 
					"magnitude": "21.547026", 
					"u_time": "MJD", 
					"time": "55587.591", 
					"source": "4"
				}, 
				{
					"e_magnitude": "0.088991807", 
					"instrument": "Pan-STARRS1", 
					"hostnhcorr": true, 
					"band": "r", 
					"magnitude": "21.531757", 
					"u_time": "MJD", 
					"time": "55587.598", 
					"source": "4"
				}, 
				{
					"e_magnitude": "0.09055985", 
					"instrument": "Pan-STARRS1", 
					"hostnhcorr": true, 
					"band": "i", 
					"magnitude": "21.857163", 
					"u_time": "MJD", 
					"time": "55588.611", 
					"source": "4"
				}, 
				{
					"e_magnitude": "0.14424076", 
					"instrument": "Pan-STARRS1", 
					"hostnhcorr": true, 
					"band": "z", 
					"magnitude": "21.940687", 
					"u_time": "MJD", 
					"time": "55589.588", 
					"source": "4"
				}, 
				{
					"e_magnitude": "0.042330222", 
					"instrument": "Pan-STARRS1", 
					"hostnhcorr": true, 
					"band": "g", 
					"magnitude": "21.35349", 
					"u_time": "MJD", 
					"time": "55590.487", 
					"source": "4"
				}, 
				{
					"e_magnitude": "0.049838252", 
					"instrument": "Pan-STARRS1", 
					"hostnhcorr": true, 
					"band": "r", 
					"magnitude": "21.621996", 
					"u_time": "MJD", 
					"time": "55590.500", 
					"source": "4"
				}, 
				{
					"e_magnitude": "0.13", 
					"instrument": "GALEX", 
					"hostnhcorr": true, 
					"band": "NUV", 
					"magnitude": "21.5469", 
					"u_time": "MJD", 
					"time": "55592.500", 
					"source": "4"
				}, 
				{
					"e_magnitude": "0.066932617", 
					"instrument": "Pan-STARRS1", 
					"hostnhcorr": true, 
					"band": "z", 
					"magnitude": "21.886297", 
					"u_time": "MJD", 
					"time": "55592.558", 
					"source": "4"
				}, 
				{
					"e_magnitude": "0.033835618", 
					"instrument": "Pan-STARRS1", 
					"hostnhcorr": true, 
					"band": "g", 
					"magnitude": "21.429723", 
					"u_time": "MJD", 
					"time": "55593.480", 
					"source": "4"
				}, 
				{
					"e_magnitude": "0.054639684", 
					"instrument": "Pan-STARRS1", 
					"hostnhcorr": true, 
					"band": "r", 
					"magnitude": "21.765362", 
					"u_time": "MJD", 
					"time": "55593.493", 
					"source": "4"
				}, 
				{
					"e_magnitude": "0.26", 
					"instrument": "GALEX", 
					"hostnhcorr": true, 
					"band": "NUV", 
					"magnitude": "22.0669", 
					"u_time": "MJD", 
					"time": "55594.300", 
					"source": "4"
				}, 
				{
					"e_magnitude": "0.12020562", 
					"instrument": "Pan-STARRS1", 
					"hostnhcorr": true, 
					"band": "i", 
					"magnitude": "22.043955", 
					"u_time": "MJD", 
					"time": "55594.480", 
					"source": "4"
				}, 
				{
					"e_magnitude": "0.078386221", 
					"instrument": "Pan-STARRS1", 
					"hostnhcorr": true, 
					"band": "z", 
					"magnitude": "21.862278", 
					"u_time": "MJD", 
					"time": "55595.460", 
					"source": "4"
				}, 
				{
					"e_magnitude": "0.064454105", 
					"instrument": "Pan-STARRS1", 
					"hostnhcorr": true, 
					"band": "g", 
					"magnitude": "21.598002", 
					"u_time": "MJD", 
					"time": "55596.361", 
					"source": "4"
				}, 
				{
					"e_magnitude": "0.057276917", 
					"instrument": "Pan-STARRS1", 
					"hostnhcorr": true, 
					"band": "r", 
					"magnitude": "21.621064", 
					"u_time": "MJD", 
					"time": "55596.375", 
					"source": "4"
				}, 
				{
					"e_magnitude": "0.17", 
					"instrument": "GALEX", 
					"hostnhcorr": true, 
					"band": "NUV", 
					"magnitude": "21.5869", 
					"u_time": "MJD", 
					"time": "55596.800", 
					"source": "4"
				}, 
				{
					"e_magnitude": "0.089209721", 
					"instrument": "Pan-STARRS1", 
					"hostnhcorr": true, 
					"band": "i", 
					"magnitude": "21.956236", 
					"u_time": "MJD", 
					"time": "55597.408", 
					"source": "4"
				}, 
				{
					"e_magnitude": "0.2", 
					"instrument": "GALEX", 
					"hostnhcorr": true, 
					"band": "NUV", 
					"magnitude": "21.8869", 
					"u_time": "MJD", 
					"time": "55598.700", 
					"source": "4"
				}, 
				{
					"e_magnitude": "0.17", 
					"instrument": "GALEX", 
					"hostnhcorr": true, 
					"band": "NUV", 
					"magnitude": "21.8669", 
					"u_time": "MJD", 
					"time": "55600.600", 
					"source": "4"
				}, 
				{
					"e_magnitude": "0.14694459", 
					"instrument": "Pan-STARRS1", 
					"hostnhcorr": true, 
					"band": "g", 
					"magnitude": "21.422154", 
					"u_time": "MJD", 
					"time": "55602.388", 
					"source": "4"
				}, 
				{
					"e_magnitude": "0.21883112", 
					"instrument": "Pan-STARRS1", 
					"hostnhcorr": true, 
					"band": "r", 
					"magnitude": "21.949278", 
					"u_time": "MJD", 
					"time": "55602.401", 
					"source": "4"
				}, 
				{
					"e_magnitude": "0.2", 
					"instrument": "GALEX", 
					"hostnhcorr": true, 
					"band": "NUV", 
					"magnitude": "22.1569", 
					"u_time": "MJD", 
					"time": "55602.500", 
					"source": "4"
				}, 
				{
					"e_magnitude": "0.18", 
					"instrument": "GALEX", 
					"hostnhcorr": true, 
					"band": "NUV", 
					"magnitude": "22.0369", 
					"u_time": "MJD", 
					"time": "55604.400", 
					"source": "4"
				}, 
				{
					"e_magnitude": "0.15", 
					"instrument": "GALEX", 
					"hostnhcorr": true, 
					"band": "NUV", 
					"magnitude": "21.8069", 
					"u_time": "MJD", 
					"time": "55606.400", 
					"source": "4"
				}, 
				{
					"e_magnitude": "0.22", 
					"instrument": "GALEX", 
					"hostnhcorr": true, 
					"band": "NUV", 
					"magnitude": "22.2069", 
					"u_time": "MJD", 
					"time": "55608.200", 
					"source": "4"
				}, 
				{
					"e_magnitude": "0.092649731", 
					"instrument": "Pan-STARRS1", 
					"hostnhcorr": true, 
					"band": "g", 
					"magnitude": "21.802878", 
					"u_time": "MJD", 
					"time": "55614.341", 
					"source": "4"
				}, 
				{
					"instrument": "Pan-STARRS1", 
					"source": "4", 
					"hostnhcorr": true, 
					"band": "i", 
					"magnitude": "22.225302", 
					"u_time": "MJD", 
					"time": "55615.531", 
					"upperlimit": true
				}, 
				{
					"e_magnitude": "0.07", 
					"instrument": "Pan-STARRS1", 
					"hostnhcorr": true, 
					"band": "r", 
					"magnitude": "22.601", 
					"u_time": "MJD", 
					"time": "55627.141", 
					"source": "4"
				}, 
				{
					"e_magnitude": "0.090870501", 
					"instrument": "Pan-STARRS1", 
					"hostnhcorr": true, 
					"band": "g", 
					"magnitude": "22.131004", 
					"u_time": "MJD", 
					"time": "55629.312", 
					"source": "4"
				}, 
				{
					"e_magnitude": "0.093593327", 
					"instrument": "Pan-STARRS1", 
					"hostnhcorr": true, 
					"band": "r", 
					"magnitude": "22.479615", 
					"u_time": "MJD", 
					"time": "55629.325", 
					"source": "4"
				}, 
				{
					"e_magnitude": "0.21604273", 
					"instrument": "Pan-STARRS1", 
					"hostnhcorr": true, 
					"band": "z", 
					"magnitude": "22.534535", 
					"u_time": "MJD", 
					"time": "55631.282", 
					"source": "4"
				}, 
				{
					"e_magnitude": "0.14758504", 
					"instrument": "Pan-STARRS1", 
					"hostnhcorr": true, 
					"band": "g", 
					"magnitude": "22.57272", 
					"u_time": "MJD", 
					"time": "55632.284", 
					"source": "4"
				}, 
				{
					"e_magnitude": "0.13925479", 
					"instrument": "Pan-STARRS1", 
					"hostnhcorr": true, 
					"band": "r", 
					"magnitude": "22.707214", 
					"u_time": "MJD", 
					"time": "55632.296", 
					"source": "4"
				}, 
				{
					"e_magnitude": "0.12983952", 
					"instrument": "Pan-STARRS1", 
					"hostnhcorr": true, 
					"band": "z", 
					"magnitude": "22.78842", 
					"u_time": "MJD", 
					"time": "55634.295", 
					"source": "4"
				}, 
				{
					"e_magnitude": "0.1533787", 
					"instrument": "Pan-STARRS1", 
					"hostnhcorr": true, 
					"band": "g", 
					"magnitude": "22.35554", 
					"u_time": "MJD", 
					"time": "55635.304", 
					"source": "4"
				}, 
				{
					"e_magnitude": "0.1136435", 
					"instrument": "Pan-STARRS1", 
					"hostnhcorr": true, 
					"band": "r", 
					"magnitude": "22.710626", 
					"u_time": "MJD", 
					"time": "55635.317", 
					"source": "4"
				}, 
				{
					"e_magnitude": "0.29715854", 
					"instrument": "Pan-STARRS1", 
					"hostnhcorr": true, 
					"band": "r", 
					"magnitude": "22.21099", 
					"u_time": "MJD", 
					"time": "55644.391", 
					"source": "4"
				}, 
				{
					"e_magnitude": "0.24867214", 
					"instrument": "Pan-STARRS1", 
					"hostnhcorr": true, 
					"band": "i", 
					"magnitude": "23.023148", 
					"u_time": "MJD", 
					"time": "55645.322", 
					"source": "4"
				}, 
				{
					"e_magnitude": "0.18716122", 
					"instrument": "Pan-STARRS1", 
					"hostnhcorr": true, 
					"band": "z", 
					"magnitude": "22.883533", 
					"u_time": "MJD", 
					"time": "55646.291", 
					"source": "4"
				}, 
				{
					"instrument": "Pan-STARRS1", 
					"source": "4", 
					"hostnhcorr": true, 
					"band": "z", 
					"magnitude": "23.115671", 
					"u_time": "MJD", 
					"time": "55649.381", 
					"upperlimit": true
				}, 
				{
					"e_magnitude": "0.12843707", 
					"instrument": "Pan-STARRS1", 
					"hostnhcorr": true, 
					"band": "g", 
					"magnitude": "22.577732", 
					"u_time": "MJD", 
					"time": "55650.422", 
					"source": "4"
				}, 
				{
					"e_magnitude": "0.13487364", 
					"instrument": "Pan-STARRS1", 
					"hostnhcorr": true, 
					"band": "r", 
					"magnitude": "22.682134", 
					"u_time": "MJD", 
					"time": "55650.435", 
					"source": "4"
				}, 
				{
					"e_magnitude": "0.19446876", 
					"instrument": "Pan-STARRS1", 
					"hostnhcorr": true, 
					"band": "i", 
					"magnitude": "22.78252", 
					"u_time": "MJD", 
					"time": "55651.432", 
					"source": "4"
				}, 
				{
					"instrument": "Pan-STARRS1", 
					"source": "4", 
					"hostnhcorr": true, 
					"band": "z", 
					"magnitude": "22.756216", 
					"u_time": "MJD", 
					"time": "55652.442", 
					"upperlimit": true
				}, 
				{
					"e_magnitude": "0.19532644", 
					"instrument": "Pan-STARRS1", 
					"hostnhcorr": true, 
					"band": "g", 
					"magnitude": "22.926125", 
					"u_time": "MJD", 
					"time": "55653.408", 
					"source": "4"
				}, 
				{
					"e_magnitude": "0.20604857", 
					"instrument": "Pan-STARRS1", 
					"hostnhcorr": true, 
					"band": "r", 
					"magnitude": "22.942372", 
					"u_time": "MJD", 
					"time": "55653.421", 
					"source": "4"
				}, 
				{
					"e_magnitude": "0.26801249", 
					"instrument": "Pan-STARRS1", 
					"hostnhcorr": true, 
					"band": "i", 
					"magnitude": "23.133431", 
					"u_time": "MJD", 
					"time": "55654.304", 
					"source": "4"
				}, 
				{
					"e_magnitude": "0.22851464", 
					"instrument": "Pan-STARRS1", 
					"hostnhcorr": true, 
					"band": "g", 
					"magnitude": "22.739309", 
					"u_time": "MJD", 
					"time": "55662.300", 
					"source": "4"
				}, 
				{
					"e_magnitude": "0.14908542", 
					"instrument": "Pan-STARRS1", 
					"hostnhcorr": true, 
					"band": "r", 
					"magnitude": "22.664692", 
					"u_time": "MJD", 
					"time": "55662.313", 
					"source": "4"
				}, 
				{
					"e_magnitude": "0.28524755", 
					"instrument": "Pan-STARRS1", 
					"hostnhcorr": true, 
					"band": "i", 
					"magnitude": "23.318858", 
					"u_time": "MJD", 
					"time": "55672.296", 
					"source": "4"
				}, 
				{
					"e_magnitude": "0.29200494", 
					"instrument": "Pan-STARRS1", 
					"hostnhcorr": true, 
					"band": "z", 
					"magnitude": "23.184908", 
					"u_time": "MJD", 
					"time": "55673.293", 
					"source": "4"
				}, 
				{
					"e_magnitude": "0.091443748", 
					"instrument": "Pan-STARRS1", 
					"hostnhcorr": true, 
					"band": "g", 
					"magnitude": "22.757994", 
					"u_time": "MJD", 
					"time": "55674.287", 
					"source": "4"
				}, 
				{
					"e_magnitude": "0.10244962", 
					"instrument": "Pan-STARRS1", 
					"hostnhcorr": true, 
					"band": "r", 
					"magnitude": "22.829419", 
					"u_time": "MJD", 
					"time": "55674.299", 
					"source": "4"
				}, 
				{
					"e_magnitude": "0.29300838", 
					"instrument": "Pan-STARRS1", 
					"hostnhcorr": true, 
					"band": "i", 
					"magnitude": "23.281587", 
					"u_time": "MJD", 
					"time": "55675.302", 
					"source": "4"
				}, 
				{
					"instrument": "Pan-STARRS1", 
					"source": "4", 
					"hostnhcorr": true, 
					"band": "z", 
					"magnitude": "22.542058", 
					"u_time": "MJD", 
					"time": "55676.314", 
					"upperlimit": true
				}, 
				{
					"e_magnitude": "0.14950031", 
					"instrument": "Pan-STARRS1", 
					"hostnhcorr": true, 
					"band": "g", 
					"magnitude": "22.718548", 
					"u_time": "MJD", 
					"time": "55677.288", 
					"source": "4"
				}, 
				{
					"e_magnitude": "0.18278718", 
					"instrument": "Pan-STARRS1", 
					"hostnhcorr": true, 
					"band": "r", 
					"magnitude": "23.165623", 
					"u_time": "MJD", 
					"time": "55677.300", 
					"source": "4"
				}, 
				{
					"e_magnitude": "0.16812544", 
					"instrument": "Pan-STARRS1", 
					"hostnhcorr": true, 
					"band": "g", 
					"magnitude": "22.941849", 
					"u_time": "MJD", 
					"time": "55680.316", 
					"source": "4"
				}, 
				{
					"e_magnitude": "0.28231617", 
					"instrument": "Pan-STARRS1", 
					"hostnhcorr": true, 
					"band": "r", 
					"magnitude": "23.13354", 
					"u_time": "MJD", 
					"time": "55680.339", 
					"source": "4"
				}, 
				{
					"e_magnitude": "0.23438443", 
					"instrument": "Pan-STARRS1", 
					"hostnhcorr": true, 
					"band": "i", 
					"magnitude": "23.060578", 
					"u_time": "MJD", 
					"time": "55681.327", 
					"source": "4"
				}, 
				{
					"e_magnitude": "0.06", 
					"instrument": "Pan-STARRS1", 
					"hostnhcorr": true, 
					"band": "g", 
					"magnitude": "23.354", 
					"u_time": "MJD", 
					"time": "55716.754", 
					"source": "4"
				}, 
				{
					"instrument": "Pan-STARRS1", 
					"source": "4", 
					"hostnhcorr": true, 
					"band": "i", 
					"magnitude": "22.649", 
					"u_time": "MJD", 
					"time": "55716.754", 
					"upperlimit": true
				}, 
				{
					"e_magnitude": "0.1", 
					"instrument": "Pan-STARRS1", 
					"hostnhcorr": true, 
					"band": "r", 
					"magnitude": "23.151", 
					"u_time": "MJD", 
					"time": "55716.754", 
					"source": "4"
				}, 
				{
					"instrument": "Pan-STARRS1", 
					"source": "4", 
					"hostnhcorr": true, 
					"band": "z", 
					"magnitude": "22.66", 
					"u_time": "MJD", 
					"time": "55716.754", 
					"upperlimit": true
				}
		], 
		"name": "PS1-11af", 
		"notes": [
				{
					"source": "4", 
					"value": "MgII \\(\\lambda 2800\\) doublet in absorption"
				}
		], 
		"hostoffsetdist": [
				{
					"source": "1,2,3,4,6,7", 
					"value": "0.3"
				}
		], 
		"alias": [
				{
					"source": "1,7", 
					"value": "PS1-11af"
				}
		], 
		"velocity": [
				{
					"u_value": "km/s", 
					"derived": true, 
					"value": "98110", 
					"source": "6"
				}
		], 
		"dec": [
				{
					"source": "1,3,7", 
					"u_value": "degrees", 
					"value": "+03:14:01.00"
				}
		], 
		"hostoffsetang": [
				{
					"u_value": "arcseconds", 
					"derived": true, 
					"value": "0.06", 
					"source": "1,3,6,7"
				}
		], 
		"nhhost": [
				{
					"source": "4", 
					"value": "7.2e+19"
				}
		]
	}
}