{
	"PS1-12yp":{
		"schema":"https://github.com/astrocatalogs/tidaldisruptions/blob/f405406/SCHEMA.md",
		"name":"PS1-12yp",
		"sources":[
			{
				"name":"2017ApJ...838..149A",
				"bibcode":"2017ApJ...838..149A",
				"reference":"Auchettl, Guillochon, & Ramirez-Ruiz (2017)",
				"alias":"1"
			},
			{
				"name":"2016MNRAS.463..296L",
				"bibcode":"2016MNRAS.463..296L",
				"reference":"Lawrence et al. (2016)",
				"alias":"2"
			},
			{
				"name":"2011ApJ...737..103S",
				"bibcode":"2011ApJ...737..103S",
				"reference":"Schlafly & Finkbeiner (2011)",
				"alias":"3"
			},
			{
				"name":"The Open TDE Catalog",
				"bibcode":"2017ApJ...835...64G",
				"reference":"Guillochon et al. (2017)",
				"secondary":true,
				"url":"https://tde.space",
				"alias":"4"
			}
		],
		"alias":[
			{
				"value":"PS1-12yp",
				"source":"1,2"
			},
			{
				"value":"CSS120301:133156+235405",
				"source":"2"
			},
			{
				"value":"SDSSJ133155",
				"source":"2"
			}
		],
		"dec":[
			{
				"value":"+23:54:05.7",
				"u_value":"degrees",
				"source":"2"
			}
		],
		"discoverdate":[
			{
				"value":"2012/03/01",
				"derived":true,
				"source":"4"
			}
		],
		"ebv":[
			{
				"value":"0.0132",
				"derived":true,
				"e_value":"0.0004",
				"source":"3,4"
			}
		],
		"host":[
			{
				"value":"SDSS J133155.90+235405.8",
				"source":"2"
			}
		],
		"hostdec":[
			{
				"value":"+23:54:05.8",
				"derived":true,
				"u_value":"degrees",
				"source":"4"
			}
		],
		"hostoffsetang":[
			{
				"value":"0.1803",
				"derived":true,
				"u_value":"arcseconds",
				"source":"2,4"
			}
		],
		"hostra":[
			{
				"value":"13:31:55.90",
				"derived":true,
				"u_value":"hours",
				"source":"4"
			}
		],
		"ra":[
			{
				"value":"13:31:55.91",
				"u_value":"hours",
				"source":"2"
			}
		],
		"photometry":[
			{
				"time":[
					"52459.6",
					"52459.600"
				],
				"countrate":"3.36",
				"energy":[
					"0.3",
					"2.0"
				],
				"flux":"2.17E-12",
				"instrument":"PN",
				"luminosity":"3.83E+45",
				"nhmw":"0.012",
				"photonindex":"4.5",
				"telescope":"XMM",
				"u_countrate":"s^-1",
				"u_energy":"keV",
				"u_flux":"ergs/cm^2/s",
				"u_time":"MJD",
				"upperlimit":true,
				"source":"1"
			},
			{
				"time":[
					"55379.5",
					"55379.500"
				],
				"countrate":"2.36",
				"energy":[
					"0.3",
					"2.0"
				],
				"flux":"1.52E-12",
				"instrument":"PN",
				"luminosity":"2.69E+45",
				"nhmw":"0.012",
				"photonindex":"4.5",
				"telescope":"XMM",
				"u_countrate":"s^-1",
				"u_energy":"keV",
				"u_flux":"ergs/cm^2/s",
				"u_time":"MJD",
				"upperlimit":true,
				"source":"1"
			},
			{
				"time":[
					"55909",
					"55909.000"
				],
				"countrate":"0.683",
				"energy":[
					"0.3",
					"2.0"
				],
				"flux":"4.41E-13",
				"instrument":"PN",
				"luminosity":"7.79E+44",
				"nhmw":"0.012",
				"photonindex":"4.5",
				"telescope":"XMM",
				"u_countrate":"s^-1",
				"u_energy":"keV",
				"u_flux":"ergs/cm^2/s",
				"u_time":"MJD",
				"upperlimit":true,
				"source":"1"
			}
		]
	}
}