{
	"PS1-10jh":{
		"schema":"https://github.com/astrocatalogs/tidaldisruptions/blob/f405406/SCHEMA.md",
		"name":"PS1-10jh",
		"sources":[
			{
				"name":"2017ApJ...838..149A",
				"bibcode":"2017ApJ...838..149A",
				"reference":"Auchettl, Guillochon, & Ramirez-Ruiz (2017)",
				"alias":"1"
			},
			{
				"name":"2016A&A...594A..13P",
				"bibcode":"2016A&A...594A..13P",
				"reference":"Planck Collaboration et al. (2016)",
				"alias":"2"
			},
			{
				"name":"2015ApJ...815L...5G",
				"bibcode":"2015ApJ...815L...5G",
				"reference":"Gezari et al. (2015)",
				"alias":"3"
			},
			{
				"name":"2012Natur.485..217G",
				"bibcode":"2012Natur.485..217G",
				"reference":"Gezari et al. (2012)",
				"alias":"4"
			},
			{
				"name":"2011ApJ...737..103S",
				"bibcode":"2011ApJ...737..103S",
				"reference":"Schlafly & Finkbeiner (2011)",
				"alias":"5"
			},
			{
				"name":"The Open TDE Catalog",
				"bibcode":"2017ApJ...835...64G",
				"reference":"Guillochon et al. (2017)",
				"secondary":true,
				"url":"https://tde.space",
				"alias":"6"
			},
			{
				"name":"SIMBAD astronomical database",
				"bibcode":"2000A&AS..143....9W",
				"reference":"Wenger et al. (2000)",
				"secondary":true,
				"url":"http://simbad.u-strasbg.fr/",
				"alias":"7"
			}
		],
		"alias":[
			{
				"value":"PS1-10jh",
				"source":"1,4,7"
			}
		],
		"citations":[
			{
				"value":"<a href='http://adsabs.harvard.edu/abs/2012Natur.485..217G'>Gezari et al. 2012</a>*&Dagger;, <a href='http://adsabs.harvard.edu/abs/2013arXiv1304.6397G'>Guillochon et al. 2013</a>&Dagger;",
				"source":"4"
			}
		],
		"claimedtype":[
			{
				"value":"MS + SMBH",
				"source":"4"
			},
			{
				"value":"He + SMBH",
				"source":"4"
			}
		],
		"comovingdist":[
			{
				"value":"720.3",
				"derived":true,
				"u_value":"Mpc",
				"source":"1,2,4,6"
			}
		],
		"dec":[
			{
				"value":"+53:40:23.52",
				"u_value":"degrees",
				"source":"1,4,7"
			}
		],
		"discoverdate":[
			{
				"value":"2010/05/16",
				"derived":true,
				"source":"4,6"
			}
		],
		"ebv":[
			{
				"value":"0.0115",
				"derived":true,
				"e_value":"0.0003",
				"source":"5,6"
			}
		],
		"host":[
			{
				"value":"SDSS J160928.27+534023.9",
				"source":"1,4"
			}
		],
		"hostdec":[
			{
				"value":"+53:40:23.99",
				"u_value":"degrees",
				"source":"1"
			}
		],
		"hostoffsetang":[
			{
				"value":"0.4934",
				"derived":true,
				"u_value":"arcseconds",
				"source":"1,4,6,7"
			}
		],
		"hostoffsetdist":[
			{
				"value":"1.473",
				"source":"1,2,4,6,7"
			}
		],
		"hostra":[
			{
				"value":"16:09:28.28",
				"u_value":"hours",
				"source":"1"
			}
		],
		"lumdist":[
			{
				"value":"842.4",
				"derived":true,
				"u_value":"Mpc",
				"source":"1,2,4,6"
			}
		],
		"maxabsmag":[
			{
				"value":"-20.278",
				"derived":true,
				"source":"1,2,4,6"
			}
		],
		"maxappmag":[
			{
				"value":"19.18",
				"derived":true,
				"source":"4,6"
			}
		],
		"maxband":[
			{
				"value":"NUV",
				"derived":true,
				"source":"4,6"
			}
		],
		"maxdate":[
			{
				"value":"2010/06/23",
				"derived":true,
				"source":"4,6"
			}
		],
		"maxvisualappmag":[
			{
				"value":"19.83",
				"derived":true,
				"source":"4,6"
			}
		],
		"maxvisualband":[
			{
				"value":"g",
				"derived":true,
				"source":"4,6"
			}
		],
		"maxvisualdate":[
			{
				"value":"2010/07/12",
				"derived":true,
				"source":"4,6"
			}
		],
		"nh":[
			{
				"value":"7.2e+19",
				"source":"4"
			}
		],
		"nhhost":[
			{
				"value":"7.2e+19",
				"source":"4"
			}
		],
		"notes":[
			{
				"value":"HeII \\(\\lambda 4686\\) and HeII \\(\\lambda 3203\\) in emission",
				"source":"4"
			}
		],
		"ra":[
			{
				"value":"16:09:28.29",
				"u_value":"hours",
				"source":"1"
			},
			{
				"value":"16:09:28.296",
				"u_value":"hours",
				"source":"4,7"
			}
		],
		"redshift":[
			{
				"value":"0.1696",
				"source":"1,4"
			}
		],
		"velocity":[
			{
				"value":"46590",
				"derived":true,
				"u_value":"km/s",
				"source":"6"
			}
		],
		"photometry":[
			{
				"time":[
					"48083.6",
					"48083.633"
				],
				"countrate":"0.0313036",
				"energy":[
					"0.3",
					"2.0"
				],
				"flux":"5.67E-14",
				"instrument":"PSPC",
				"luminosity":"4.76E+42",
				"nhmw":"0.0129",
				"photonindex":"4.5",
				"telescope":"ROSAT",
				"u_countrate":"s^-1",
				"u_energy":"keV",
				"u_flux":"ergs/cm^2/s",
				"u_time":"MJD",
				"upperlimit":true,
				"source":"1"
			},
			{
				"time":[
					"52618.1",
					"52618.100"
				],
				"countrate":"0.855",
				"energy":[
					"0.3",
					"2.0"
				],
				"flux":"3.03E-12",
				"instrument":"PN",
				"luminosity":"2.54E+44",
				"nhmw":"0.0129",
				"photonindex":"4.5",
				"telescope":"XMM",
				"u_countrate":"s^-1",
				"u_energy":"keV",
				"u_flux":"ergs/cm^2/s",
				"u_time":"MJD",
				"upperlimit":true,
				"source":"1"
			},
			{
				"time":[
					"52922.5",
					"52922.500"
				],
				"countrate":"1.39",
				"energy":[
					"0.3",
					"2.0"
				],
				"flux":"4.93E-12",
				"instrument":"PN",
				"luminosity":"4.14E+44",
				"nhmw":"0.0129",
				"photonindex":"4.5",
				"telescope":"XMM",
				"u_countrate":"s^-1",
				"u_energy":"keV",
				"u_flux":"ergs/cm^2/s",
				"u_time":"MJD",
				"upperlimit":true,
				"source":"1"
			},
			{
				"time":[
					"53557.9",
					"53557.900"
				],
				"countrate":"0.685",
				"energy":[
					"0.3",
					"2.0"
				],
				"flux":"2.43E-12",
				"instrument":"PN",
				"luminosity":"2.04E+44",
				"nhmw":"0.0129",
				"photonindex":"4.5",
				"telescope":"XMM",
				"u_countrate":"s^-1",
				"u_energy":"keV",
				"u_flux":"ergs/cm^2/s",
				"u_time":"MJD",
				"upperlimit":true,
				"source":"1"
			},
			{
				"time":"54940.55",
				"band":"i",
				"instrument":"Pan-STARRS1",
				"magnitude":"22.65",
				"restframe":true,
				"u_time":"MJD",
				"upperlimit":true,
				"source":"4"
			},
			{
				"time":"54941.59",
				"band":"i",
				"instrument":"Pan-STARRS1",
				"magnitude":"22.93",
				"restframe":true,
				"u_time":"MJD",
				"upperlimit":true,
				"source":"4"
			},
			{
				"time":"54941.62",
				"band":"r",
				"instrument":"Pan-STARRS1",
				"magnitude":"23.35",
				"restframe":true,
				"u_time":"MJD",
				"upperlimit":true,
				"source":"4"
			},
			{
				"time":"54950.61",
				"band":"r",
				"instrument":"Pan-STARRS1",
				"magnitude":"23.30",
				"restframe":true,
				"u_time":"MJD",
				"upperlimit":true,
				"source":"4"
			},
			{
				"time":"54951.60",
				"band":"r",
				"instrument":"Pan-STARRS1",
				"magnitude":"23.34",
				"restframe":true,
				"u_time":"MJD",
				"upperlimit":true,
				"source":"4"
			},
			{
				"time":"54952.61",
				"band":"i",
				"instrument":"Pan-STARRS1",
				"magnitude":"22.90",
				"restframe":true,
				"u_time":"MJD",
				"upperlimit":true,
				"source":"4"
			},
			{
				"time":"54953.55",
				"band":"i",
				"instrument":"Pan-STARRS1",
				"magnitude":"22.84",
				"restframe":true,
				"u_time":"MJD",
				"upperlimit":true,
				"source":"4"
			},
			{
				"time":"54953.59",
				"band":"r",
				"instrument":"Pan-STARRS1",
				"magnitude":"23.32",
				"restframe":true,
				"u_time":"MJD",
				"upperlimit":true,
				"source":"4"
			},
			{
				"time":"54956.46",
				"band":"z",
				"instrument":"Pan-STARRS1",
				"magnitude":"22.97",
				"restframe":true,
				"u_time":"MJD",
				"upperlimit":true,
				"source":"4"
			},
			{
				"time":"54957.55",
				"band":"z",
				"instrument":"Pan-STARRS1",
				"magnitude":"22.82",
				"restframe":true,
				"u_time":"MJD",
				"upperlimit":true,
				"source":"4"
			},
			{
				"time":"54960.52",
				"band":"NUV",
				"instrument":"GALEX",
				"magnitude":"23.72",
				"restframe":true,
				"u_time":"MJD",
				"upperlimit":true,
				"source":"4"
			},
			{
				"time":"54962.98",
				"band":"NUV",
				"instrument":"GALEX",
				"magnitude":"23.74",
				"restframe":true,
				"u_time":"MJD",
				"upperlimit":true,
				"source":"4"
			},
			{
				"time":"54964.90",
				"band":"NUV",
				"instrument":"GALEX",
				"magnitude":"23.77",
				"restframe":true,
				"u_time":"MJD",
				"upperlimit":true,
				"source":"4"
			},
			{
				"time":"54966.82",
				"band":"NUV",
				"instrument":"GALEX",
				"magnitude":"23.80",
				"restframe":true,
				"u_time":"MJD",
				"upperlimit":true,
				"source":"4"
			},
			{
				"time":"54968.80",
				"band":"NUV",
				"instrument":"GALEX",
				"magnitude":"23.84",
				"restframe":true,
				"u_time":"MJD",
				"upperlimit":true,
				"source":"4"
			},
			{
				"time":"54973.52",
				"band":"r",
				"instrument":"Pan-STARRS1",
				"magnitude":"23.37",
				"restframe":true,
				"u_time":"MJD",
				"upperlimit":true,
				"source":"4"
			},
			{
				"time":"54979.48",
				"band":"g",
				"instrument":"Pan-STARRS1",
				"magnitude":"23.90",
				"restframe":true,
				"u_time":"MJD",
				"upperlimit":true,
				"source":"4"
			},
			{
				"time":"54982.43",
				"band":"g",
				"instrument":"Pan-STARRS1",
				"magnitude":"23.89",
				"restframe":true,
				"u_time":"MJD",
				"upperlimit":true,
				"source":"4"
			},
			{
				"time":"54984.42",
				"band":"i",
				"instrument":"Pan-STARRS1",
				"magnitude":"22.94",
				"restframe":true,
				"u_time":"MJD",
				"upperlimit":true,
				"source":"4"
			},
			{
				"time":"54985.47",
				"band":"i",
				"instrument":"Pan-STARRS1",
				"magnitude":"22.91",
				"restframe":true,
				"u_time":"MJD",
				"upperlimit":true,
				"source":"4"
			},
			{
				"time":"54993.46",
				"band":"r",
				"instrument":"Pan-STARRS1",
				"magnitude":"23.26",
				"restframe":true,
				"u_time":"MJD",
				"upperlimit":true,
				"source":"4"
			},
			{
				"time":"54995.42",
				"band":"z",
				"instrument":"Pan-STARRS1",
				"magnitude":"23.04",
				"restframe":true,
				"u_time":"MJD",
				"upperlimit":true,
				"source":"4"
			},
			{
				"time":"54996.45",
				"band":"g",
				"instrument":"Pan-STARRS1",
				"magnitude":"23.70",
				"restframe":true,
				"u_time":"MJD",
				"upperlimit":true,
				"source":"4"
			},
			{
				"time":"54996.46",
				"band":"r",
				"instrument":"Pan-STARRS1",
				"magnitude":"23.20",
				"restframe":true,
				"u_time":"MJD",
				"upperlimit":true,
				"source":"4"
			},
			{
				"time":"54997.37",
				"band":"i",
				"instrument":"Pan-STARRS1",
				"magnitude":"22.97",
				"restframe":true,
				"u_time":"MJD",
				"upperlimit":true,
				"source":"4"
			},
			{
				"time":"54998.43",
				"band":"z",
				"instrument":"Pan-STARRS1",
				"magnitude":"22.88",
				"restframe":true,
				"u_time":"MJD",
				"upperlimit":true,
				"source":"4"
			},
			{
				"time":"54999.44",
				"band":"g",
				"instrument":"Pan-STARRS1",
				"magnitude":"23.79",
				"restframe":true,
				"u_time":"MJD",
				"upperlimit":true,
				"source":"4"
			},
			{
				"time":"54999.46",
				"band":"r",
				"instrument":"Pan-STARRS1",
				"magnitude":"23.06",
				"restframe":true,
				"u_time":"MJD",
				"upperlimit":true,
				"source":"4"
			},
			{
				"time":"55000.40",
				"band":"i",
				"instrument":"Pan-STARRS1",
				"magnitude":"22.93",
				"restframe":true,
				"u_time":"MJD",
				"upperlimit":true,
				"source":"4"
			},
			{
				"time":"55002.42",
				"band":"g",
				"instrument":"Pan-STARRS1",
				"magnitude":"23.83",
				"restframe":true,
				"u_time":"MJD",
				"upperlimit":true,
				"source":"4"
			},
			{
				"time":"55002.43",
				"band":"r",
				"instrument":"Pan-STARRS1",
				"magnitude":"23.31",
				"restframe":true,
				"u_time":"MJD",
				"upperlimit":true,
				"source":"4"
			},
			{
				"time":"55003.52",
				"band":"NUV",
				"instrument":"GALEX",
				"magnitude":"23.80",
				"restframe":true,
				"u_time":"MJD",
				"upperlimit":true,
				"source":"4"
			},
			{
				"time":"55005.57",
				"band":"NUV",
				"instrument":"GALEX",
				"magnitude":"23.75",
				"restframe":true,
				"u_time":"MJD",
				"upperlimit":true,
				"source":"4"
			},
			{
				"time":"55007.39",
				"band":"z",
				"instrument":"Pan-STARRS1",
				"magnitude":"22.97",
				"restframe":true,
				"u_time":"MJD",
				"upperlimit":true,
				"source":"4"
			},
			{
				"time":"55007.42",
				"band":"NUV",
				"instrument":"GALEX",
				"magnitude":"23.70",
				"restframe":true,
				"u_time":"MJD",
				"upperlimit":true,
				"source":"4"
			},
			{
				"time":"55009.48",
				"band":"NUV",
				"instrument":"GALEX",
				"magnitude":"23.64",
				"restframe":true,
				"u_time":"MJD",
				"upperlimit":true,
				"source":"4"
			},
			{
				"time":"55010.37",
				"band":"z",
				"instrument":"Pan-STARRS1",
				"magnitude":"23.02",
				"restframe":true,
				"u_time":"MJD",
				"upperlimit":true,
				"source":"4"
			},
			{
				"time":"55011.60",
				"band":"NUV",
				"instrument":"GALEX",
				"magnitude":"23.63",
				"restframe":true,
				"u_time":"MJD",
				"upperlimit":true,
				"source":"4"
			},
			{
				"time":"55012.36",
				"band":"i",
				"instrument":"Pan-STARRS1",
				"magnitude":"22.95",
				"restframe":true,
				"u_time":"MJD",
				"upperlimit":true,
				"source":"4"
			},
			{
				"time":"55013.66",
				"band":"NUV",
				"instrument":"GALEX",
				"magnitude":"23.68",
				"restframe":true,
				"u_time":"MJD",
				"upperlimit":true,
				"source":"4"
			},
			{
				"time":"55014.29",
				"band":"g",
				"instrument":"Pan-STARRS1",
				"magnitude":"23.62",
				"restframe":true,
				"u_time":"MJD",
				"upperlimit":true,
				"source":"4"
			},
			{
				"time":"55014.31",
				"band":"r",
				"instrument":"Pan-STARRS1",
				"magnitude":"23.29",
				"restframe":true,
				"u_time":"MJD",
				"upperlimit":true,
				"source":"4"
			},
			{
				"time":"55015.32",
				"band":"i",
				"instrument":"Pan-STARRS1",
				"magnitude":"22.84",
				"restframe":true,
				"u_time":"MJD",
				"upperlimit":true,
				"source":"4"
			},
			{
				"time":"55016.30",
				"band":"z",
				"instrument":"Pan-STARRS1",
				"magnitude":"22.97",
				"restframe":true,
				"u_time":"MJD",
				"upperlimit":true,
				"source":"4"
			},
			{
				"time":"55029.30",
				"band":"g",
				"instrument":"Pan-STARRS1",
				"magnitude":"23.04",
				"restframe":true,
				"u_time":"MJD",
				"upperlimit":true,
				"source":"4"
			},
			{
				"time":"55034.39",
				"band":"z",
				"instrument":"Pan-STARRS1",
				"magnitude":"22.64",
				"restframe":true,
				"u_time":"MJD",
				"upperlimit":true,
				"source":"4"
			},
			{
				"time":"55075.25",
				"band":"i",
				"instrument":"Pan-STARRS1",
				"magnitude":"22.86",
				"restframe":true,
				"u_time":"MJD",
				"upperlimit":true,
				"source":"4"
			},
			{
				"time":"55089.25",
				"band":"g",
				"instrument":"Pan-STARRS1",
				"magnitude":"23.84",
				"restframe":true,
				"u_time":"MJD",
				"upperlimit":true,
				"source":"4"
			},
			{
				"time":"55089.26",
				"band":"r",
				"instrument":"Pan-STARRS1",
				"magnitude":"23.32",
				"restframe":true,
				"u_time":"MJD",
				"upperlimit":true,
				"source":"4"
			},
			{
				"time":"55093.24",
				"band":"i",
				"instrument":"Pan-STARRS1",
				"magnitude":"22.88",
				"restframe":true,
				"u_time":"MJD",
				"upperlimit":true,
				"source":"4"
			},
			{
				"time":"55094.24",
				"band":"z",
				"instrument":"Pan-STARRS1",
				"magnitude":"22.19",
				"restframe":true,
				"u_time":"MJD",
				"upperlimit":true,
				"source":"4"
			},
			{
				"time":"55103.22",
				"band":"z",
				"instrument":"Pan-STARRS1",
				"magnitude":"23.02",
				"restframe":true,
				"u_time":"MJD",
				"upperlimit":true,
				"source":"4"
			},
			{
				"time":"55288.54",
				"band":"i",
				"instrument":"Pan-STARRS1",
				"magnitude":"22.91",
				"restframe":true,
				"u_time":"MJD",
				"upperlimit":true,
				"source":"4"
			},
			{
				"time":"55295.62",
				"band":"z",
				"instrument":"Pan-STARRS1",
				"magnitude":"22.90",
				"restframe":true,
				"u_time":"MJD",
				"upperlimit":true,
				"source":"4"
			},
			{
				"time":"55298.61",
				"band":"z",
				"instrument":"Pan-STARRS1",
				"magnitude":"23.11",
				"restframe":true,
				"u_time":"MJD",
				"upperlimit":true,
				"source":"4"
			},
			{
				"time":"55300.59",
				"band":"i",
				"instrument":"Pan-STARRS1",
				"magnitude":"22.93",
				"restframe":true,
				"u_time":"MJD",
				"upperlimit":true,
				"source":"4"
			},
			{
				"time":"55302.59",
				"band":"g",
				"instrument":"Pan-STARRS1",
				"magnitude":"23.72",
				"restframe":true,
				"u_time":"MJD",
				"upperlimit":true,
				"source":"4"
			},
			{
				"time":"55304.59",
				"band":"z",
				"instrument":"Pan-STARRS1",
				"magnitude":"23.06",
				"restframe":true,
				"u_time":"MJD",
				"upperlimit":true,
				"source":"4"
			},
			{
				"time":"55305.58",
				"band":"g",
				"instrument":"Pan-STARRS1",
				"magnitude":"23.63",
				"restframe":true,
				"u_time":"MJD",
				"upperlimit":true,
				"source":"4"
			},
			{
				"time":"55305.60",
				"band":"r",
				"instrument":"Pan-STARRS1",
				"magnitude":"23.20",
				"restframe":true,
				"u_time":"MJD",
				"upperlimit":true,
				"source":"4"
			},
			{
				"time":"55319.77",
				"band":"NUV",
				"instrument":"GALEX",
				"magnitude":"23.77",
				"restframe":true,
				"u_time":"MJD",
				"upperlimit":true,
				"source":"4"
			},
			{
				"time":"55323.74",
				"band":"NUV",
				"instrument":"GALEX",
				"magnitude":"23.82",
				"restframe":true,
				"u_time":"MJD",
				"upperlimit":true,
				"source":"4"
			},
			{
				"time":"55324.59",
				"band":"i",
				"instrument":"Pan-STARRS1",
				"magnitude":"22.94",
				"restframe":true,
				"u_time":"MJD",
				"upperlimit":true,
				"source":"4"
			},
			{
				"time":"55325.52",
				"band":"z",
				"instrument":"Pan-STARRS1",
				"magnitude":"22.96",
				"restframe":true,
				"u_time":"MJD",
				"upperlimit":true,
				"source":"4"
			},
			{
				"time":"55325.86",
				"band":"NUV",
				"instrument":"GALEX",
				"magnitude":"23.85",
				"restframe":true,
				"u_time":"MJD",
				"upperlimit":true,
				"source":"4"
			},
			{
				"time":"55332.40",
				"band":"g",
				"e_magnitude":"1.56",
				"instrument":"Pan-STARRS1",
				"magnitude":"24.51",
				"restframe":true,
				"u_time":"MJD",
				"source":"4"
			},
			{
				"time":"55335.40",
				"band":"g",
				"e_magnitude":"1.34",
				"instrument":"Pan-STARRS1",
				"magnitude":"24.22",
				"restframe":true,
				"u_time":"MJD",
				"source":"4"
			},
			{
				"time":"55335.40",
				"band":"r",
				"e_magnitude":"0.51",
				"instrument":"Pan-STARRS1",
				"magnitude":"23.09",
				"restframe":true,
				"u_time":"MJD",
				"source":"4"
			},
			{
				"time":"55338.40",
				"band":"g",
				"e_magnitude":"1.17",
				"instrument":"Pan-STARRS1",
				"magnitude":"23.74",
				"restframe":true,
				"u_time":"MJD",
				"source":"4"
			},
			{
				"time":"55338.40",
				"band":"r",
				"e_magnitude":"0.55",
				"instrument":"Pan-STARRS1",
				"magnitude":"22.75",
				"restframe":true,
				"u_time":"MJD",
				"source":"4"
			},
			{
				"time":"55347.40",
				"band":"g",
				"e_magnitude":"0.20",
				"instrument":"Pan-STARRS1",
				"magnitude":"22.01",
				"restframe":true,
				"u_time":"MJD",
				"source":"4"
			},
			{
				"time":"55347.50",
				"band":"r",
				"e_magnitude":"0.29",
				"instrument":"Pan-STARRS1",
				"magnitude":"22.54",
				"restframe":true,
				"u_time":"MJD",
				"source":"4"
			},
			{
				"time":"55348.40",
				"band":"i",
				"e_magnitude":"0.29",
				"instrument":"Pan-STARRS1",
				"magnitude":"22.75",
				"restframe":true,
				"u_time":"MJD",
				"source":"4"
			},
			{
				"time":"55350.50",
				"band":"g",
				"e_magnitude":"0.13",
				"instrument":"Pan-STARRS1",
				"magnitude":"21.70",
				"restframe":true,
				"u_time":"MJD",
				"source":"4"
			},
			{
				"time":"55350.50",
				"band":"r",
				"e_magnitude":"0.17",
				"instrument":"Pan-STARRS1",
				"magnitude":"21.92",
				"restframe":true,
				"u_time":"MJD",
				"source":"4"
			},
			{
				"time":"55352.50",
				"band":"z",
				"e_magnitude":"0.25",
				"instrument":"Pan-STARRS1",
				"magnitude":"22.26",
				"restframe":true,
				"u_time":"MJD",
				"source":"4"
			},
			{
				"time":"55353.40",
				"band":"g",
				"e_magnitude":"0.09",
				"instrument":"Pan-STARRS1",
				"magnitude":"21.39",
				"restframe":true,
				"u_time":"MJD",
				"source":"4"
			},
			{
				"time":"55353.40",
				"band":"r",
				"e_magnitude":"0.11",
				"instrument":"Pan-STARRS1",
				"magnitude":"21.59",
				"restframe":true,
				"u_time":"MJD",
				"source":"4"
			},
			{
				"time":"55361.40",
				"band":"z",
				"e_magnitude":"0.11",
				"instrument":"Pan-STARRS1",
				"magnitude":"21.45",
				"restframe":true,
				"u_time":"MJD",
				"source":"4"
			},
			{
				"time":"55362.40",
				"band":"g",
				"e_magnitude":"0.05",
				"instrument":"Pan-STARRS1",
				"magnitude":"20.60",
				"restframe":true,
				"u_time":"MJD",
				"source":"4"
			},
			{
				"time":"55362.40",
				"band":"r",
				"e_magnitude":"0.06",
				"instrument":"Pan-STARRS1",
				"magnitude":"20.91",
				"restframe":true,
				"u_time":"MJD",
				"source":"4"
			},
			{
				"time":"55363.50",
				"band":"i",
				"e_magnitude":"0.08",
				"instrument":"Pan-STARRS1",
				"magnitude":"21.05",
				"restframe":true,
				"u_time":"MJD",
				"source":"4"
			},
			{
				"time":"55364.40",
				"band":"z",
				"e_magnitude":"0.20",
				"instrument":"Pan-STARRS1",
				"magnitude":"21.54",
				"restframe":true,
				"u_time":"MJD",
				"source":"4"
			},
			{
				"time":"55364.68",
				"band":"NUV",
				"e_magnitude":"0.07",
				"instrument":"GALEX",
				"magnitude":"19.47",
				"restframe":true,
				"u_time":"MJD",
				"source":"4"
			},
			{
				"time":"55365.30",
				"band":"g",
				"e_magnitude":"0.04",
				"instrument":"Pan-STARRS1",
				"magnitude":"20.47",
				"restframe":true,
				"u_time":"MJD",
				"source":"4"
			},
			{
				"time":"55365.30",
				"band":"r",
				"e_magnitude":"0.05",
				"instrument":"Pan-STARRS1",
				"magnitude":"20.74",
				"restframe":true,
				"u_time":"MJD",
				"source":"4"
			},
			{
				"time":"55366.30",
				"band":"i",
				"e_magnitude":"0.06",
				"instrument":"Pan-STARRS1",
				"magnitude":"20.97",
				"restframe":true,
				"u_time":"MJD",
				"source":"4"
			},
			{
				"time":"55366.95",
				"band":"NUV",
				"e_magnitude":"0.08",
				"instrument":"GALEX",
				"magnitude":"19.41",
				"restframe":true,
				"u_time":"MJD",
				"source":"4"
			},
			{
				"time":"55367.30",
				"band":"z",
				"e_magnitude":"0.09",
				"instrument":"Pan-STARRS1",
				"magnitude":"21.13",
				"restframe":true,
				"u_time":"MJD",
				"source":"4"
			},
			{
				"time":"55368.40",
				"band":"g",
				"e_magnitude":"0.04",
				"instrument":"Pan-STARRS1",
				"magnitude":"20.34",
				"restframe":true,
				"u_time":"MJD",
				"source":"4"
			},
			{
				"time":"55368.40",
				"band":"r",
				"e_magnitude":"0.05",
				"instrument":"Pan-STARRS1",
				"magnitude":"20.63",
				"restframe":true,
				"u_time":"MJD",
				"source":"4"
			},
			{
				"time":"55370.57",
				"band":"NUV",
				"e_magnitude":"0.04",
				"instrument":"GALEX",
				"magnitude":"19.18",
				"restframe":true,
				"u_time":"MJD",
				"source":"4"
			},
			{
				"time":"55376.40",
				"band":"z",
				"e_magnitude":"0.08",
				"instrument":"Pan-STARRS1",
				"magnitude":"20.80",
				"restframe":true,
				"u_time":"MJD",
				"source":"4"
			},
			{
				"time":"55377.40",
				"band":"g",
				"e_magnitude":"0.03",
				"instrument":"Pan-STARRS1",
				"magnitude":"20.04",
				"restframe":true,
				"u_time":"MJD",
				"source":"4"
			},
			{
				"time":"55377.50",
				"band":"r",
				"e_magnitude":"0.04",
				"instrument":"Pan-STARRS1",
				"magnitude":"20.32",
				"restframe":true,
				"u_time":"MJD",
				"source":"4"
			},
			{
				"time":"55378.40",
				"band":"i",
				"e_magnitude":"0.05",
				"instrument":"Pan-STARRS1",
				"magnitude":"20.51",
				"restframe":true,
				"u_time":"MJD",
				"source":"4"
			},
			{
				"time":"55379.30",
				"band":"z",
				"e_magnitude":"0.06",
				"instrument":"Pan-STARRS1",
				"magnitude":"20.81",
				"restframe":true,
				"u_time":"MJD",
				"source":"4"
			},
			{
				"time":"55389.30",
				"band":"g",
				"e_magnitude":"0.03",
				"instrument":"Pan-STARRS1",
				"magnitude":"19.83",
				"restframe":true,
				"u_time":"MJD",
				"source":"4"
			},
			{
				"time":"55389.30",
				"band":"r",
				"e_magnitude":"0.04",
				"instrument":"Pan-STARRS1",
				"magnitude":"20.14",
				"restframe":true,
				"u_time":"MJD",
				"source":"4"
			},
			{
				"time":"55406.40",
				"band":"z",
				"e_magnitude":"0.07",
				"instrument":"Pan-STARRS1",
				"magnitude":"20.74",
				"restframe":true,
				"u_time":"MJD",
				"source":"4"
			},
			{
				"time":"55407.30",
				"band":"g",
				"e_magnitude":"0.03",
				"instrument":"Pan-STARRS1",
				"magnitude":"19.92",
				"restframe":true,
				"u_time":"MJD",
				"source":"4"
			},
			{
				"time":"55407.40",
				"band":"r",
				"e_magnitude":"0.04",
				"instrument":"Pan-STARRS1",
				"magnitude":"20.23",
				"restframe":true,
				"u_time":"MJD",
				"source":"4"
			},
			{
				"time":"55408.30",
				"band":"i",
				"e_magnitude":"0.04",
				"instrument":"Pan-STARRS1",
				"magnitude":"20.44",
				"restframe":true,
				"u_time":"MJD",
				"source":"4"
			},
			{
				"time":"55409.30",
				"band":"z",
				"e_magnitude":"0.06",
				"instrument":"Pan-STARRS1",
				"magnitude":"20.65",
				"restframe":true,
				"u_time":"MJD",
				"source":"4"
			},
			{
				"time":"55411.40",
				"band":"i",
				"e_magnitude":"0.04",
				"instrument":"Pan-STARRS1",
				"magnitude":"20.50",
				"restframe":true,
				"u_time":"MJD",
				"source":"4"
			},
			{
				"time":"55412.40",
				"band":"z",
				"e_magnitude":"0.06",
				"instrument":"Pan-STARRS1",
				"magnitude":"20.68",
				"restframe":true,
				"u_time":"MJD",
				"source":"4"
			},
			{
				"time":"55413.30",
				"band":"g",
				"e_magnitude":"0.03",
				"instrument":"Pan-STARRS1",
				"magnitude":"20.09",
				"restframe":true,
				"u_time":"MJD",
				"source":"4"
			},
			{
				"time":"55413.30",
				"band":"r",
				"e_magnitude":"0.04",
				"instrument":"Pan-STARRS1",
				"magnitude":"20.38",
				"restframe":true,
				"u_time":"MJD",
				"source":"4"
			},
			{
				"time":"55414.30",
				"band":"i",
				"e_magnitude":"0.04",
				"instrument":"Pan-STARRS1",
				"magnitude":"20.55",
				"restframe":true,
				"u_time":"MJD",
				"source":"4"
			},
			{
				"time":"55416.30",
				"band":"g",
				"e_magnitude":"0.03",
				"instrument":"Pan-STARRS1",
				"magnitude":"20.14",
				"restframe":true,
				"u_time":"MJD",
				"source":"4"
			},
			{
				"time":"55416.30",
				"band":"r",
				"e_magnitude":"0.04",
				"instrument":"Pan-STARRS1",
				"magnitude":"20.45",
				"restframe":true,
				"u_time":"MJD",
				"source":"4"
			},
			{
				"time":"55417.30",
				"band":"i",
				"e_magnitude":"0.04",
				"instrument":"Pan-STARRS1",
				"magnitude":"20.55",
				"restframe":true,
				"u_time":"MJD",
				"source":"4"
			},
			{
				"time":"55422.30",
				"band":"g",
				"e_magnitude":"0.07",
				"instrument":"Pan-STARRS1",
				"magnitude":"20.45",
				"restframe":true,
				"u_time":"MJD",
				"source":"4"
			},
			{
				"time":"55422.30",
				"band":"r",
				"e_magnitude":"0.08",
				"instrument":"Pan-STARRS1",
				"magnitude":"20.70",
				"restframe":true,
				"u_time":"MJD",
				"source":"4"
			},
			{
				"time":"55423.30",
				"band":"i",
				"e_magnitude":"0.05",
				"instrument":"Pan-STARRS1",
				"magnitude":"20.75",
				"restframe":true,
				"u_time":"MJD",
				"source":"4"
			},
			{
				"time":"55424.30",
				"band":"z",
				"e_magnitude":"0.09",
				"instrument":"Pan-STARRS1",
				"magnitude":"21.14",
				"restframe":true,
				"u_time":"MJD",
				"source":"4"
			},
			{
				"time":"55425.30",
				"band":"g",
				"e_magnitude":"0.05",
				"instrument":"Pan-STARRS1",
				"magnitude":"20.40",
				"restframe":true,
				"u_time":"MJD",
				"source":"4"
			},
			{
				"time":"55425.30",
				"band":"r",
				"e_magnitude":"0.06",
				"instrument":"Pan-STARRS1",
				"magnitude":"20.68",
				"restframe":true,
				"u_time":"MJD",
				"source":"4"
			},
			{
				"time":"55427.30",
				"band":"z",
				"e_magnitude":"0.09",
				"instrument":"Pan-STARRS1",
				"magnitude":"21.20",
				"restframe":true,
				"u_time":"MJD",
				"source":"4"
			},
			{
				"time":"55428.30",
				"band":"g",
				"e_magnitude":"0.05",
				"instrument":"Pan-STARRS1",
				"magnitude":"20.50",
				"restframe":true,
				"u_time":"MJD",
				"source":"4"
			},
			{
				"time":"55428.30",
				"band":"r",
				"e_magnitude":"0.06",
				"instrument":"Pan-STARRS1",
				"magnitude":"20.76",
				"restframe":true,
				"u_time":"MJD",
				"source":"4"
			},
			{
				"time":"55429.30",
				"band":"i",
				"e_magnitude":"0.07",
				"instrument":"Pan-STARRS1",
				"magnitude":"20.93",
				"restframe":true,
				"u_time":"MJD",
				"source":"4"
			},
			{
				"time":"55436.30",
				"band":"z",
				"e_magnitude":"0.24",
				"instrument":"Pan-STARRS1",
				"magnitude":"21.84",
				"restframe":true,
				"u_time":"MJD",
				"source":"4"
			},
			{
				"time":"55437.30",
				"band":"g",
				"e_magnitude":"0.05",
				"instrument":"Pan-STARRS1",
				"magnitude":"20.68",
				"restframe":true,
				"u_time":"MJD",
				"source":"4"
			},
			{
				"time":"55437.30",
				"band":"r",
				"e_magnitude":"0.08",
				"instrument":"Pan-STARRS1",
				"magnitude":"21.08",
				"restframe":true,
				"u_time":"MJD",
				"source":"4"
			},
			{
				"time":"55438.30",
				"band":"i",
				"e_magnitude":"0.08",
				"instrument":"Pan-STARRS1",
				"magnitude":"21.27",
				"restframe":true,
				"u_time":"MJD",
				"source":"4"
			},
			{
				"time":"55439.20",
				"band":"z",
				"e_magnitude":"0.10",
				"instrument":"Pan-STARRS1",
				"magnitude":"21.39",
				"restframe":true,
				"u_time":"MJD",
				"source":"4"
			},
			{
				"time":"55440.30",
				"band":"g",
				"e_magnitude":"0.05",
				"instrument":"Pan-STARRS1",
				"magnitude":"20.79",
				"restframe":true,
				"u_time":"MJD",
				"source":"4"
			},
			{
				"time":"55440.30",
				"band":"r",
				"e_magnitude":"0.09",
				"instrument":"Pan-STARRS1",
				"magnitude":"21.19",
				"restframe":true,
				"u_time":"MJD",
				"source":"4"
			},
			{
				"time":"55441.30",
				"band":"i",
				"e_magnitude":"0.07",
				"instrument":"Pan-STARRS1",
				"magnitude":"21.23",
				"restframe":true,
				"u_time":"MJD",
				"source":"4"
			},
			{
				"time":"55442.20",
				"band":"z",
				"e_magnitude":"0.12",
				"instrument":"Pan-STARRS1",
				"magnitude":"21.55",
				"restframe":true,
				"u_time":"MJD",
				"source":"4"
			},
			{
				"time":"55443.30",
				"band":"g",
				"e_magnitude":"0.06",
				"instrument":"Pan-STARRS1",
				"magnitude":"20.89",
				"restframe":true,
				"u_time":"MJD",
				"source":"4"
			},
			{
				"time":"55443.30",
				"band":"r",
				"e_magnitude":"0.09",
				"instrument":"Pan-STARRS1",
				"magnitude":"21.20",
				"restframe":true,
				"u_time":"MJD",
				"source":"4"
			},
			{
				"time":"55444.30",
				"band":"i",
				"e_magnitude":"0.08",
				"instrument":"Pan-STARRS1",
				"magnitude":"21.34",
				"restframe":true,
				"u_time":"MJD",
				"source":"4"
			},
			{
				"time":"55445.20",
				"band":"z",
				"e_magnitude":"0.21",
				"instrument":"Pan-STARRS1",
				"magnitude":"21.82",
				"restframe":true,
				"u_time":"MJD",
				"source":"4"
			},
			{
				"time":"55446.30",
				"band":"g",
				"e_magnitude":"0.06",
				"instrument":"Pan-STARRS1",
				"magnitude":"20.90",
				"restframe":true,
				"u_time":"MJD",
				"source":"4"
			},
			{
				"time":"55446.30",
				"band":"r",
				"e_magnitude":"0.08",
				"instrument":"Pan-STARRS1",
				"magnitude":"21.19",
				"restframe":true,
				"u_time":"MJD",
				"source":"4"
			},
			{
				"time":"55447.30",
				"band":"i",
				"e_magnitude":"0.10",
				"instrument":"Pan-STARRS1",
				"magnitude":"21.45",
				"restframe":true,
				"u_time":"MJD",
				"source":"4"
			},
			{
				"time":"55448.20",
				"band":"z",
				"e_magnitude":"0.18",
				"instrument":"Pan-STARRS1",
				"magnitude":"21.84",
				"restframe":true,
				"u_time":"MJD",
				"source":"4"
			},
			{
				"time":"55449.20",
				"band":"g",
				"e_magnitude":"0.07",
				"instrument":"Pan-STARRS1",
				"magnitude":"20.96",
				"restframe":true,
				"u_time":"MJD",
				"source":"4"
			},
			{
				"time":"55449.20",
				"band":"r",
				"e_magnitude":"0.09",
				"instrument":"Pan-STARRS1",
				"magnitude":"21.26",
				"restframe":true,
				"u_time":"MJD",
				"source":"4"
			},
			{
				"time":"55450.30",
				"band":"i",
				"e_magnitude":"0.09",
				"instrument":"Pan-STARRS1",
				"magnitude":"21.46",
				"restframe":true,
				"u_time":"MJD",
				"source":"4"
			},
			{
				"time":"55451.30",
				"band":"z",
				"e_magnitude":"0.24",
				"instrument":"Pan-STARRS1",
				"magnitude":"21.72",
				"restframe":true,
				"u_time":"MJD",
				"source":"4"
			},
			{
				"time":"55452.30",
				"band":"g",
				"e_magnitude":"0.08",
				"instrument":"Pan-STARRS1",
				"magnitude":"21.02",
				"restframe":true,
				"u_time":"MJD",
				"source":"4"
			},
			{
				"time":"55452.30",
				"band":"r",
				"e_magnitude":"0.10",
				"instrument":"Pan-STARRS1",
				"magnitude":"21.38",
				"restframe":true,
				"u_time":"MJD",
				"source":"4"
			},
			{
				"time":"55453.20",
				"band":"i",
				"e_magnitude":"0.12",
				"instrument":"Pan-STARRS1",
				"magnitude":"21.55",
				"restframe":true,
				"u_time":"MJD",
				"source":"4"
			},
			{
				"time":"55454.20",
				"band":"z",
				"e_magnitude":"0.20",
				"instrument":"Pan-STARRS1",
				"magnitude":"21.98",
				"restframe":true,
				"u_time":"MJD",
				"source":"4"
			},
			{
				"time":"55456.20",
				"band":"i",
				"e_magnitude":"0.13",
				"instrument":"Pan-STARRS1",
				"magnitude":"21.56",
				"restframe":true,
				"u_time":"MJD",
				"source":"4"
			},
			{
				"time":"55457.20",
				"band":"z",
				"e_magnitude":"0.28",
				"instrument":"Pan-STARRS1",
				"magnitude":"22.22",
				"restframe":true,
				"u_time":"MJD",
				"source":"4"
			},
			{
				"time":"55595.70",
				"band":"z",
				"e_magnitude":"1.23",
				"instrument":"Pan-STARRS1",
				"magnitude":"24.23",
				"restframe":true,
				"u_time":"MJD",
				"source":"4"
			},
			{
				"time":"55602.60",
				"band":"g",
				"e_magnitude":"0.29",
				"instrument":"Pan-STARRS1",
				"magnitude":"22.65",
				"restframe":true,
				"u_time":"MJD",
				"source":"4"
			},
			{
				"time":"55602.60",
				"band":"r",
				"e_magnitude":"0.46",
				"instrument":"Pan-STARRS1",
				"magnitude":"23.11",
				"restframe":true,
				"u_time":"MJD",
				"source":"4"
			},
			{
				"time":"55615.60",
				"band":"i",
				"e_magnitude":"0.93",
				"instrument":"Pan-STARRS1",
				"magnitude":"23.26",
				"restframe":true,
				"u_time":"MJD",
				"source":"4"
			},
			{
				"time":"55674.82",
				"band":"NUV",
				"e_magnitude":"0.12",
				"instrument":"GALEX",
				"magnitude":"21.83",
				"restframe":true,
				"u_time":"MJD",
				"source":"4"
			},
			{
				"time":"55675.10",
				"band":"z",
				"e_magnitude":"0.97",
				"instrument":"Pan-STARRS1",
				"magnitude":"23.30",
				"restframe":true,
				"u_time":"MJD",
				"source":"4"
			},
			{
				"time":"55675.55",
				"band":"i",
				"e_magnitude":"1.85",
				"instrument":"Pan-STARRS1",
				"magnitude":"24.24",
				"restframe":true,
				"u_time":"MJD",
				"source":"4"
			},
			{
				"time":"55676.05",
				"band":"r",
				"e_magnitude":"0.67",
				"instrument":"Pan-STARRS1",
				"magnitude":"23.35",
				"restframe":true,
				"u_time":"MJD",
				"source":"4"
			},
			{
				"time":"55677.60",
				"band":"g",
				"e_magnitude":"0.40",
				"instrument":"Pan-STARRS1",
				"magnitude":"23.05",
				"restframe":true,
				"u_time":"MJD",
				"source":"4"
			},
			{
				"time":"55691.39",
				"band":"NUV",
				"e_magnitude":"0.13",
				"instrument":"GALEX",
				"magnitude":"21.91",
				"restframe":true,
				"u_time":"MJD",
				"source":"4"
			},
			{
				"time":"55694.50",
				"band":"z",
				"instrument":"Pan-STARRS1",
				"magnitude":"23.20",
				"restframe":true,
				"u_time":"MJD",
				"upperlimit":true,
				"source":"4"
			},
			{
				"time":"55703.90",
				"band":"i",
				"e_magnitude":"3.96",
				"instrument":"Pan-STARRS1",
				"magnitude":"25.05",
				"restframe":true,
				"u_time":"MJD",
				"source":"4"
			},
			{
				"time":[
					"55704",
					"55704.114"
				],
				"countrate":"0.000643159",
				"energy":[
					"0.3",
					"2.0"
				],
				"flux":"3.82E-15",
				"instrument":"ACIS-S",
				"luminosity":"3.20E+41",
				"nhmw":"0.0129",
				"photonindex":"4.5",
				"telescope":"Chandra",
				"u_countrate":"s^-1",
				"u_energy":"keV",
				"u_flux":"ergs/cm^2/s",
				"u_time":"MJD",
				"upperlimit":true,
				"source":"1"
			},
			{
				"time":"55706.05",
				"band":"g",
				"e_magnitude":"0.68",
				"instrument":"Pan-STARRS1",
				"magnitude":"23.42",
				"restframe":true,
				"u_time":"MJD",
				"source":"4"
			},
			{
				"time":"55706.05",
				"band":"r",
				"e_magnitude":"0.84",
				"instrument":"Pan-STARRS1",
				"magnitude":"23.58",
				"restframe":true,
				"u_time":"MJD",
				"source":"4"
			},
			{
				"time":"55720.62",
				"band":"NUV",
				"e_magnitude":"0.16",
				"instrument":"GALEX",
				"magnitude":"22.27",
				"restframe":true,
				"u_time":"MJD",
				"source":"4"
			},
			{
				"time":"55734.35",
				"band":"r",
				"e_magnitude":"0.76",
				"instrument":"Pan-STARRS1",
				"magnitude":"23.32",
				"restframe":true,
				"u_time":"MJD",
				"source":"4"
			},
			{
				"time":"55735.35",
				"band":"i",
				"e_magnitude":"3.72",
				"instrument":"Pan-STARRS1",
				"magnitude":"24.21",
				"restframe":true,
				"u_time":"MJD",
				"source":"4"
			},
			{
				"time":"55740.90",
				"band":"z",
				"e_magnitude":"1.09",
				"instrument":"Pan-STARRS1",
				"magnitude":"24.01",
				"restframe":true,
				"u_time":"MJD",
				"source":"4"
			},
			{
				"time":"55741.85",
				"band":"g",
				"e_magnitude":"0.55",
				"instrument":"Pan-STARRS1",
				"magnitude":"23.24",
				"restframe":true,
				"u_time":"MJD",
				"source":"4"
			},
			{
				"time":[
					"55757.4",
					"55757.400"
				],
				"countrate":"2.58",
				"energy":[
					"0.3",
					"2.0"
				],
				"flux":"9.16E-12",
				"instrument":"PN",
				"luminosity":"7.69E+44",
				"nhmw":"0.0129",
				"photonindex":"4.5",
				"telescope":"XMM",
				"u_countrate":"s^-1",
				"u_energy":"keV",
				"u_flux":"ergs/cm^2/s",
				"u_time":"MJD",
				"upperlimit":true,
				"source":"1"
			},
			{
				"time":"55764.30",
				"band":"g",
				"e_magnitude":"0.69",
				"instrument":"Pan-STARRS1",
				"magnitude":"23.53",
				"restframe":true,
				"u_time":"MJD",
				"source":"4"
			},
			{
				"time":"55764.80",
				"band":"z",
				"e_magnitude":"1.11",
				"instrument":"Pan-STARRS1",
				"magnitude":"23.85",
				"restframe":true,
				"u_time":"MJD",
				"source":"4"
			},
			{
				"time":"55765.30",
				"band":"i",
				"e_magnitude":"1.52",
				"instrument":"Pan-STARRS1",
				"magnitude":"24.38",
				"restframe":true,
				"u_time":"MJD",
				"source":"4"
			},
			{
				"time":"55765.80",
				"band":"r",
				"e_magnitude":"1.53",
				"instrument":"Pan-STARRS1",
				"magnitude":"23.96",
				"restframe":true,
				"u_time":"MJD",
				"source":"4"
			},
			{
				"time":[
					"55789.8",
					"55789.800"
				],
				"countrate":"1.15",
				"energy":[
					"0.3",
					"2.0"
				],
				"flux":"4.08E-12",
				"instrument":"PN",
				"luminosity":"3.42E+44",
				"nhmw":"0.0129",
				"photonindex":"4.5",
				"telescope":"XMM",
				"u_countrate":"s^-1",
				"u_energy":"keV",
				"u_flux":"ergs/cm^2/s",
				"u_time":"MJD",
				"upperlimit":true,
				"source":"1"
			},
			{
				"time":"55794.75",
				"band":"z",
				"e_magnitude":"1.76",
				"instrument":"Pan-STARRS1",
				"magnitude":"24.50",
				"restframe":true,
				"u_time":"MJD",
				"source":"4"
			},
			{
				"time":"55797.30",
				"band":"g",
				"e_magnitude":"0.83",
				"instrument":"Pan-STARRS1",
				"magnitude":"23.53",
				"restframe":true,
				"u_time":"MJD",
				"source":"4"
			},
			{
				"time":"55797.30",
				"band":"r",
				"e_magnitude":"2.07",
				"instrument":"Pan-STARRS1",
				"magnitude":"24.24",
				"restframe":true,
				"u_time":"MJD",
				"source":"4"
			},
			{
				"time":"55798.25",
				"band":"i",
				"e_magnitude":"1.73",
				"instrument":"Pan-STARRS1",
				"magnitude":"24.49",
				"restframe":true,
				"u_time":"MJD",
				"source":"4"
			},
			{
				"time":[
					"55919.1",
					"55919.100"
				],
				"countrate":"0.258",
				"energy":[
					"0.3",
					"2.0"
				],
				"flux":"9.16E-13",
				"instrument":"PN",
				"luminosity":"7.69E+43",
				"nhmw":"0.0129",
				"photonindex":"4.5",
				"telescope":"XMM",
				"u_countrate":"s^-1",
				"u_energy":"keV",
				"u_flux":"ergs/cm^2/s",
				"u_time":"MJD",
				"upperlimit":true,
				"source":"1"
			},
			{
				"time":"56821",
				"band":"F225W",
				"e_magnitude":"0.12",
				"instrument":"UVIS",
				"magnitude":"23.70",
				"telescope":"HST",
				"u_time":"MJD",
				"source":"3"
			},
			{
				"time":[
					"56833.1",
					"56833.100"
				],
				"countrate":"0.671",
				"e_countrate":"0.396",
				"e_lower_flux":"9.72E-13",
				"e_lower_luminosity":"8.16E+43",
				"e_upper_flux":"3.80E-12",
				"e_upper_luminosity":"3.19E+44",
				"energy":[
					"0.3",
					"2.0"
				],
				"flux":"2.38E-12",
				"instrument":"PN",
				"luminosity":"2.00E+44",
				"nhmw":"0.0129",
				"photonindex":"4.5",
				"telescope":"XMM",
				"u_countrate":"s^-1",
				"u_energy":"keV",
				"u_flux":"ergs/cm^2/s",
				"u_time":"MJD",
				"source":"1"
			}
		]
	}
}