{
	"PS1-10jh": {
		"ebv": [
				{
					"e_value": "0.0003", 
					"derived": true, 
					"value": "0.0115", 
					"source": "5,6"
				}
		], 
		"redshift": [
				{
					"source": "1,4", 
					"value": "0.1696"
				}
		], 
		"claimedtype": [
				{
					"source": "4", 
					"value": "MS + SMBH"
				}, 
				{
					"source": "4", 
					"value": "He + SMBH"
				}
		], 
		"maxvisualdate": [
				{
					"source": "4,6", 
					"derived": true, 
					"value": "2010/07/12"
				}
		], 
		"sources": [
				{
					"alias": "1", 
					"bibcode": "2017ApJ...838..149A", 
					"name": "2017ApJ...838..149A", 
					"reference": "Auchettl, Guillochon, & Ramirez-Ruiz (2017)"
				}, 
				{
					"alias": "2", 
					"bibcode": "2016A&A...594A..13P", 
					"name": "2016A&A...594A..13P", 
					"reference": "Planck Collaboration et al. (2016)"
				}, 
				{
					"alias": "3", 
					"bibcode": "2015ApJ...815L...5G", 
					"name": "2015ApJ...815L...5G", 
					"reference": "Gezari et al. (2015)"
				}, 
				{
					"alias": "4", 
					"bibcode": "2012Natur.485..217G", 
					"name": "2012Natur.485..217G", 
					"reference": "Gezari et al. (2012)"
				}, 
				{
					"alias": "5", 
					"bibcode": "2011ApJ...737..103S", 
					"name": "2011ApJ...737..103S", 
					"reference": "Schlafly & Finkbeiner (2011)"
				}, 
				{
					"bibcode": "2017ApJ...835...64G", 
					"name": "The Open TDE Catalog", 
					"reference": "Guillochon et al. (2017)", 
					"url": "https://tde.space", 
					"alias": "6", 
					"secondary": true
				}, 
				{
					"bibcode": "2000A&AS..143....9W", 
					"name": "SIMBAD astronomical database", 
					"reference": "Wenger et al. (2000)", 
					"url": "http://simbad.u-strasbg.fr/", 
					"alias": "7", 
					"secondary": true
				}
		], 
		"maxabsmag": [
				{
					"source": "1,2,4,6", 
					"derived": true, 
					"value": "-20.278"
				}
		], 
		"nh": [
				{
					"source": "4", 
					"value": "7.2e+19"
				}
		], 
		"hostdec": [
				{
					"source": "1", 
					"u_value": "degrees", 
					"value": "+53:40:23.99"
				}
		], 
		"comovingdist": [
				{
					"u_value": "Mpc", 
					"derived": true, 
					"value": "720.3", 
					"source": "1,2,4,6"
				}
		], 
		"maxappmag": [
				{
					"source": "4,6", 
					"derived": true, 
					"value": "19.18"
				}
		], 
		"maxdate": [
				{
					"source": "4,6", 
					"derived": true, 
					"value": "2010/06/23"
				}
		], 
		"maxvisualband": [
				{
					"source": "4,6", 
					"derived": true, 
					"value": "g"
				}
		], 
		"citations": [
				{
					"source": "4", 
					"value": "<a href='http://adsabs.harvard.edu/abs/2012Natur.485..217G'>Gezari et al. 2012</a>*&Dagger;, <a href='http://adsabs.harvard.edu/abs/2013arXiv1304.6397G'>Guillochon et al. 2013</a>&Dagger;"
				}
		], 
		"ra": [
				{
					"source": "1", 
					"u_value": "hours", 
					"value": "16:09:28.29"
				}, 
				{
					"source": "4,7", 
					"u_value": "hours", 
					"value": "16:09:28.296"
				}
		], 
		"maxvisualappmag": [
				{
					"source": "4,6", 
					"derived": true, 
					"value": "19.83"
				}
		], 
		"schema": "https://github.com/astrocatalogs/tidaldisruptions/blob/f405406/SCHEMA.md", 
		"hostra": [
				{
					"source": "1", 
					"u_value": "hours", 
					"value": "16:09:28.28"
				}
		], 
		"lumdist": [
				{
					"u_value": "Mpc", 
					"derived": true, 
					"value": "842.4", 
					"source": "1,2,4,6"
				}
		], 
		"maxband": [
				{
					"source": "4,6", 
					"derived": true, 
					"value": "NUV"
				}
		], 
		"host": [
				{
					"source": "1,4", 
					"value": "SDSS J160928.27+534023.9"
				}
		], 
		"discoverdate": [
				{
					"source": "4,6", 
					"derived": true, 
					"value": "2010/05/16"
				}
		], 
		"photometry": [
				{
					"u_energy": "keV", 
					"telescope": "ROSAT", 
					"instrument": "PSPC", 
					"source": "1", 
					"luminosity": "4.76E+42", 
					"energy": [
						"0.3", 
						"2.0"
					], 
					"u_countrate": "s^-1", 
					"photonindex": "4.5", 
					"countrate": "0.0313036", 
					"flux": "5.67E-14", 
					"nhmw": "0.0129", 
					"u_flux": "ergs/cm^2/s", 
					"u_time": "MJD", 
					"time": [
						"48083.6", 
						"48083.633"
					], 
					"upperlimit": true
				}, 
				{
					"u_energy": "keV", 
					"telescope": "XMM", 
					"instrument": "PN", 
					"source": "1", 
					"luminosity": "2.54E+44", 
					"energy": [
						"0.3", 
						"2.0"
					], 
					"u_countrate": "s^-1", 
					"photonindex": "4.5", 
					"countrate": "0.855", 
					"flux": "3.03E-12", 
					"nhmw": "0.0129", 
					"u_flux": "ergs/cm^2/s", 
					"u_time": "MJD", 
					"time": [
						"52618.1", 
						"52618.100"
					], 
					"upperlimit": true
				}, 
				{
					"u_energy": "keV", 
					"telescope": "XMM", 
					"instrument": "PN", 
					"source": "1", 
					"luminosity": "4.14E+44", 
					"energy": [
						"0.3", 
						"2.0"
					], 
					"u_countrate": "s^-1", 
					"photonindex": "4.5", 
					"countrate": "1.39", 
					"flux": "4.93E-12", 
					"nhmw": "0.0129", 
					"u_flux": "ergs/cm^2/s", 
					"u_time": "MJD", 
					"time": [
						"52922.5", 
						"52922.500"
					], 
					"upperlimit": true
				}, 
				{
					"u_energy": "keV", 
					"telescope": "XMM", 
					"instrument": "PN", 
					"source": "1", 
					"luminosity": "2.04E+44", 
					"energy": [
						"0.3", 
						"2.0"
					], 
					"u_countrate": "s^-1", 
					"photonindex": "4.5", 
					"countrate": "0.685", 
					"flux": "2.43E-12", 
					"nhmw": "0.0129", 
					"u_flux": "ergs/cm^2/s", 
					"u_time": "MJD", 
					"time": [
						"53557.9", 
						"53557.900"
					], 
					"upperlimit": true
				}, 
				{
					"instrument": "Pan-STARRS1", 
					"source": "4", 
					"restframe": true, 
					"band": "i", 
					"magnitude": "22.65", 
					"u_time": "MJD", 
					"time": "54940.55", 
					"upperlimit": true
				}, 
				{
					"instrument": "Pan-STARRS1", 
					"source": "4", 
					"restframe": true, 
					"band": "i", 
					"magnitude": "22.93", 
					"u_time": "MJD", 
					"time": "54941.59", 
					"upperlimit": true
				}, 
				{
					"instrument": "Pan-STARRS1", 
					"source": "4", 
					"restframe": true, 
					"band": "r", 
					"magnitude": "23.35", 
					"u_time": "MJD", 
					"time": "54941.62", 
					"upperlimit": true
				}, 
				{
					"instrument": "Pan-STARRS1", 
					"source": "4", 
					"restframe": true, 
					"band": "r", 
					"magnitude": "23.30", 
					"u_time": "MJD", 
					"time": "54950.61", 
					"upperlimit": true
				}, 
				{
					"instrument": "Pan-STARRS1", 
					"source": "4", 
					"restframe": true, 
					"band": "r", 
					"magnitude": "23.34", 
					"u_time": "MJD", 
					"time": "54951.60", 
					"upperlimit": true
				}, 
				{
					"instrument": "Pan-STARRS1", 
					"source": "4", 
					"restframe": true, 
					"band": "i", 
					"magnitude": "22.90", 
					"u_time": "MJD", 
					"time": "54952.61", 
					"upperlimit": true
				}, 
				{
					"instrument": "Pan-STARRS1", 
					"source": "4", 
					"restframe": true, 
					"band": "i", 
					"magnitude": "22.84", 
					"u_time": "MJD", 
					"time": "54953.55", 
					"upperlimit": true
				}, 
				{
					"instrument": "Pan-STARRS1", 
					"source": "4", 
					"restframe": true, 
					"band": "r", 
					"magnitude": "23.32", 
					"u_time": "MJD", 
					"time": "54953.59", 
					"upperlimit": true
				}, 
				{
					"instrument": "Pan-STARRS1", 
					"source": "4", 
					"restframe": true, 
					"band": "z", 
					"magnitude": "22.97", 
					"u_time": "MJD", 
					"time": "54956.46", 
					"upperlimit": true
				}, 
				{
					"instrument": "Pan-STARRS1", 
					"source": "4", 
					"restframe": true, 
					"band": "z", 
					"magnitude": "22.82", 
					"u_time": "MJD", 
					"time": "54957.55", 
					"upperlimit": true
				}, 
				{
					"instrument": "GALEX", 
					"source": "4", 
					"restframe": true, 
					"band": "NUV", 
					"magnitude": "23.72", 
					"u_time": "MJD", 
					"time": "54960.52", 
					"upperlimit": true
				}, 
				{
					"instrument": "GALEX", 
					"source": "4", 
					"restframe": true, 
					"band": "NUV", 
					"magnitude": "23.74", 
					"u_time": "MJD", 
					"time": "54962.98", 
					"upperlimit": true
				}, 
				{
					"instrument": "GALEX", 
					"source": "4", 
					"restframe": true, 
					"band": "NUV", 
					"magnitude": "23.77", 
					"u_time": "MJD", 
					"time": "54964.90", 
					"upperlimit": true
				}, 
				{
					"instrument": "GALEX", 
					"source": "4", 
					"restframe": true, 
					"band": "NUV", 
					"magnitude": "23.80", 
					"u_time": "MJD", 
					"time": "54966.82", 
					"upperlimit": true
				}, 
				{
					"instrument": "GALEX", 
					"source": "4", 
					"restframe": true, 
					"band": "NUV", 
					"magnitude": "23.84", 
					"u_time": "MJD", 
					"time": "54968.80", 
					"upperlimit": true
				}, 
				{
					"instrument": "Pan-STARRS1", 
					"source": "4", 
					"restframe": true, 
					"band": "r", 
					"magnitude": "23.37", 
					"u_time": "MJD", 
					"time": "54973.52", 
					"upperlimit": true
				}, 
				{
					"instrument": "Pan-STARRS1", 
					"source": "4", 
					"restframe": true, 
					"band": "g", 
					"magnitude": "23.90", 
					"u_time": "MJD", 
					"time": "54979.48", 
					"upperlimit": true
				}, 
				{
					"instrument": "Pan-STARRS1", 
					"source": "4", 
					"restframe": true, 
					"band": "g", 
					"magnitude": "23.89", 
					"u_time": "MJD", 
					"time": "54982.43", 
					"upperlimit": true
				}, 
				{
					"instrument": "Pan-STARRS1", 
					"source": "4", 
					"restframe": true, 
					"band": "i", 
					"magnitude": "22.94", 
					"u_time": "MJD", 
					"time": "54984.42", 
					"upperlimit": true
				}, 
				{
					"instrument": "Pan-STARRS1", 
					"source": "4", 
					"restframe": true, 
					"band": "i", 
					"magnitude": "22.91", 
					"u_time": "MJD", 
					"time": "54985.47", 
					"upperlimit": true
				}, 
				{
					"instrument": "Pan-STARRS1", 
					"source": "4", 
					"restframe": true, 
					"band": "r", 
					"magnitude": "23.26", 
					"u_time": "MJD", 
					"time": "54993.46", 
					"upperlimit": true
				}, 
				{
					"instrument": "Pan-STARRS1", 
					"source": "4", 
					"restframe": true, 
					"band": "z", 
					"magnitude": "23.04", 
					"u_time": "MJD", 
					"time": "54995.42", 
					"upperlimit": true
				}, 
				{
					"instrument": "Pan-STARRS1", 
					"source": "4", 
					"restframe": true, 
					"band": "g", 
					"magnitude": "23.70", 
					"u_time": "MJD", 
					"time": "54996.45", 
					"upperlimit": true
				}, 
				{
					"instrument": "Pan-STARRS1", 
					"source": "4", 
					"restframe": true, 
					"band": "r", 
					"magnitude": "23.20", 
					"u_time": "MJD", 
					"time": "54996.46", 
					"upperlimit": true
				}, 
				{
					"instrument": "Pan-STARRS1", 
					"source": "4", 
					"restframe": true, 
					"band": "i", 
					"magnitude": "22.97", 
					"u_time": "MJD", 
					"time": "54997.37", 
					"upperlimit": true
				}, 
				{
					"instrument": "Pan-STARRS1", 
					"source": "4", 
					"restframe": true, 
					"band": "z", 
					"magnitude": "22.88", 
					"u_time": "MJD", 
					"time": "54998.43", 
					"upperlimit": true
				}, 
				{
					"instrument": "Pan-STARRS1", 
					"source": "4", 
					"restframe": true, 
					"band": "g", 
					"magnitude": "23.79", 
					"u_time": "MJD", 
					"time": "54999.44", 
					"upperlimit": true
				}, 
				{
					"instrument": "Pan-STARRS1", 
					"source": "4", 
					"restframe": true, 
					"band": "r", 
					"magnitude": "23.06", 
					"u_time": "MJD", 
					"time": "54999.46", 
					"upperlimit": true
				}, 
				{
					"instrument": "Pan-STARRS1", 
					"source": "4", 
					"restframe": true, 
					"band": "i", 
					"magnitude": "22.93", 
					"u_time": "MJD", 
					"time": "55000.40", 
					"upperlimit": true
				}, 
				{
					"instrument": "Pan-STARRS1", 
					"source": "4", 
					"restframe": true, 
					"band": "g", 
					"magnitude": "23.83", 
					"u_time": "MJD", 
					"time": "55002.42", 
					"upperlimit": true
				}, 
				{
					"instrument": "Pan-STARRS1", 
					"source": "4", 
					"restframe": true, 
					"band": "r", 
					"magnitude": "23.31", 
					"u_time": "MJD", 
					"time": "55002.43", 
					"upperlimit": true
				}, 
				{
					"instrument": "GALEX", 
					"source": "4", 
					"restframe": true, 
					"band": "NUV", 
					"magnitude": "23.80", 
					"u_time": "MJD", 
					"time": "55003.52", 
					"upperlimit": true
				}, 
				{
					"instrument": "GALEX", 
					"source": "4", 
					"restframe": true, 
					"band": "NUV", 
					"magnitude": "23.75", 
					"u_time": "MJD", 
					"time": "55005.57", 
					"upperlimit": true
				}, 
				{
					"instrument": "Pan-STARRS1", 
					"source": "4", 
					"restframe": true, 
					"band": "z", 
					"magnitude": "22.97", 
					"u_time": "MJD", 
					"time": "55007.39", 
					"upperlimit": true
				}, 
				{
					"instrument": "GALEX", 
					"source": "4", 
					"restframe": true, 
					"band": "NUV", 
					"magnitude": "23.70", 
					"u_time": "MJD", 
					"time": "55007.42", 
					"upperlimit": true
				}, 
				{
					"instrument": "GALEX", 
					"source": "4", 
					"restframe": true, 
					"band": "NUV", 
					"magnitude": "23.64", 
					"u_time": "MJD", 
					"time": "55009.48", 
					"upperlimit": true
				}, 
				{
					"instrument": "Pan-STARRS1", 
					"source": "4", 
					"restframe": true, 
					"band": "z", 
					"magnitude": "23.02", 
					"u_time": "MJD", 
					"time": "55010.37", 
					"upperlimit": true
				}, 
				{
					"instrument": "GALEX", 
					"source": "4", 
					"restframe": true, 
					"band": "NUV", 
					"magnitude": "23.63", 
					"u_time": "MJD", 
					"time": "55011.60", 
					"upperlimit": true
				}, 
				{
					"instrument": "Pan-STARRS1", 
					"source": "4", 
					"restframe": true, 
					"band": "i", 
					"magnitude": "22.95", 
					"u_time": "MJD", 
					"time": "55012.36", 
					"upperlimit": true
				}, 
				{
					"instrument": "GALEX", 
					"source": "4", 
					"restframe": true, 
					"band": "NUV", 
					"magnitude": "23.68", 
					"u_time": "MJD", 
					"time": "55013.66", 
					"upperlimit": true
				}, 
				{
					"instrument": "Pan-STARRS1", 
					"source": "4", 
					"restframe": true, 
					"band": "g", 
					"magnitude": "23.62", 
					"u_time": "MJD", 
					"time": "55014.29", 
					"upperlimit": true
				}, 
				{
					"instrument": "Pan-STARRS1", 
					"source": "4", 
					"restframe": true, 
					"band": "r", 
					"magnitude": "23.29", 
					"u_time": "MJD", 
					"time": "55014.31", 
					"upperlimit": true
				}, 
				{
					"instrument": "Pan-STARRS1", 
					"source": "4", 
					"restframe": true, 
					"band": "i", 
					"magnitude": "22.84", 
					"u_time": "MJD", 
					"time": "55015.32", 
					"upperlimit": true
				}, 
				{
					"instrument": "Pan-STARRS1", 
					"source": "4", 
					"restframe": true, 
					"band": "z", 
					"magnitude": "22.97", 
					"u_time": "MJD", 
					"time": "55016.30", 
					"upperlimit": true
				}, 
				{
					"instrument": "Pan-STARRS1", 
					"source": "4", 
					"restframe": true, 
					"band": "g", 
					"magnitude": "23.04", 
					"u_time": "MJD", 
					"time": "55029.30", 
					"upperlimit": true
				}, 
				{
					"instrument": "Pan-STARRS1", 
					"source": "4", 
					"restframe": true, 
					"band": "z", 
					"magnitude": "22.64", 
					"u_time": "MJD", 
					"time": "55034.39", 
					"upperlimit": true
				}, 
				{
					"instrument": "Pan-STARRS1", 
					"source": "4", 
					"restframe": true, 
					"band": "i", 
					"magnitude": "22.86", 
					"u_time": "MJD", 
					"time": "55075.25", 
					"upperlimit": true
				}, 
				{
					"instrument": "Pan-STARRS1", 
					"source": "4", 
					"restframe": true, 
					"band": "g", 
					"magnitude": "23.84", 
					"u_time": "MJD", 
					"time": "55089.25", 
					"upperlimit": true
				}, 
				{
					"instrument": "Pan-STARRS1", 
					"source": "4", 
					"restframe": true, 
					"band": "r", 
					"magnitude": "23.32", 
					"u_time": "MJD", 
					"time": "55089.26", 
					"upperlimit": true
				}, 
				{
					"instrument": "Pan-STARRS1", 
					"source": "4", 
					"restframe": true, 
					"band": "i", 
					"magnitude": "22.88", 
					"u_time": "MJD", 
					"time": "55093.24", 
					"upperlimit": true
				}, 
				{
					"instrument": "Pan-STARRS1", 
					"source": "4", 
					"restframe": true, 
					"band": "z", 
					"magnitude": "22.19", 
					"u_time": "MJD", 
					"time": "55094.24", 
					"upperlimit": true
				}, 
				{
					"instrument": "Pan-STARRS1", 
					"source": "4", 
					"restframe": true, 
					"band": "z", 
					"magnitude": "23.02", 
					"u_time": "MJD", 
					"time": "55103.22", 
					"upperlimit": true
				}, 
				{
					"instrument": "Pan-STARRS1", 
					"source": "4", 
					"restframe": true, 
					"band": "i", 
					"magnitude": "22.91", 
					"u_time": "MJD", 
					"time": "55288.54", 
					"upperlimit": true
				}, 
				{
					"instrument": "Pan-STARRS1", 
					"source": "4", 
					"restframe": true, 
					"band": "z", 
					"magnitude": "22.90", 
					"u_time": "MJD", 
					"time": "55295.62", 
					"upperlimit": true
				}, 
				{
					"instrument": "Pan-STARRS1", 
					"source": "4", 
					"restframe": true, 
					"band": "z", 
					"magnitude": "23.11", 
					"u_time": "MJD", 
					"time": "55298.61", 
					"upperlimit": true
				}, 
				{
					"instrument": "Pan-STARRS1", 
					"source": "4", 
					"restframe": true, 
					"band": "i", 
					"magnitude": "22.93", 
					"u_time": "MJD", 
					"time": "55300.59", 
					"upperlimit": true
				}, 
				{
					"instrument": "Pan-STARRS1", 
					"source": "4", 
					"restframe": true, 
					"band": "g", 
					"magnitude": "23.72", 
					"u_time": "MJD", 
					"time": "55302.59", 
					"upperlimit": true
				}, 
				{
					"instrument": "Pan-STARRS1", 
					"source": "4", 
					"restframe": true, 
					"band": "z", 
					"magnitude": "23.06", 
					"u_time": "MJD", 
					"time": "55304.59", 
					"upperlimit": true
				}, 
				{
					"instrument": "Pan-STARRS1", 
					"source": "4", 
					"restframe": true, 
					"band": "g", 
					"magnitude": "23.63", 
					"u_time": "MJD", 
					"time": "55305.58", 
					"upperlimit": true
				}, 
				{
					"instrument": "Pan-STARRS1", 
					"source": "4", 
					"restframe": true, 
					"band": "r", 
					"magnitude": "23.20", 
					"u_time": "MJD", 
					"time": "55305.60", 
					"upperlimit": true
				}, 
				{
					"instrument": "GALEX", 
					"source": "4", 
					"restframe": true, 
					"band": "NUV", 
					"magnitude": "23.77", 
					"u_time": "MJD", 
					"time": "55319.77", 
					"upperlimit": true
				}, 
				{
					"instrument": "GALEX", 
					"source": "4", 
					"restframe": true, 
					"band": "NUV", 
					"magnitude": "23.82", 
					"u_time": "MJD", 
					"time": "55323.74", 
					"upperlimit": true
				}, 
				{
					"instrument": "Pan-STARRS1", 
					"source": "4", 
					"restframe": true, 
					"band": "i", 
					"magnitude": "22.94", 
					"u_time": "MJD", 
					"time": "55324.59", 
					"upperlimit": true
				}, 
				{
					"instrument": "Pan-STARRS1", 
					"source": "4", 
					"restframe": true, 
					"band": "z", 
					"magnitude": "22.96", 
					"u_time": "MJD", 
					"time": "55325.52", 
					"upperlimit": true
				}, 
				{
					"instrument": "GALEX", 
					"source": "4", 
					"restframe": true, 
					"band": "NUV", 
					"magnitude": "23.85", 
					"u_time": "MJD", 
					"time": "55325.86", 
					"upperlimit": true
				}, 
				{
					"e_magnitude": "1.56", 
					"instrument": "Pan-STARRS1", 
					"restframe": true, 
					"band": "g", 
					"magnitude": "24.51", 
					"u_time": "MJD", 
					"time": "55332.40", 
					"source": "4"
				}, 
				{
					"e_magnitude": "1.34", 
					"instrument": "Pan-STARRS1", 
					"restframe": true, 
					"band": "g", 
					"magnitude": "24.22", 
					"u_time": "MJD", 
					"time": "55335.40", 
					"source": "4"
				}, 
				{
					"e_magnitude": "0.51", 
					"instrument": "Pan-STARRS1", 
					"restframe": true, 
					"band": "r", 
					"magnitude": "23.09", 
					"u_time": "MJD", 
					"time": "55335.40", 
					"source": "4"
				}, 
				{
					"e_magnitude": "1.17", 
					"instrument": "Pan-STARRS1", 
					"restframe": true, 
					"band": "g", 
					"magnitude": "23.74", 
					"u_time": "MJD", 
					"time": "55338.40", 
					"source": "4"
				}, 
				{
					"e_magnitude": "0.55", 
					"instrument": "Pan-STARRS1", 
					"restframe": true, 
					"band": "r", 
					"magnitude": "22.75", 
					"u_time": "MJD", 
					"time": "55338.40", 
					"source": "4"
				}, 
				{
					"e_magnitude": "0.20", 
					"instrument": "Pan-STARRS1", 
					"restframe": true, 
					"band": "g", 
					"magnitude": "22.01", 
					"u_time": "MJD", 
					"time": "55347.40", 
					"source": "4"
				}, 
				{
					"e_magnitude": "0.29", 
					"instrument": "Pan-STARRS1", 
					"restframe": true, 
					"band": "r", 
					"magnitude": "22.54", 
					"u_time": "MJD", 
					"time": "55347.50", 
					"source": "4"
				}, 
				{
					"e_magnitude": "0.29", 
					"instrument": "Pan-STARRS1", 
					"restframe": true, 
					"band": "i", 
					"magnitude": "22.75", 
					"u_time": "MJD", 
					"time": "55348.40", 
					"source": "4"
				}, 
				{
					"e_magnitude": "0.13", 
					"instrument": "Pan-STARRS1", 
					"restframe": true, 
					"band": "g", 
					"magnitude": "21.70", 
					"u_time": "MJD", 
					"time": "55350.50", 
					"source": "4"
				}, 
				{
					"e_magnitude": "0.17", 
					"instrument": "Pan-STARRS1", 
					"restframe": true, 
					"band": "r", 
					"magnitude": "21.92", 
					"u_time": "MJD", 
					"time": "55350.50", 
					"source": "4"
				}, 
				{
					"e_magnitude": "0.25", 
					"instrument": "Pan-STARRS1", 
					"restframe": true, 
					"band": "z", 
					"magnitude": "22.26", 
					"u_time": "MJD", 
					"time": "55352.50", 
					"source": "4"
				}, 
				{
					"e_magnitude": "0.09", 
					"instrument": "Pan-STARRS1", 
					"restframe": true, 
					"band": "g", 
					"magnitude": "21.39", 
					"u_time": "MJD", 
					"time": "55353.40", 
					"source": "4"
				}, 
				{
					"e_magnitude": "0.11", 
					"instrument": "Pan-STARRS1", 
					"restframe": true, 
					"band": "r", 
					"magnitude": "21.59", 
					"u_time": "MJD", 
					"time": "55353.40", 
					"source": "4"
				}, 
				{
					"e_magnitude": "0.11", 
					"instrument": "Pan-STARRS1", 
					"restframe": true, 
					"band": "z", 
					"magnitude": "21.45", 
					"u_time": "MJD", 
					"time": "55361.40", 
					"source": "4"
				}, 
				{
					"e_magnitude": "0.05", 
					"instrument": "Pan-STARRS1", 
					"restframe": true, 
					"band": "g", 
					"magnitude": "20.60", 
					"u_time": "MJD", 
					"time": "55362.40", 
					"source": "4"
				}, 
				{
					"e_magnitude": "0.06", 
					"instrument": "Pan-STARRS1", 
					"restframe": true, 
					"band": "r", 
					"magnitude": "20.91", 
					"u_time": "MJD", 
					"time": "55362.40", 
					"source": "4"
				}, 
				{
					"e_magnitude": "0.08", 
					"instrument": "Pan-STARRS1", 
					"restframe": true, 
					"band": "i", 
					"magnitude": "21.05", 
					"u_time": "MJD", 
					"time": "55363.50", 
					"source": "4"
				}, 
				{
					"e_magnitude": "0.20", 
					"instrument": "Pan-STARRS1", 
					"restframe": true, 
					"band": "z", 
					"magnitude": "21.54", 
					"u_time": "MJD", 
					"time": "55364.40", 
					"source": "4"
				}, 
				{
					"e_magnitude": "0.07", 
					"instrument": "GALEX", 
					"restframe": true, 
					"band": "NUV", 
					"magnitude": "19.47", 
					"u_time": "MJD", 
					"time": "55364.68", 
					"source": "4"
				}, 
				{
					"e_magnitude": "0.04", 
					"instrument": "Pan-STARRS1", 
					"restframe": true, 
					"band": "g", 
					"magnitude": "20.47", 
					"u_time": "MJD", 
					"time": "55365.30", 
					"source": "4"
				}, 
				{
					"e_magnitude": "0.05", 
					"instrument": "Pan-STARRS1", 
					"restframe": true, 
					"band": "r", 
					"magnitude": "20.74", 
					"u_time": "MJD", 
					"time": "55365.30", 
					"source": "4"
				}, 
				{
					"e_magnitude": "0.06", 
					"instrument": "Pan-STARRS1", 
					"restframe": true, 
					"band": "i", 
					"magnitude": "20.97", 
					"u_time": "MJD", 
					"time": "55366.30", 
					"source": "4"
				}, 
				{
					"e_magnitude": "0.08", 
					"instrument": "GALEX", 
					"restframe": true, 
					"band": "NUV", 
					"magnitude": "19.41", 
					"u_time": "MJD", 
					"time": "55366.95", 
					"source": "4"
				}, 
				{
					"e_magnitude": "0.09", 
					"instrument": "Pan-STARRS1", 
					"restframe": true, 
					"band": "z", 
					"magnitude": "21.13", 
					"u_time": "MJD", 
					"time": "55367.30", 
					"source": "4"
				}, 
				{
					"e_magnitude": "0.04", 
					"instrument": "Pan-STARRS1", 
					"restframe": true, 
					"band": "g", 
					"magnitude": "20.34", 
					"u_time": "MJD", 
					"time": "55368.40", 
					"source": "4"
				}, 
				{
					"e_magnitude": "0.05", 
					"instrument": "Pan-STARRS1", 
					"restframe": true, 
					"band": "r", 
					"magnitude": "20.63", 
					"u_time": "MJD", 
					"time": "55368.40", 
					"source": "4"
				}, 
				{
					"e_magnitude": "0.04", 
					"instrument": "GALEX", 
					"restframe": true, 
					"band": "NUV", 
					"magnitude": "19.18", 
					"u_time": "MJD", 
					"time": "55370.57", 
					"source": "4"
				}, 
				{
					"e_magnitude": "0.08", 
					"instrument": "Pan-STARRS1", 
					"restframe": true, 
					"band": "z", 
					"magnitude": "20.80", 
					"u_time": "MJD", 
					"time": "55376.40", 
					"source": "4"
				}, 
				{
					"e_magnitude": "0.03", 
					"instrument": "Pan-STARRS1", 
					"restframe": true, 
					"band": "g", 
					"magnitude": "20.04", 
					"u_time": "MJD", 
					"time": "55377.40", 
					"source": "4"
				}, 
				{
					"e_magnitude": "0.04", 
					"instrument": "Pan-STARRS1", 
					"restframe": true, 
					"band": "r", 
					"magnitude": "20.32", 
					"u_time": "MJD", 
					"time": "55377.50", 
					"source": "4"
				}, 
				{
					"e_magnitude": "0.05", 
					"instrument": "Pan-STARRS1", 
					"restframe": true, 
					"band": "i", 
					"magnitude": "20.51", 
					"u_time": "MJD", 
					"time": "55378.40", 
					"source": "4"
				}, 
				{
					"e_magnitude": "0.06", 
					"instrument": "Pan-STARRS1", 
					"restframe": true, 
					"band": "z", 
					"magnitude": "20.81", 
					"u_time": "MJD", 
					"time": "55379.30", 
					"source": "4"
				}, 
				{
					"e_magnitude": "0.03", 
					"instrument": "Pan-STARRS1", 
					"restframe": true, 
					"band": "g", 
					"magnitude": "19.83", 
					"u_time": "MJD", 
					"time": "55389.30", 
					"source": "4"
				}, 
				{
					"e_magnitude": "0.04", 
					"instrument": "Pan-STARRS1", 
					"restframe": true, 
					"band": "r", 
					"magnitude": "20.14", 
					"u_time": "MJD", 
					"time": "55389.30", 
					"source": "4"
				}, 
				{
					"e_magnitude": "0.07", 
					"instrument": "Pan-STARRS1", 
					"restframe": true, 
					"band": "z", 
					"magnitude": "20.74", 
					"u_time": "MJD", 
					"time": "55406.40", 
					"source": "4"
				}, 
				{
					"e_magnitude": "0.03", 
					"instrument": "Pan-STARRS1", 
					"restframe": true, 
					"band": "g", 
					"magnitude": "19.92", 
					"u_time": "MJD", 
					"time": "55407.30", 
					"source": "4"
				}, 
				{
					"e_magnitude": "0.04", 
					"instrument": "Pan-STARRS1", 
					"restframe": true, 
					"band": "r", 
					"magnitude": "20.23", 
					"u_time": "MJD", 
					"time": "55407.40", 
					"source": "4"
				}, 
				{
					"e_magnitude": "0.04", 
					"instrument": "Pan-STARRS1", 
					"restframe": true, 
					"band": "i", 
					"magnitude": "20.44", 
					"u_time": "MJD", 
					"time": "55408.30", 
					"source": "4"
				}, 
				{
					"e_magnitude": "0.06", 
					"instrument": "Pan-STARRS1", 
					"restframe": true, 
					"band": "z", 
					"magnitude": "20.65", 
					"u_time": "MJD", 
					"time": "55409.30", 
					"source": "4"
				}, 
				{
					"e_magnitude": "0.04", 
					"instrument": "Pan-STARRS1", 
					"restframe": true, 
					"band": "i", 
					"magnitude": "20.50", 
					"u_time": "MJD", 
					"time": "55411.40", 
					"source": "4"
				}, 
				{
					"e_magnitude": "0.06", 
					"instrument": "Pan-STARRS1", 
					"restframe": true, 
					"band": "z", 
					"magnitude": "20.68", 
					"u_time": "MJD", 
					"time": "55412.40", 
					"source": "4"
				}, 
				{
					"e_magnitude": "0.03", 
					"instrument": "Pan-STARRS1", 
					"restframe": true, 
					"band": "g", 
					"magnitude": "20.09", 
					"u_time": "MJD", 
					"time": "55413.30", 
					"source": "4"
				}, 
				{
					"e_magnitude": "0.04", 
					"instrument": "Pan-STARRS1", 
					"restframe": true, 
					"band": "r", 
					"magnitude": "20.38", 
					"u_time": "MJD", 
					"time": "55413.30", 
					"source": "4"
				}, 
				{
					"e_magnitude": "0.04", 
					"instrument": "Pan-STARRS1", 
					"restframe": true, 
					"band": "i", 
					"magnitude": "20.55", 
					"u_time": "MJD", 
					"time": "55414.30", 
					"source": "4"
				}, 
				{
					"e_magnitude": "0.03", 
					"instrument": "Pan-STARRS1", 
					"restframe": true, 
					"band": "g", 
					"magnitude": "20.14", 
					"u_time": "MJD", 
					"time": "55416.30", 
					"source": "4"
				}, 
				{
					"e_magnitude": "0.04", 
					"instrument": "Pan-STARRS1", 
					"restframe": true, 
					"band": "r", 
					"magnitude": "20.45", 
					"u_time": "MJD", 
					"time": "55416.30", 
					"source": "4"
				}, 
				{
					"e_magnitude": "0.04", 
					"instrument": "Pan-STARRS1", 
					"restframe": true, 
					"band": "i", 
					"magnitude": "20.55", 
					"u_time": "MJD", 
					"time": "55417.30", 
					"source": "4"
				}, 
				{
					"e_magnitude": "0.07", 
					"instrument": "Pan-STARRS1", 
					"restframe": true, 
					"band": "g", 
					"magnitude": "20.45", 
					"u_time": "MJD", 
					"time": "55422.30", 
					"source": "4"
				}, 
				{
					"e_magnitude": "0.08", 
					"instrument": "Pan-STARRS1", 
					"restframe": true, 
					"band": "r", 
					"magnitude": "20.70", 
					"u_time": "MJD", 
					"time": "55422.30", 
					"source": "4"
				}, 
				{
					"e_magnitude": "0.05", 
					"instrument": "Pan-STARRS1", 
					"restframe": true, 
					"band": "i", 
					"magnitude": "20.75", 
					"u_time": "MJD", 
					"time": "55423.30", 
					"source": "4"
				}, 
				{
					"e_magnitude": "0.09", 
					"instrument": "Pan-STARRS1", 
					"restframe": true, 
					"band": "z", 
					"magnitude": "21.14", 
					"u_time": "MJD", 
					"time": "55424.30", 
					"source": "4"
				}, 
				{
					"e_magnitude": "0.05", 
					"instrument": "Pan-STARRS1", 
					"restframe": true, 
					"band": "g", 
					"magnitude": "20.40", 
					"u_time": "MJD", 
					"time": "55425.30", 
					"source": "4"
				}, 
				{
					"e_magnitude": "0.06", 
					"instrument": "Pan-STARRS1", 
					"restframe": true, 
					"band": "r", 
					"magnitude": "20.68", 
					"u_time": "MJD", 
					"time": "55425.30", 
					"source": "4"
				}, 
				{
					"e_magnitude": "0.09", 
					"instrument": "Pan-STARRS1", 
					"restframe": true, 
					"band": "z", 
					"magnitude": "21.20", 
					"u_time": "MJD", 
					"time": "55427.30", 
					"source": "4"
				}, 
				{
					"e_magnitude": "0.05", 
					"instrument": "Pan-STARRS1", 
					"restframe": true, 
					"band": "g", 
					"magnitude": "20.50", 
					"u_time": "MJD", 
					"time": "55428.30", 
					"source": "4"
				}, 
				{
					"e_magnitude": "0.06", 
					"instrument": "Pan-STARRS1", 
					"restframe": true, 
					"band": "r", 
					"magnitude": "20.76", 
					"u_time": "MJD", 
					"time": "55428.30", 
					"source": "4"
				}, 
				{
					"e_magnitude": "0.07", 
					"instrument": "Pan-STARRS1", 
					"restframe": true, 
					"band": "i", 
					"magnitude": "20.93", 
					"u_time": "MJD", 
					"time": "55429.30", 
					"source": "4"
				}, 
				{
					"e_magnitude": "0.24", 
					"instrument": "Pan-STARRS1", 
					"restframe": true, 
					"band": "z", 
					"magnitude": "21.84", 
					"u_time": "MJD", 
					"time": "55436.30", 
					"source": "4"
				}, 
				{
					"e_magnitude": "0.05", 
					"instrument": "Pan-STARRS1", 
					"restframe": true, 
					"band": "g", 
					"magnitude": "20.68", 
					"u_time": "MJD", 
					"time": "55437.30", 
					"source": "4"
				}, 
				{
					"e_magnitude": "0.08", 
					"instrument": "Pan-STARRS1", 
					"restframe": true, 
					"band": "r", 
					"magnitude": "21.08", 
					"u_time": "MJD", 
					"time": "55437.30", 
					"source": "4"
				}, 
				{
					"e_magnitude": "0.08", 
					"instrument": "Pan-STARRS1", 
					"restframe": true, 
					"band": "i", 
					"magnitude": "21.27", 
					"u_time": "MJD", 
					"time": "55438.30", 
					"source": "4"
				}, 
				{
					"e_magnitude": "0.10", 
					"instrument": "Pan-STARRS1", 
					"restframe": true, 
					"band": "z", 
					"magnitude": "21.39", 
					"u_time": "MJD", 
					"time": "55439.20", 
					"source": "4"
				}, 
				{
					"e_magnitude": "0.05", 
					"instrument": "Pan-STARRS1", 
					"restframe": true, 
					"band": "g", 
					"magnitude": "20.79", 
					"u_time": "MJD", 
					"time": "55440.30", 
					"source": "4"
				}, 
				{
					"e_magnitude": "0.09", 
					"instrument": "Pan-STARRS1", 
					"restframe": true, 
					"band": "r", 
					"magnitude": "21.19", 
					"u_time": "MJD", 
					"time": "55440.30", 
					"source": "4"
				}, 
				{
					"e_magnitude": "0.07", 
					"instrument": "Pan-STARRS1", 
					"restframe": true, 
					"band": "i", 
					"magnitude": "21.23", 
					"u_time": "MJD", 
					"time": "55441.30", 
					"source": "4"
				}, 
				{
					"e_magnitude": "0.12", 
					"instrument": "Pan-STARRS1", 
					"restframe": true, 
					"band": "z", 
					"magnitude": "21.55", 
					"u_time": "MJD", 
					"time": "55442.20", 
					"source": "4"
				}, 
				{
					"e_magnitude": "0.06", 
					"instrument": "Pan-STARRS1", 
					"restframe": true, 
					"band": "g", 
					"magnitude": "20.89", 
					"u_time": "MJD", 
					"time": "55443.30", 
					"source": "4"
				}, 
				{
					"e_magnitude": "0.09", 
					"instrument": "Pan-STARRS1", 
					"restframe": true, 
					"band": "r", 
					"magnitude": "21.20", 
					"u_time": "MJD", 
					"time": "55443.30", 
					"source": "4"
				}, 
				{
					"e_magnitude": "0.08", 
					"instrument": "Pan-STARRS1", 
					"restframe": true, 
					"band": "i", 
					"magnitude": "21.34", 
					"u_time": "MJD", 
					"time": "55444.30", 
					"source": "4"
				}, 
				{
					"e_magnitude": "0.21", 
					"instrument": "Pan-STARRS1", 
					"restframe": true, 
					"band": "z", 
					"magnitude": "21.82", 
					"u_time": "MJD", 
					"time": "55445.20", 
					"source": "4"
				}, 
				{
					"e_magnitude": "0.06", 
					"instrument": "Pan-STARRS1", 
					"restframe": true, 
					"band": "g", 
					"magnitude": "20.90", 
					"u_time": "MJD", 
					"time": "55446.30", 
					"source": "4"
				}, 
				{
					"e_magnitude": "0.08", 
					"instrument": "Pan-STARRS1", 
					"restframe": true, 
					"band": "r", 
					"magnitude": "21.19", 
					"u_time": "MJD", 
					"time": "55446.30", 
					"source": "4"
				}, 
				{
					"e_magnitude": "0.10", 
					"instrument": "Pan-STARRS1", 
					"restframe": true, 
					"band": "i", 
					"magnitude": "21.45", 
					"u_time": "MJD", 
					"time": "55447.30", 
					"source": "4"
				}, 
				{
					"e_magnitude": "0.18", 
					"instrument": "Pan-STARRS1", 
					"restframe": true, 
					"band": "z", 
					"magnitude": "21.84", 
					"u_time": "MJD", 
					"time": "55448.20", 
					"source": "4"
				}, 
				{
					"e_magnitude": "0.07", 
					"instrument": "Pan-STARRS1", 
					"restframe": true, 
					"band": "g", 
					"magnitude": "20.96", 
					"u_time": "MJD", 
					"time": "55449.20", 
					"source": "4"
				}, 
				{
					"e_magnitude": "0.09", 
					"instrument": "Pan-STARRS1", 
					"restframe": true, 
					"band": "r", 
					"magnitude": "21.26", 
					"u_time": "MJD", 
					"time": "55449.20", 
					"source": "4"
				}, 
				{
					"e_magnitude": "0.09", 
					"instrument": "Pan-STARRS1", 
					"restframe": true, 
					"band": "i", 
					"magnitude": "21.46", 
					"u_time": "MJD", 
					"time": "55450.30", 
					"source": "4"
				}, 
				{
					"e_magnitude": "0.24", 
					"instrument": "Pan-STARRS1", 
					"restframe": true, 
					"band": "z", 
					"magnitude": "21.72", 
					"u_time": "MJD", 
					"time": "55451.30", 
					"source": "4"
				}, 
				{
					"e_magnitude": "0.08", 
					"instrument": "Pan-STARRS1", 
					"restframe": true, 
					"band": "g", 
					"magnitude": "21.02", 
					"u_time": "MJD", 
					"time": "55452.30", 
					"source": "4"
				}, 
				{
					"e_magnitude": "0.10", 
					"instrument": "Pan-STARRS1", 
					"restframe": true, 
					"band": "r", 
					"magnitude": "21.38", 
					"u_time": "MJD", 
					"time": "55452.30", 
					"source": "4"
				}, 
				{
					"e_magnitude": "0.12", 
					"instrument": "Pan-STARRS1", 
					"restframe": true, 
					"band": "i", 
					"magnitude": "21.55", 
					"u_time": "MJD", 
					"time": "55453.20", 
					"source": "4"
				}, 
				{
					"e_magnitude": "0.20", 
					"instrument": "Pan-STARRS1", 
					"restframe": true, 
					"band": "z", 
					"magnitude": "21.98", 
					"u_time": "MJD", 
					"time": "55454.20", 
					"source": "4"
				}, 
				{
					"e_magnitude": "0.13", 
					"instrument": "Pan-STARRS1", 
					"restframe": true, 
					"band": "i", 
					"magnitude": "21.56", 
					"u_time": "MJD", 
					"time": "55456.20", 
					"source": "4"
				}, 
				{
					"e_magnitude": "0.28", 
					"instrument": "Pan-STARRS1", 
					"restframe": true, 
					"band": "z", 
					"magnitude": "22.22", 
					"u_time": "MJD", 
					"time": "55457.20", 
					"source": "4"
				}, 
				{
					"e_magnitude": "1.23", 
					"instrument": "Pan-STARRS1", 
					"restframe": true, 
					"band": "z", 
					"magnitude": "24.23", 
					"u_time": "MJD", 
					"time": "55595.70", 
					"source": "4"
				}, 
				{
					"e_magnitude": "0.29", 
					"instrument": "Pan-STARRS1", 
					"restframe": true, 
					"band": "g", 
					"magnitude": "22.65", 
					"u_time": "MJD", 
					"time": "55602.60", 
					"source": "4"
				}, 
				{
					"e_magnitude": "0.46", 
					"instrument": "Pan-STARRS1", 
					"restframe": true, 
					"band": "r", 
					"magnitude": "23.11", 
					"u_time": "MJD", 
					"time": "55602.60", 
					"source": "4"
				}, 
				{
					"e_magnitude": "0.93", 
					"instrument": "Pan-STARRS1", 
					"restframe": true, 
					"band": "i", 
					"magnitude": "23.26", 
					"u_time": "MJD", 
					"time": "55615.60", 
					"source": "4"
				}, 
				{
					"e_magnitude": "0.12", 
					"instrument": "GALEX", 
					"restframe": true, 
					"band": "NUV", 
					"magnitude": "21.83", 
					"u_time": "MJD", 
					"time": "55674.82", 
					"source": "4"
				}, 
				{
					"e_magnitude": "0.97", 
					"instrument": "Pan-STARRS1", 
					"restframe": true, 
					"band": "z", 
					"magnitude": "23.30", 
					"u_time": "MJD", 
					"time": "55675.10", 
					"source": "4"
				}, 
				{
					"e_magnitude": "1.85", 
					"instrument": "Pan-STARRS1", 
					"restframe": true, 
					"band": "i", 
					"magnitude": "24.24", 
					"u_time": "MJD", 
					"time": "55675.55", 
					"source": "4"
				}, 
				{
					"e_magnitude": "0.67", 
					"instrument": "Pan-STARRS1", 
					"restframe": true, 
					"band": "r", 
					"magnitude": "23.35", 
					"u_time": "MJD", 
					"time": "55676.05", 
					"source": "4"
				}, 
				{
					"e_magnitude": "0.40", 
					"instrument": "Pan-STARRS1", 
					"restframe": true, 
					"band": "g", 
					"magnitude": "23.05", 
					"u_time": "MJD", 
					"time": "55677.60", 
					"source": "4"
				}, 
				{
					"e_magnitude": "0.13", 
					"instrument": "GALEX", 
					"restframe": true, 
					"band": "NUV", 
					"magnitude": "21.91", 
					"u_time": "MJD", 
					"time": "55691.39", 
					"source": "4"
				}, 
				{
					"instrument": "Pan-STARRS1", 
					"source": "4", 
					"restframe": true, 
					"band": "z", 
					"magnitude": "23.20", 
					"u_time": "MJD", 
					"time": "55694.50", 
					"upperlimit": true
				}, 
				{
					"e_magnitude": "3.96", 
					"instrument": "Pan-STARRS1", 
					"restframe": true, 
					"band": "i", 
					"magnitude": "25.05", 
					"u_time": "MJD", 
					"time": "55703.90", 
					"source": "4"
				}, 
				{
					"u_energy": "keV", 
					"telescope": "Chandra", 
					"instrument": "ACIS-S", 
					"source": "1", 
					"luminosity": "3.20E+41", 
					"energy": [
						"0.3", 
						"2.0"
					], 
					"u_countrate": "s^-1", 
					"photonindex": "4.5", 
					"countrate": "0.000643159", 
					"flux": "3.82E-15", 
					"nhmw": "0.0129", 
					"u_flux": "ergs/cm^2/s", 
					"u_time": "MJD", 
					"time": [
						"55704", 
						"55704.114"
					], 
					"upperlimit": true
				}, 
				{
					"e_magnitude": "0.68", 
					"instrument": "Pan-STARRS1", 
					"restframe": true, 
					"band": "g", 
					"magnitude": "23.42", 
					"u_time": "MJD", 
					"time": "55706.05", 
					"source": "4"
				}, 
				{
					"e_magnitude": "0.84", 
					"instrument": "Pan-STARRS1", 
					"restframe": true, 
					"band": "r", 
					"magnitude": "23.58", 
					"u_time": "MJD", 
					"time": "55706.05", 
					"source": "4"
				}, 
				{
					"e_magnitude": "0.16", 
					"instrument": "GALEX", 
					"restframe": true, 
					"band": "NUV", 
					"magnitude": "22.27", 
					"u_time": "MJD", 
					"time": "55720.62", 
					"source": "4"
				}, 
				{
					"e_magnitude": "0.76", 
					"instrument": "Pan-STARRS1", 
					"restframe": true, 
					"band": "r", 
					"magnitude": "23.32", 
					"u_time": "MJD", 
					"time": "55734.35", 
					"source": "4"
				}, 
				{
					"e_magnitude": "3.72", 
					"instrument": "Pan-STARRS1", 
					"restframe": true, 
					"band": "i", 
					"magnitude": "24.21", 
					"u_time": "MJD", 
					"time": "55735.35", 
					"source": "4"
				}, 
				{
					"e_magnitude": "1.09", 
					"instrument": "Pan-STARRS1", 
					"restframe": true, 
					"band": "z", 
					"magnitude": "24.01", 
					"u_time": "MJD", 
					"time": "55740.90", 
					"source": "4"
				}, 
				{
					"e_magnitude": "0.55", 
					"instrument": "Pan-STARRS1", 
					"restframe": true, 
					"band": "g", 
					"magnitude": "23.24", 
					"u_time": "MJD", 
					"time": "55741.85", 
					"source": "4"
				}, 
				{
					"u_energy": "keV", 
					"telescope": "XMM", 
					"instrument": "PN", 
					"source": "1", 
					"luminosity": "7.69E+44", 
					"energy": [
						"0.3", 
						"2.0"
					], 
					"u_countrate": "s^-1", 
					"photonindex": "4.5", 
					"countrate": "2.58", 
					"flux": "9.16E-12", 
					"nhmw": "0.0129", 
					"u_flux": "ergs/cm^2/s", 
					"u_time": "MJD", 
					"time": [
						"55757.4", 
						"55757.400"
					], 
					"upperlimit": true
				}, 
				{
					"e_magnitude": "0.69", 
					"instrument": "Pan-STARRS1", 
					"restframe": true, 
					"band": "g", 
					"magnitude": "23.53", 
					"u_time": "MJD", 
					"time": "55764.30", 
					"source": "4"
				}, 
				{
					"e_magnitude": "1.11", 
					"instrument": "Pan-STARRS1", 
					"restframe": true, 
					"band": "z", 
					"magnitude": "23.85", 
					"u_time": "MJD", 
					"time": "55764.80", 
					"source": "4"
				}, 
				{
					"e_magnitude": "1.52", 
					"instrument": "Pan-STARRS1", 
					"restframe": true, 
					"band": "i", 
					"magnitude": "24.38", 
					"u_time": "MJD", 
					"time": "55765.30", 
					"source": "4"
				}, 
				{
					"e_magnitude": "1.53", 
					"instrument": "Pan-STARRS1", 
					"restframe": true, 
					"band": "r", 
					"magnitude": "23.96", 
					"u_time": "MJD", 
					"time": "55765.80", 
					"source": "4"
				}, 
				{
					"u_energy": "keV", 
					"telescope": "XMM", 
					"instrument": "PN", 
					"source": "1", 
					"luminosity": "3.42E+44", 
					"energy": [
						"0.3", 
						"2.0"
					], 
					"u_countrate": "s^-1", 
					"photonindex": "4.5", 
					"countrate": "1.15", 
					"flux": "4.08E-12", 
					"nhmw": "0.0129", 
					"u_flux": "ergs/cm^2/s", 
					"u_time": "MJD", 
					"time": [
						"55789.8", 
						"55789.800"
					], 
					"upperlimit": true
				}, 
				{
					"e_magnitude": "1.76", 
					"instrument": "Pan-STARRS1", 
					"restframe": true, 
					"band": "z", 
					"magnitude": "24.50", 
					"u_time": "MJD", 
					"time": "55794.75", 
					"source": "4"
				}, 
				{
					"e_magnitude": "0.83", 
					"instrument": "Pan-STARRS1", 
					"restframe": true, 
					"band": "g", 
					"magnitude": "23.53", 
					"u_time": "MJD", 
					"time": "55797.30", 
					"source": "4"
				}, 
				{
					"e_magnitude": "2.07", 
					"instrument": "Pan-STARRS1", 
					"restframe": true, 
					"band": "r", 
					"magnitude": "24.24", 
					"u_time": "MJD", 
					"time": "55797.30", 
					"source": "4"
				}, 
				{
					"e_magnitude": "1.73", 
					"instrument": "Pan-STARRS1", 
					"restframe": true, 
					"band": "i", 
					"magnitude": "24.49", 
					"u_time": "MJD", 
					"time": "55798.25", 
					"source": "4"
				}, 
				{
					"u_energy": "keV", 
					"telescope": "XMM", 
					"instrument": "PN", 
					"source": "1", 
					"luminosity": "7.69E+43", 
					"energy": [
						"0.3", 
						"2.0"
					], 
					"u_countrate": "s^-1", 
					"photonindex": "4.5", 
					"countrate": "0.258", 
					"flux": "9.16E-13", 
					"nhmw": "0.0129", 
					"u_flux": "ergs/cm^2/s", 
					"u_time": "MJD", 
					"time": [
						"55919.1", 
						"55919.100"
					], 
					"upperlimit": true
				}, 
				{
					"e_magnitude": "0.12", 
					"telescope": "HST", 
					"instrument": "UVIS", 
					"band": "F225W", 
					"magnitude": "23.70", 
					"u_time": "MJD", 
					"time": "56821", 
					"source": "3"
				}, 
				{
					"e_upper_luminosity": "3.19E+44", 
					"u_energy": "keV", 
					"telescope": "XMM", 
					"instrument": "PN", 
					"luminosity": "2.00E+44", 
					"energy": [
						"0.3", 
						"2.0"
					], 
					"e_lower_luminosity": "8.16E+43", 
					"u_countrate": "s^-1", 
					"photonindex": "4.5", 
					"countrate": "0.671", 
					"e_lower_flux": "9.72E-13", 
					"flux": "2.38E-12", 
					"nhmw": "0.0129", 
					"u_flux": "ergs/cm^2/s", 
					"u_time": "MJD", 
					"e_upper_flux": "3.80E-12", 
					"time": [
						"56833.1", 
						"56833.100"
					], 
					"e_countrate": "0.396", 
					"source": "1"
				}
		], 
		"name": "PS1-10jh", 
		"notes": [
				{
					"source": "4", 
					"value": "HeII \\(\\lambda 4686\\) and HeII \\(\\lambda 3203\\) in emission"
				}
		], 
		"hostoffsetdist": [
				{
					"source": "1,2,4,6,7", 
					"value": "1.473"
				}
		], 
		"alias": [
				{
					"source": "1,4,7", 
					"value": "PS1-10jh"
				}
		], 
		"velocity": [
				{
					"u_value": "km/s", 
					"derived": true, 
					"value": "46590", 
					"source": "6"
				}
		], 
		"dec": [
				{
					"source": "1,4,7", 
					"u_value": "degrees", 
					"value": "+53:40:23.52"
				}
		], 
		"hostoffsetang": [
				{
					"u_value": "arcseconds", 
					"derived": true, 
					"value": "0.4934", 
					"source": "1,4,6,7"
				}
		], 
		"nhhost": [
				{
					"source": "4", 
					"value": "7.2e+19"
				}
		]
	}
}