{
	"PTF10iya": {
		"hostdec": [
				{
					"source": "1", 
					"u_value": "degrees", 
					"value": "+37:39:33.45"
				}
		], 
		"lumdist": [
				{
					"u_value": "Mpc", 
					"derived": true, 
					"value": "1148.6", 
					"source": "1,2,3,5"
				}
		], 
		"photometry": [
				{
					"u_energy": "keV", 
					"telescope": "ROSAT", 
					"instrument": "PSPC", 
					"source": "1", 
					"luminosity": "5.28E+42", 
					"energy": [
						"0.3", 
						"2.0"
					], 
					"u_countrate": "s^-1", 
					"photonindex": "4.5", 
					"countrate": "0.0368", 
					"flux": "3.30E-14", 
					"nhmw": "0.0107", 
					"u_flux": "ergs/cm^2/s", 
					"u_time": "MJD", 
					"time": [
						"48100", 
						"48100.007"
					], 
					"upperlimit": true
				}, 
				{
					"e_upper_luminosity": "3.28E+43", 
					"u_energy": "keV", 
					"telescope": "Swift", 
					"instrument": "XRT", 
					"source": "1", 
					"luminosity": "2.83E+43", 
					"energy": [
						"0.3", 
						"2.0"
					], 
					"e_lower_luminosity": "2.38E+43", 
					"u_countrate": "s^-1", 
					"photonindex": "4.5", 
					"countrate": "0.0166", 
					"e_lower_flux": "1.49E-13", 
					"flux": "1.77E-13", 
					"nhmw": "0.0107", 
					"u_flux": "ergs/cm^2/s", 
					"mode": "PC", 
					"e_upper_flux": "2.05E-13", 
					"time": [
						"55358.8", 
						"55358.833"
					], 
					"e_countrate": "0.00259", 
					"u_time": "MJD"
				}, 
				{
					"u_energy": "keV", 
					"telescope": "Swift", 
					"instrument": "XRT", 
					"source": "1", 
					"luminosity": "4.29E+42", 
					"energy": [
						"0.3", 
						"2.0"
					], 
					"u_countrate": "s^-1", 
					"photonindex": "4.5", 
					"countrate": "0.00251", 
					"flux": "2.68E-14", 
					"nhmw": "0.0107", 
					"u_flux": "ergs/cm^2/s", 
					"mode": "PC", 
					"time": [
						"55418.5", 
						"55418.567"
					], 
					"upperlimit": true, 
					"u_time": "MJD"
				}, 
				{
					"u_energy": "keV", 
					"telescope": "Swift", 
					"instrument": "XRT", 
					"source": "1", 
					"luminosity": "5.90E+42", 
					"energy": [
						"0.3", 
						"2.0"
					], 
					"u_countrate": "s^-1", 
					"photonindex": "4.5", 
					"countrate": "0.00346", 
					"flux": "3.69E-14", 
					"nhmw": "0.0107", 
					"u_flux": "ergs/cm^2/s", 
					"mode": "PC", 
					"time": [
						"55794.7", 
						"55794.726"
					], 
					"upperlimit": true, 
					"u_time": "MJD"
				}, 
				{
					"u_energy": "keV", 
					"telescope": "Swift", 
					"instrument": "XRT", 
					"source": "1", 
					"luminosity": "3.57E+42", 
					"energy": [
						"0.3", 
						"2.0"
					], 
					"u_countrate": "s^-1", 
					"photonindex": "4.5", 
					"countrate": "0.00209", 
					"flux": "2.23E-14", 
					"nhmw": "0.0107", 
					"u_flux": "ergs/cm^2/s", 
					"mode": "PC", 
					"time": [
						"55807.2", 
						"55807.284"
					], 
					"upperlimit": true, 
					"u_time": "MJD"
				}
		], 
		"comovingdist": [
				{
					"u_value": "Mpc", 
					"derived": true, 
					"value": "938.39", 
					"source": "1,2,3,5"
				}
		], 
		"name": "PTF10iya", 
		"alias": [
				{
					"source": "1,6", 
					"value": "PTF10iya"
				}
		], 
		"redshift": [
				{
					"source": "1,3", 
					"value": "0.22405"
				}
		], 
		"host": [
				{
					"source": "1,3", 
					"value": "SDSS J143840.98+373933.4"
				}
		], 
		"hostoffsetdist": [
				{
					"source": "1,2,3,5,6", 
					"value": "1.247"
				}
		], 
		"sources": [
				{
					"alias": "1", 
					"bibcode": "2017ApJ...838..149A", 
					"name": "2017ApJ...838..149A", 
					"reference": "Auchettl, Guillochon, & Ramirez-Ruiz (2017)"
				}, 
				{
					"alias": "2", 
					"bibcode": "2016A&A...594A..13P", 
					"name": "2016A&A...594A..13P", 
					"reference": "Planck Collaboration et al. (2016)"
				}, 
				{
					"alias": "3", 
					"bibcode": "2012MNRAS.420.2684C", 
					"name": "2012MNRAS.420.2684C", 
					"reference": "Cenko et al. (2012)"
				}, 
				{
					"alias": "4", 
					"bibcode": "2011ApJ...737..103S", 
					"name": "2011ApJ...737..103S", 
					"reference": "Schlafly & Finkbeiner (2011)"
				}, 
				{
					"bibcode": "2017ApJ...835...64G", 
					"name": "The Open TDE Catalog", 
					"reference": "Guillochon et al. (2017)", 
					"url": "https://tde.space", 
					"alias": "5", 
					"secondary": true
				}, 
				{
					"bibcode": "2000A&AS..143....9W", 
					"name": "SIMBAD astronomical database", 
					"reference": "Wenger et al. (2000)", 
					"url": "http://simbad.u-strasbg.fr/", 
					"alias": "6", 
					"secondary": true
				}
		], 
		"ebv": [
				{
					"e_value": "0.0004", 
					"derived": true, 
					"value": "0.0089", 
					"source": "4,5"
				}
		], 
		"citations": [
				{
					"source": "3", 
					"value": "<a href='http://adsabs.harvard.edu/abs/2012MNRAS.420.2684C'>Cenko et al. 2012</a>*&Dagger;"
				}
		], 
		"discoverdate": [
				{
					"source": "1,5", 
					"derived": true, 
					"value": "2010/06/11"
				}
		], 
		"ra": [
				{
					"source": "1,3,6", 
					"u_value": "hours", 
					"value": "14:38:41.00"
				}
		], 
		"hostra": [
				{
					"source": "1", 
					"u_value": "hours", 
					"value": "14:38:40.98"
				}
		], 
		"velocity": [
				{
					"u_value": "km/s", 
					"derived": true, 
					"value": "59795", 
					"source": "5"
				}
		], 
		"dec": [
				{
					"source": "1", 
					"u_value": "degrees", 
					"value": "+37:39:33.60"
				}, 
				{
					"source": "3,6", 
					"u_value": "degrees", 
					"value": "+37:39:33.6"
				}
		], 
		"hostoffsetang": [
				{
					"u_value": "arcseconds", 
					"derived": true, 
					"value": "0.3354", 
					"source": "1,3,5,6"
				}
		], 
		"schema": "https://github.com/astrocatalogs/tidaldisruptions/blob/f405406/SCHEMA.md"
	}
}