{
	"PTF10nuj": {
		"hostdec": [
				{
					"source": "1", 
					"u_value": "degrees", 
					"value": "+54:42:21.44"
				}
		], 
		"lumdist": [
				{
					"u_value": "Mpc", 
					"derived": true, 
					"value": "641", 
					"source": "1,2,3,5"
				}
		], 
		"photometry": [
				{
					"u_energy": "keV", 
					"telescope": "ROSAT", 
					"instrument": "PSPC", 
					"source": "1", 
					"luminosity": "2.00E+42", 
					"energy": [
						"0.3", 
						"2.0"
					], 
					"u_countrate": "s^-1", 
					"photonindex": "4.5", 
					"countrate": "0.037", 
					"flux": "4.21E-14", 
					"nhmw": "0.0138", 
					"u_flux": "ergs/cm^2/s", 
					"u_time": "MJD", 
					"time": [
						"48083.6", 
						"48083.608"
					], 
					"upperlimit": true
				}, 
				{
					"u_energy": "keV", 
					"telescope": "ROSAT", 
					"instrument": "PSPC", 
					"source": "1", 
					"luminosity": "4.45E+42", 
					"energy": [
						"0.3", 
						"2.0"
					], 
					"u_countrate": "s^-1", 
					"photonindex": "4.5", 
					"countrate": "0.0822", 
					"flux": "9.35E-14", 
					"nhmw": "0.0138", 
					"u_flux": "ergs/cm^2/s", 
					"u_time": "MJD", 
					"time": [
						"49054.9", 
						"49054.911"
					], 
					"upperlimit": true
				}, 
				{
					"u_energy": "keV", 
					"telescope": "ROSAT", 
					"instrument": "PSPC", 
					"source": "1", 
					"luminosity": "1.44E+42", 
					"energy": [
						"0.3", 
						"2.0"
					], 
					"u_countrate": "s^-1", 
					"photonindex": "4.5", 
					"countrate": "0.0266", 
					"flux": "3.03E-14", 
					"nhmw": "0.0138", 
					"u_flux": "ergs/cm^2/s", 
					"u_time": "MJD", 
					"time": [
						"49227.5", 
						"49227.575"
					], 
					"upperlimit": true
				}, 
				{
					"u_energy": "keV", 
					"telescope": "XMM", 
					"instrument": "PN", 
					"source": "1", 
					"luminosity": "1.09E+44", 
					"energy": [
						"0.3", 
						"2.0"
					], 
					"u_countrate": "s^-1", 
					"photonindex": "4.5", 
					"countrate": "0.63", 
					"flux": "2.28E-12", 
					"nhmw": "0.0138", 
					"u_flux": "ergs/cm^2/s", 
					"u_time": "MJD", 
					"time": [
						"54148.6", 
						"54148.600"
					], 
					"upperlimit": true
				}, 
				{
					"u_energy": "keV", 
					"telescope": "XMM", 
					"instrument": "PN", 
					"source": "1", 
					"luminosity": "7.76E+43", 
					"energy": [
						"0.3", 
						"2.0"
					], 
					"u_countrate": "s^-1", 
					"photonindex": "4.5", 
					"countrate": "0.449", 
					"flux": "1.63E-12", 
					"nhmw": "0.0138", 
					"u_flux": "ergs/cm^2/s", 
					"u_time": "MJD", 
					"time": [
						"56296.3", 
						"56296.300"
					], 
					"upperlimit": true
				}
		], 
		"comovingdist": [
				{
					"u_value": "Mpc", 
					"derived": true, 
					"value": "566", 
					"source": "1,2,3,5"
				}
		], 
		"name": "PTF10nuj", 
		"alias": [
				{
					"source": "1,6", 
					"value": "PTF10nuj"
				}
		], 
		"notes": [
				{
					"source": "3", 
					"value": "Significantly off-center from host galaxy"
				}
		], 
		"redshift": [
				{
					"source": "1,3", 
					"value": "0.132"
				}
		], 
		"host": [
				{
					"source": "1,3", 
					"value": "SDSS J162624.66+544221.4"
				}
		], 
		"hostoffsetdist": [
				{
					"source": "1,2,3,5,6", 
					"value": "1.51"
				}
		], 
		"sources": [
				{
					"alias": "1", 
					"bibcode": "2017ApJ...838..149A", 
					"name": "2017ApJ...838..149A", 
					"reference": "Auchettl, Guillochon, & Ramirez-Ruiz (2017)"
				}, 
				{
					"alias": "2", 
					"bibcode": "2016A&A...594A..13P", 
					"name": "2016A&A...594A..13P", 
					"reference": "Planck Collaboration et al. (2016)"
				}, 
				{
					"alias": "3", 
					"bibcode": "2014ApJ...793...38A", 
					"name": "2014ApJ...793...38A", 
					"reference": "Arcavi et al. (2014)"
				}, 
				{
					"alias": "4", 
					"bibcode": "2011ApJ...737..103S", 
					"name": "2011ApJ...737..103S", 
					"reference": "Schlafly & Finkbeiner (2011)"
				}, 
				{
					"bibcode": "2017ApJ...835...64G", 
					"name": "The Open TDE Catalog", 
					"reference": "Guillochon et al. (2017)", 
					"url": "https://tde.space", 
					"alias": "5", 
					"secondary": true
				}, 
				{
					"bibcode": "2000A&AS..143....9W", 
					"name": "SIMBAD astronomical database", 
					"reference": "Wenger et al. (2000)", 
					"url": "http://simbad.u-strasbg.fr/", 
					"alias": "6", 
					"secondary": true
				}
		], 
		"ebv": [
				{
					"e_value": "0.0008", 
					"derived": true, 
					"value": "0.0055", 
					"source": "4,5"
				}
		], 
		"citations": [
				{
					"source": "3", 
					"value": "<a href='http://adsabs.harvard.edu/abs/2014ApJ...793...38A'>Arcavi et al. 2014</a>*&Dagger;"
				}
		], 
		"discoverdate": [
				{
					"source": "5", 
					"derived": true, 
					"value": "2010"
				}
		], 
		"ra": [
				{
					"source": "1,3,6", 
					"u_value": "hours", 
					"value": "16:26:24.70"
				}
		], 
		"hostra": [
				{
					"source": "1", 
					"u_value": "hours", 
					"value": "16:26:24.66"
				}
		], 
		"velocity": [
				{
					"u_value": "km/s", 
					"derived": true, 
					"value": "37000", 
					"source": "5"
				}
		], 
		"dec": [
				{
					"source": "1", 
					"u_value": "degrees", 
					"value": "+54:42:21.60"
				}, 
				{
					"source": "3,6", 
					"u_value": "degrees", 
					"value": "+54:42:21.6"
				}
		], 
		"hostoffsetang": [
				{
					"u_value": "arcseconds", 
					"derived": true, 
					"value": "0.621", 
					"source": "1,3,5,6"
				}
		], 
		"schema": "https://github.com/astrocatalogs/tidaldisruptions/blob/f405406/SCHEMA.md"
	}
}