{
	"PTF10nuj":{
		"schema":"https://github.com/astrocatalogs/tidaldisruptions/blob/f405406/SCHEMA.md",
		"name":"PTF10nuj",
		"sources":[
			{
				"name":"2017ApJ...838..149A",
				"bibcode":"2017ApJ...838..149A",
				"reference":"Auchettl, Guillochon, & Ramirez-Ruiz (2017)",
				"alias":"1"
			},
			{
				"name":"2016A&A...594A..13P",
				"bibcode":"2016A&A...594A..13P",
				"reference":"Planck Collaboration et al. (2016)",
				"alias":"2"
			},
			{
				"name":"2014ApJ...793...38A",
				"bibcode":"2014ApJ...793...38A",
				"reference":"Arcavi et al. (2014)",
				"alias":"3"
			},
			{
				"name":"2011ApJ...737..103S",
				"bibcode":"2011ApJ...737..103S",
				"reference":"Schlafly & Finkbeiner (2011)",
				"alias":"4"
			},
			{
				"name":"The Open TDE Catalog",
				"bibcode":"2017ApJ...835...64G",
				"reference":"Guillochon et al. (2017)",
				"secondary":true,
				"url":"https://tde.space",
				"alias":"5"
			},
			{
				"name":"SIMBAD astronomical database",
				"bibcode":"2000A&AS..143....9W",
				"reference":"Wenger et al. (2000)",
				"secondary":true,
				"url":"http://simbad.u-strasbg.fr/",
				"alias":"6"
			}
		],
		"alias":[
			{
				"value":"PTF10nuj",
				"source":"1,6"
			}
		],
		"citations":[
			{
				"value":"<a href='http://adsabs.harvard.edu/abs/2014ApJ...793...38A'>Arcavi et al. 2014</a>*&Dagger;",
				"source":"3"
			}
		],
		"comovingdist":[
			{
				"value":"566",
				"derived":true,
				"u_value":"Mpc",
				"source":"1,2,3,5"
			}
		],
		"dec":[
			{
				"value":"+54:42:21.60",
				"u_value":"degrees",
				"source":"1"
			},
			{
				"value":"+54:42:21.6",
				"u_value":"degrees",
				"source":"3,6"
			}
		],
		"discoverdate":[
			{
				"value":"2010",
				"derived":true,
				"source":"5"
			}
		],
		"ebv":[
			{
				"value":"0.0055",
				"derived":true,
				"e_value":"0.0008",
				"source":"4,5"
			}
		],
		"host":[
			{
				"value":"SDSS J162624.66+544221.4",
				"source":"1,3"
			}
		],
		"hostdec":[
			{
				"value":"+54:42:21.44",
				"u_value":"degrees",
				"source":"1"
			}
		],
		"hostoffsetang":[
			{
				"value":"0.621",
				"derived":true,
				"u_value":"arcseconds",
				"source":"1,3,5,6"
			}
		],
		"hostoffsetdist":[
			{
				"value":"1.51",
				"source":"1,2,3,5,6"
			}
		],
		"hostra":[
			{
				"value":"16:26:24.66",
				"u_value":"hours",
				"source":"1"
			}
		],
		"lumdist":[
			{
				"value":"641",
				"derived":true,
				"u_value":"Mpc",
				"source":"1,2,3,5"
			}
		],
		"notes":[
			{
				"value":"Significantly off-center from host galaxy",
				"source":"3"
			}
		],
		"ra":[
			{
				"value":"16:26:24.70",
				"u_value":"hours",
				"source":"1,3,6"
			}
		],
		"redshift":[
			{
				"value":"0.132",
				"source":"1,3"
			}
		],
		"velocity":[
			{
				"value":"37000",
				"derived":true,
				"u_value":"km/s",
				"source":"5"
			}
		],
		"photometry":[
			{
				"time":[
					"48083.6",
					"48083.608"
				],
				"countrate":"0.037",
				"energy":[
					"0.3",
					"2.0"
				],
				"flux":"4.21E-14",
				"instrument":"PSPC",
				"luminosity":"2.00E+42",
				"nhmw":"0.0138",
				"photonindex":"4.5",
				"telescope":"ROSAT",
				"u_countrate":"s^-1",
				"u_energy":"keV",
				"u_flux":"ergs/cm^2/s",
				"u_time":"MJD",
				"upperlimit":true,
				"source":"1"
			},
			{
				"time":[
					"49054.9",
					"49054.911"
				],
				"countrate":"0.0822",
				"energy":[
					"0.3",
					"2.0"
				],
				"flux":"9.35E-14",
				"instrument":"PSPC",
				"luminosity":"4.45E+42",
				"nhmw":"0.0138",
				"photonindex":"4.5",
				"telescope":"ROSAT",
				"u_countrate":"s^-1",
				"u_energy":"keV",
				"u_flux":"ergs/cm^2/s",
				"u_time":"MJD",
				"upperlimit":true,
				"source":"1"
			},
			{
				"time":[
					"49227.5",
					"49227.575"
				],
				"countrate":"0.0266",
				"energy":[
					"0.3",
					"2.0"
				],
				"flux":"3.03E-14",
				"instrument":"PSPC",
				"luminosity":"1.44E+42",
				"nhmw":"0.0138",
				"photonindex":"4.5",
				"telescope":"ROSAT",
				"u_countrate":"s^-1",
				"u_energy":"keV",
				"u_flux":"ergs/cm^2/s",
				"u_time":"MJD",
				"upperlimit":true,
				"source":"1"
			},
			{
				"time":[
					"54148.6",
					"54148.600"
				],
				"countrate":"0.63",
				"energy":[
					"0.3",
					"2.0"
				],
				"flux":"2.28E-12",
				"instrument":"PN",
				"luminosity":"1.09E+44",
				"nhmw":"0.0138",
				"photonindex":"4.5",
				"telescope":"XMM",
				"u_countrate":"s^-1",
				"u_energy":"keV",
				"u_flux":"ergs/cm^2/s",
				"u_time":"MJD",
				"upperlimit":true,
				"source":"1"
			},
			{
				"time":[
					"56296.3",
					"56296.300"
				],
				"countrate":"0.449",
				"energy":[
					"0.3",
					"2.0"
				],
				"flux":"1.63E-12",
				"instrument":"PN",
				"luminosity":"7.76E+43",
				"nhmw":"0.0138",
				"photonindex":"4.5",
				"telescope":"XMM",
				"u_countrate":"s^-1",
				"u_energy":"keV",
				"u_flux":"ergs/cm^2/s",
				"u_time":"MJD",
				"upperlimit":true,
				"source":"1"
			}
		]
	}
}