{
	"PTF10iya":{
		"schema":"https://github.com/astrocatalogs/tidaldisruptions/blob/f405406/SCHEMA.md",
		"name":"PTF10iya",
		"sources":[
			{
				"name":"2017ApJ...838..149A",
				"bibcode":"2017ApJ...838..149A",
				"reference":"Auchettl, Guillochon, & Ramirez-Ruiz (2017)",
				"alias":"1"
			},
			{
				"name":"2016A&A...594A..13P",
				"bibcode":"2016A&A...594A..13P",
				"reference":"Planck Collaboration et al. (2016)",
				"alias":"2"
			},
			{
				"name":"2012MNRAS.420.2684C",
				"bibcode":"2012MNRAS.420.2684C",
				"reference":"Cenko et al. (2012)",
				"alias":"3"
			},
			{
				"name":"2011ApJ...737..103S",
				"bibcode":"2011ApJ...737..103S",
				"reference":"Schlafly & Finkbeiner (2011)",
				"alias":"4"
			},
			{
				"name":"The Open TDE Catalog",
				"bibcode":"2017ApJ...835...64G",
				"reference":"Guillochon et al. (2017)",
				"secondary":true,
				"url":"https://tde.space",
				"alias":"5"
			},
			{
				"name":"SIMBAD astronomical database",
				"bibcode":"2000A&AS..143....9W",
				"reference":"Wenger et al. (2000)",
				"secondary":true,
				"url":"http://simbad.u-strasbg.fr/",
				"alias":"6"
			}
		],
		"alias":[
			{
				"value":"PTF10iya",
				"source":"1,6"
			}
		],
		"citations":[
			{
				"value":"<a href='http://adsabs.harvard.edu/abs/2012MNRAS.420.2684C'>Cenko et al. 2012</a>*&Dagger;",
				"source":"3"
			}
		],
		"comovingdist":[
			{
				"value":"938.39",
				"derived":true,
				"u_value":"Mpc",
				"source":"1,2,3,5"
			}
		],
		"dec":[
			{
				"value":"+37:39:33.60",
				"u_value":"degrees",
				"source":"1"
			},
			{
				"value":"+37:39:33.6",
				"u_value":"degrees",
				"source":"3,6"
			}
		],
		"discoverdate":[
			{
				"value":"2010/06/11",
				"derived":true,
				"source":"1,5"
			}
		],
		"ebv":[
			{
				"value":"0.0089",
				"derived":true,
				"e_value":"0.0004",
				"source":"4,5"
			}
		],
		"host":[
			{
				"value":"SDSS J143840.98+373933.4",
				"source":"1,3"
			}
		],
		"hostdec":[
			{
				"value":"+37:39:33.45",
				"u_value":"degrees",
				"source":"1"
			}
		],
		"hostoffsetang":[
			{
				"value":"0.3354",
				"derived":true,
				"u_value":"arcseconds",
				"source":"1,3,5,6"
			}
		],
		"hostoffsetdist":[
			{
				"value":"1.247",
				"source":"1,2,3,5,6"
			}
		],
		"hostra":[
			{
				"value":"14:38:40.98",
				"u_value":"hours",
				"source":"1"
			}
		],
		"lumdist":[
			{
				"value":"1148.6",
				"derived":true,
				"u_value":"Mpc",
				"source":"1,2,3,5"
			}
		],
		"ra":[
			{
				"value":"14:38:41.00",
				"u_value":"hours",
				"source":"1,3,6"
			}
		],
		"redshift":[
			{
				"value":"0.22405",
				"source":"1,3"
			}
		],
		"velocity":[
			{
				"value":"59795",
				"derived":true,
				"u_value":"km/s",
				"source":"5"
			}
		],
		"photometry":[
			{
				"time":[
					"48100",
					"48100.007"
				],
				"countrate":"0.0368",
				"energy":[
					"0.3",
					"2.0"
				],
				"flux":"3.30E-14",
				"instrument":"PSPC",
				"luminosity":"5.28E+42",
				"nhmw":"0.0107",
				"photonindex":"4.5",
				"telescope":"ROSAT",
				"u_countrate":"s^-1",
				"u_energy":"keV",
				"u_flux":"ergs/cm^2/s",
				"u_time":"MJD",
				"upperlimit":true,
				"source":"1"
			},
			{
				"time":[
					"55358.8",
					"55358.833"
				],
				"countrate":"0.0166",
				"e_countrate":"0.00259",
				"e_lower_flux":"1.49E-13",
				"e_lower_luminosity":"2.38E+43",
				"e_upper_flux":"2.05E-13",
				"e_upper_luminosity":"3.28E+43",
				"energy":[
					"0.3",
					"2.0"
				],
				"flux":"1.77E-13",
				"instrument":"XRT",
				"luminosity":"2.83E+43",
				"mode":"PC",
				"nhmw":"0.0107",
				"photonindex":"4.5",
				"telescope":"Swift",
				"u_countrate":"s^-1",
				"u_energy":"keV",
				"u_flux":"ergs/cm^2/s",
				"u_time":"MJD",
				"source":"1"
			},
			{
				"time":[
					"55418.5",
					"55418.567"
				],
				"countrate":"0.00251",
				"energy":[
					"0.3",
					"2.0"
				],
				"flux":"2.68E-14",
				"instrument":"XRT",
				"luminosity":"4.29E+42",
				"mode":"PC",
				"nhmw":"0.0107",
				"photonindex":"4.5",
				"telescope":"Swift",
				"u_countrate":"s^-1",
				"u_energy":"keV",
				"u_flux":"ergs/cm^2/s",
				"u_time":"MJD",
				"upperlimit":true,
				"source":"1"
			},
			{
				"time":[
					"55794.7",
					"55794.726"
				],
				"countrate":"0.00346",
				"energy":[
					"0.3",
					"2.0"
				],
				"flux":"3.69E-14",
				"instrument":"XRT",
				"luminosity":"5.90E+42",
				"mode":"PC",
				"nhmw":"0.0107",
				"photonindex":"4.5",
				"telescope":"Swift",
				"u_countrate":"s^-1",
				"u_energy":"keV",
				"u_flux":"ergs/cm^2/s",
				"u_time":"MJD",
				"upperlimit":true,
				"source":"1"
			},
			{
				"time":[
					"55807.2",
					"55807.284"
				],
				"countrate":"0.00209",
				"energy":[
					"0.3",
					"2.0"
				],
				"flux":"2.23E-14",
				"instrument":"XRT",
				"luminosity":"3.57E+42",
				"mode":"PC",
				"nhmw":"0.0107",
				"photonindex":"4.5",
				"telescope":"Swift",
				"u_countrate":"s^-1",
				"u_energy":"keV",
				"u_flux":"ergs/cm^2/s",
				"u_time":"MJD",
				"upperlimit":true,
				"source":"1"
			}
		]
	}
}