{
	"PTF11glr":{
		"schema":"https://github.com/astrocatalogs/tidaldisruptions/blob/f405406/SCHEMA.md",
		"name":"PTF11glr",
		"sources":[
			{
				"name":"2017ApJ...838..149A",
				"bibcode":"2017ApJ...838..149A",
				"reference":"Auchettl, Guillochon, & Ramirez-Ruiz (2017)",
				"alias":"1"
			},
			{
				"name":"2016A&A...594A..13P",
				"bibcode":"2016A&A...594A..13P",
				"reference":"Planck Collaboration et al. (2016)",
				"alias":"2"
			},
			{
				"name":"2014ApJ...793...38A",
				"bibcode":"2014ApJ...793...38A",
				"reference":"Arcavi et al. (2014)",
				"alias":"3"
			},
			{
				"name":"2011ApJ...737..103S",
				"bibcode":"2011ApJ...737..103S",
				"reference":"Schlafly & Finkbeiner (2011)",
				"alias":"4"
			},
			{
				"name":"The Open TDE Catalog",
				"bibcode":"2017ApJ...835...64G",
				"reference":"Guillochon et al. (2017)",
				"secondary":true,
				"url":"https://tde.space",
				"alias":"5"
			},
			{
				"name":"SIMBAD astronomical database",
				"bibcode":"2000A&AS..143....9W",
				"reference":"Wenger et al. (2000)",
				"secondary":true,
				"url":"http://simbad.u-strasbg.fr/",
				"alias":"6"
			}
		],
		"alias":[
			{
				"value":"PTF11glr",
				"source":"1,6"
			}
		],
		"citations":[
			{
				"value":"<a href='http://adsabs.harvard.edu/abs/2014ApJ...793...38A'>Arcavi et al. 2014</a>*&Dagger;",
				"source":"3"
			}
		],
		"comovingdist":[
			{
				"value":"871",
				"derived":true,
				"u_value":"Mpc",
				"source":"1,2,3,5"
			}
		],
		"dec":[
			{
				"value":"+41:20:14.80",
				"u_value":"degrees",
				"source":"1"
			},
			{
				"value":"+41:20:14.8",
				"u_value":"degrees",
				"source":"3,6"
			}
		],
		"discoverdate":[
			{
				"value":"2011",
				"derived":true,
				"source":"5"
			}
		],
		"ebv":[
			{
				"value":"0.0219",
				"derived":true,
				"e_value":"0.002",
				"source":"4,5"
			}
		],
		"host":[
			{
				"value":"SDSS J165406.16+412015.4",
				"source":"1,3"
			}
		],
		"hostdec":[
			{
				"value":"+41:20:15.45",
				"u_value":"degrees",
				"source":"1"
			}
		],
		"hostoffsetang":[
			{
				"value":"0.8846",
				"derived":true,
				"u_value":"arcseconds",
				"source":"1,3,5,6"
			}
		],
		"hostoffsetdist":[
			{
				"value":"3.095",
				"source":"1,2,3,5,6"
			}
		],
		"hostra":[
			{
				"value":"16:54:06.17",
				"u_value":"hours",
				"source":"1"
			}
		],
		"lumdist":[
			{
				"value":"1050",
				"derived":true,
				"u_value":"Mpc",
				"source":"1,2,3,5"
			}
		],
		"notes":[
			{
				"value":"Large position uncertainty",
				"source":"3"
			}
		],
		"ra":[
			{
				"value":"16:54:06.13",
				"u_value":"hours",
				"source":"1,3,6"
			}
		],
		"redshift":[
			{
				"value":"0.207",
				"source":"1,3"
			}
		],
		"velocity":[
			{
				"value":"55700",
				"derived":true,
				"u_value":"km/s",
				"source":"5"
			}
		],
		"photometry":[
			{
				"time":[
					"48100",
					"48100.006"
				],
				"countrate":"0.0134",
				"energy":[
					"0.3",
					"2.0"
				],
				"flux":"2.42E-14",
				"instrument":"PSPC",
				"luminosity":"3.22E+42",
				"nhmw":"0.0212",
				"photonindex":"4.5",
				"telescope":"ROSAT",
				"u_countrate":"s^-1",
				"u_energy":"keV",
				"u_flux":"ergs/cm^2/s",
				"u_time":"MJD",
				"upperlimit":true,
				"source":"1"
			},
			{
				"time":[
					"53574.6",
					"53574.600"
				],
				"countrate":"1.91",
				"energy":[
					"0.3",
					"2.0"
				],
				"flux":"7.90E-12",
				"instrument":"PN",
				"luminosity":"1.05E+45",
				"nhmw":"0.0212",
				"photonindex":"4.5",
				"telescope":"XMM",
				"u_countrate":"s^-1",
				"u_energy":"keV",
				"u_flux":"ergs/cm^2/s",
				"u_time":"MJD",
				"upperlimit":true,
				"source":"1"
			},
			{
				"time":[
					"55784.8",
					"55784.845"
				],
				"countrate":"0.00324",
				"energy":[
					"0.3",
					"2.0"
				],
				"flux":"4.61E-14",
				"instrument":"XRT",
				"luminosity":"6.13E+42",
				"mode":"PC",
				"nhmw":"0.0212",
				"photonindex":"4.5",
				"telescope":"Swift",
				"u_countrate":"s^-1",
				"u_energy":"keV",
				"u_flux":"ergs/cm^2/s",
				"u_time":"MJD",
				"upperlimit":true,
				"source":"1"
			}
		]
	}
}