{"PTF11glr": {"hostdec": [{"source": "1", "u_value": "degrees", "value": "+41:20:15.45"}], "lumdist": [{"u_value": "Mpc", "derived": true, "value": "1050", "source": "1,2,3,5"}], "photometry": [{"u_energy": "keV", "telescope": "ROSAT", "instrument": "PSPC", "source": "1", "luminosity": "3.22E+42", "energy": ["0.3", "2.0"], "u_countrate": "s^-1", "photonindex": "4.5", "countrate": "0.0134", "flux": "2.42E-14", "nhmw": "0.0212", "u_flux": "ergs/cm^2/s", "u_time": "MJD", "time": ["48100", "48100.006"], "upperlimit": true}, {"u_energy": "keV", "telescope": "XMM", "instrument": "PN", "source": "1", "luminosity": "1.05E+45", "energy": ["0.3", "2.0"], "u_countrate": "s^-1", "photonindex": "4.5", "countrate": "1.91", "flux": "7.90E-12", "nhmw": "0.0212", "u_flux": "ergs/cm^2/s", "u_time": "MJD", "time": ["53574.6", "53574.600"], "upperlimit": true}, {"u_energy": "keV", "telescope": "Swift", "instrument": "XRT", "source": "1", "luminosity": "6.13E+42", "energy": ["0.3", "2.0"], "u_countrate": "s^-1", "photonindex": "4.5", "countrate": "0.00324", "flux": "4.61E-14", "nhmw": "0.0212", "u_flux": "ergs/cm^2/s", "mode": "PC", "time": ["55784.8", "55784.845"], "upperlimit": true, "u_time": "MJD"}], "comovingdist": [{"u_value": "Mpc", "derived": true, "value": "871", "source": "1,2,3,5"}], "name": "PTF11glr", "alias": [{"source": "1,6", "value": "PTF11glr"}], "notes": [{"source": "3", "value": "Large position uncertainty"}], "redshift": [{"source": "1,3", "value": "0.207"}], "host": [{"source": "1,3", "value": "SDSS J165406.16+412015.4"}], "hostoffsetdist": [{"source": "1,2,3,5,6", "value": "3.095"}], "sources": [{"alias": "1", "bibcode": "2017ApJ...838..149A", "name": "2017ApJ...838..149A", "reference": "Auchettl, Guillochon, & Ramirez-Ruiz (2017)"}, {"alias": "2", "bibcode": "2016A&A...594A..13P", "name": "2016A&A...594A..13P", "reference": "Planck Collaboration et al. (2016)"}, {"alias": "3", "bibcode": "2014ApJ...793...38A", "name": "2014ApJ...793...38A", "reference": "Arcavi et al. (2014)"}, {"alias": "4", "bibcode": "2011ApJ...737..103S", "name": "2011ApJ...737..103S", "reference": "Schlafly & Finkbeiner (2011)"}, {"bibcode": "2017ApJ...835...64G", "name": "The Open TDE Catalog", "reference": "Guillochon et al. (2017)", "url": "https://tde.space", "alias": "5", "secondary": true}, {"bibcode": "2000A&AS..143....9W", "name": "SIMBAD astronomical database", "reference": "Wenger et al. (2000)", "url": "http://simbad.u-strasbg.fr/", "alias": "6", "secondary": true}], "ebv": [{"e_value": "0.002", "derived": true, "value": "0.0219", "source": "4,5"}], "citations": [{"source": "3", "value": "<a href='http://adsabs.harvard.edu/abs/2014ApJ...793...38A'>Arcavi et al. 2014</a>*&Dagger;"}], "discoverdate": [{"source": "5", "derived": true, "value": "2011"}], "ra": [{"source": "1,3,6", "u_value": "hours", "value": "16:54:06.13"}], "hostra": [{"source": "1", "u_value": "hours", "value": "16:54:06.17"}], "velocity": [{"u_value": "km/s", "derived": true, "value": "55700", "source": "5"}], "dec": [{"source": "1", "u_value": "degrees", "value": "+41:20:14.80"}, {"source": "3,6", "u_value": "degrees", "value": "+41:20:14.8"}], "hostoffsetang": [{"u_value": "arcseconds", "derived": true, "value": "0.8846", "source": "1,3,5,6"}], "schema": "https://github.com/astrocatalogs/tidaldisruptions/blob/f405406/SCHEMA.md"}}