{
	"RBS 1032": {
		"hostdec": [
				{
					"source": "1", 
					"u_value": "degrees", 
					"value": "+49:42:59.00"
				}
		], 
		"comovingdist": [
				{
					"u_value": "Mpc", 
					"derived": true, 
					"value": "110", 
					"source": "1,2,3,4"
				}
		], 
		"name": "RBS 1032", 
		"alias": [
				{
					"source": "1", 
					"value": "RBS 1032"
				}
		], 
		"redshift": [
				{
					"source": "1,3", 
					"value": "0.026"
				}
		], 
		"lumdist": [
				{
					"u_value": "Mpc", 
					"derived": true, 
					"value": "120", 
					"source": "1,2,3,4"
				}
		], 
		"sources": [
				{
					"alias": "1", 
					"bibcode": "2017ApJ...838..149A", 
					"name": "2017ApJ...838..149A", 
					"reference": "Auchettl, Guillochon, & Ramirez-Ruiz (2017)"
				}, 
				{
					"alias": "2", 
					"bibcode": "2016A&A...594A..13P", 
					"name": "2016A&A...594A..13P", 
					"reference": "Planck Collaboration et al. (2016)"
				}, 
				{
					"alias": "3", 
					"bibcode": "2014ApJ...792L..29M", 
					"name": "2014ApJ...792L..29M", 
					"reference": "Maksym, Lin, & Irwin (2014)"
				}, 
				{
					"bibcode": "2017ApJ...835...64G", 
					"name": "The Open TDE Catalog", 
					"reference": "Guillochon et al. (2017)", 
					"url": "https://tde.space", 
					"alias": "4", 
					"secondary": true
				}
		], 
		"host": [
				{
					"source": "1,3", 
					"value": "SDSS J114726.69+494257.8"
				}
		], 
		"citations": [
				{
					"source": "3", 
					"value": "<a href='http://adsabs.harvard.edu/abs/2014ApJ...792L..29M'>Maksym et al. 2014</a>*&Dagger;"
				}
		], 
		"discoverdate": [
				{
					"source": "1,4", 
					"derived": true, 
					"value": "1990/11/05"
				}
		], 
		"hostra": [
				{
					"source": "1", 
					"u_value": "hours", 
					"value": "11:47:26.80"
				}
		], 
		"velocity": [
				{
					"u_value": "km/s", 
					"derived": true, 
					"value": "7700", 
					"source": "4"
				}
		], 
		"photometry": [
				{
					"e_upper_luminosity": "5.51E+41", 
					"u_energy": "keV", 
					"telescope": "ROSAT", 
					"instrument": "PSPC", 
					"luminosity": "4.98E+41", 
					"energy": [
						"0.3", 
						"2.0"
					], 
					"e_lower_luminosity": "4.45E+41", 
					"u_countrate": "s^-1", 
					"photonindex": "5.22417", 
					"countrate": "0.319", 
					"e_lower_flux": "2.93E-13", 
					"flux": "3.28E-13", 
					"nhmw": "0.0198", 
					"u_flux": "ergs/cm^2/s", 
					"u_time": "MJD", 
					"e_upper_flux": "3.63E-13", 
					"time": [
						"48200", 
						"48200.004"
					], 
					"e_countrate": "0.03366", 
					"source": "1"
				}, 
				{
					"e_upper_luminosity": "2.08E+41", 
					"u_energy": "keV", 
					"telescope": "ROSAT", 
					"instrument": "PSPC", 
					"luminosity": "1.87E+41", 
					"energy": [
						"0.3", 
						"2.0"
					], 
					"e_lower_luminosity": "1.82E+41", 
					"u_countrate": "s^-1", 
					"photonindex": "5.94", 
					"countrate": "0.224", 
					"e_lower_flux": "1.20E-13", 
					"flux": "1.23E-13", 
					"nhmw": "0.0198", 
					"u_flux": "ergs/cm^2/s", 
					"u_time": "MJD", 
					"e_upper_flux": "1.37E-13", 
					"time": [
						"49000", 
						"49000.028"
					], 
					"e_countrate": "0.01069", 
					"source": "1"
				}, 
				{
					"e_upper_luminosity": "3.16E+41", 
					"u_energy": "keV", 
					"telescope": "ROSAT", 
					"instrument": "PSPC", 
					"luminosity": "2.75E+41", 
					"energy": [
						"0.3", 
						"2.0"
					], 
					"e_lower_luminosity": "2.26E+41", 
					"u_countrate": "s^-1", 
					"photonindex": "4.50834", 
					"countrate": "0.128", 
					"e_lower_flux": "1.49E-13", 
					"flux": "1.81E-13", 
					"nhmw": "0.0198", 
					"u_flux": "ergs/cm^2/s", 
					"u_time": "MJD", 
					"e_upper_flux": "2.08E-13", 
					"time": [
						"49500", 
						"49500.038"
					], 
					"e_countrate": "0.00706", 
					"source": "1"
				}, 
				{
					"u_energy": "keV", 
					"telescope": "XMM", 
					"instrument": "PN", 
					"source": "1", 
					"luminosity": "4.52E+42", 
					"energy": [
						"0.3", 
						"2.0"
					], 
					"u_countrate": "s^-1", 
					"photonindex": "4.5", 
					"countrate": "0.737", 
					"flux": "2.98E-12", 
					"nhmw": "0.0198", 
					"u_flux": "ergs/cm^2/s", 
					"u_time": "MJD", 
					"time": [
						"52401.1", 
						"52401.100"
					], 
					"upperlimit": true
				}, 
				{
					"u_energy": "keV", 
					"telescope": "XMM", 
					"instrument": "PN", 
					"source": "1", 
					"luminosity": "1.56E+43", 
					"energy": [
						"0.3", 
						"2.0"
					], 
					"u_countrate": "s^-1", 
					"photonindex": "4.5", 
					"countrate": "2.54", 
					"flux": "1.03E-11", 
					"nhmw": "0.0198", 
					"u_flux": "ergs/cm^2/s", 
					"u_time": "MJD", 
					"time": [
						"54617", 
						"54617.000"
					], 
					"upperlimit": true
				}, 
				{
					"u_energy": "keV", 
					"telescope": "XMM", 
					"instrument": "PN", 
					"source": "1", 
					"luminosity": "1.56E+41", 
					"energy": [
						"0.3", 
						"2.0"
					], 
					"u_countrate": "s^-1", 
					"photonindex": "4.5", 
					"countrate": "0.18835", 
					"flux": "1.03E-13", 
					"nhmw": "0.0198", 
					"u_flux": "ergs/cm^2/s", 
					"u_time": "MJD", 
					"time": [
						"55156.2", 
						"55156.323"
					], 
					"upperlimit": true
				}, 
				{
					"u_energy": "keV", 
					"telescope": "XMM", 
					"instrument": "PN", 
					"source": "1", 
					"luminosity": "4.98E+42", 
					"energy": [
						"0.3", 
						"2.0"
					], 
					"u_countrate": "s^-1", 
					"photonindex": "4.5", 
					"countrate": "0.81", 
					"flux": "3.28E-12", 
					"nhmw": "0.0198", 
					"u_flux": "ergs/cm^2/s", 
					"u_time": "MJD", 
					"time": [
						"56423.3", 
						"56423.300"
					], 
					"upperlimit": true
				}
		], 
		"schema": "https://github.com/astrocatalogs/tidaldisruptions/blob/f405406/SCHEMA.md"
	}
}