{
	"RBS 1032":{
		"schema":"https://github.com/astrocatalogs/tidaldisruptions/blob/f405406/SCHEMA.md",
		"name":"RBS 1032",
		"sources":[
			{
				"name":"2017ApJ...838..149A",
				"bibcode":"2017ApJ...838..149A",
				"reference":"Auchettl, Guillochon, & Ramirez-Ruiz (2017)",
				"alias":"1"
			},
			{
				"name":"2016A&A...594A..13P",
				"bibcode":"2016A&A...594A..13P",
				"reference":"Planck Collaboration et al. (2016)",
				"alias":"2"
			},
			{
				"name":"2014ApJ...792L..29M",
				"bibcode":"2014ApJ...792L..29M",
				"reference":"Maksym, Lin, & Irwin (2014)",
				"alias":"3"
			},
			{
				"name":"The Open TDE Catalog",
				"bibcode":"2017ApJ...835...64G",
				"reference":"Guillochon et al. (2017)",
				"secondary":true,
				"url":"https://tde.space",
				"alias":"4"
			}
		],
		"alias":[
			{
				"value":"RBS 1032",
				"source":"1"
			}
		],
		"citations":[
			{
				"value":"<a href='http://adsabs.harvard.edu/abs/2014ApJ...792L..29M'>Maksym et al. 2014</a>*&Dagger;",
				"source":"3"
			}
		],
		"comovingdist":[
			{
				"value":"110",
				"derived":true,
				"u_value":"Mpc",
				"source":"1,2,3,4"
			}
		],
		"discoverdate":[
			{
				"value":"1990/11/05",
				"derived":true,
				"source":"1,4"
			}
		],
		"host":[
			{
				"value":"SDSS J114726.69+494257.8",
				"source":"1,3"
			}
		],
		"hostdec":[
			{
				"value":"+49:42:59.00",
				"u_value":"degrees",
				"source":"1"
			}
		],
		"hostra":[
			{
				"value":"11:47:26.80",
				"u_value":"hours",
				"source":"1"
			}
		],
		"lumdist":[
			{
				"value":"120",
				"derived":true,
				"u_value":"Mpc",
				"source":"1,2,3,4"
			}
		],
		"redshift":[
			{
				"value":"0.026",
				"source":"1,3"
			}
		],
		"velocity":[
			{
				"value":"7700",
				"derived":true,
				"u_value":"km/s",
				"source":"4"
			}
		],
		"photometry":[
			{
				"time":[
					"48200",
					"48200.004"
				],
				"countrate":"0.319",
				"e_countrate":"0.03366",
				"e_lower_flux":"2.93E-13",
				"e_lower_luminosity":"4.45E+41",
				"e_upper_flux":"3.63E-13",
				"e_upper_luminosity":"5.51E+41",
				"energy":[
					"0.3",
					"2.0"
				],
				"flux":"3.28E-13",
				"instrument":"PSPC",
				"luminosity":"4.98E+41",
				"nhmw":"0.0198",
				"photonindex":"5.22417",
				"telescope":"ROSAT",
				"u_countrate":"s^-1",
				"u_energy":"keV",
				"u_flux":"ergs/cm^2/s",
				"u_time":"MJD",
				"source":"1"
			},
			{
				"time":[
					"49000",
					"49000.028"
				],
				"countrate":"0.224",
				"e_countrate":"0.01069",
				"e_lower_flux":"1.20E-13",
				"e_lower_luminosity":"1.82E+41",
				"e_upper_flux":"1.37E-13",
				"e_upper_luminosity":"2.08E+41",
				"energy":[
					"0.3",
					"2.0"
				],
				"flux":"1.23E-13",
				"instrument":"PSPC",
				"luminosity":"1.87E+41",
				"nhmw":"0.0198",
				"photonindex":"5.94",
				"telescope":"ROSAT",
				"u_countrate":"s^-1",
				"u_energy":"keV",
				"u_flux":"ergs/cm^2/s",
				"u_time":"MJD",
				"source":"1"
			},
			{
				"time":[
					"49500",
					"49500.038"
				],
				"countrate":"0.128",
				"e_countrate":"0.00706",
				"e_lower_flux":"1.49E-13",
				"e_lower_luminosity":"2.26E+41",
				"e_upper_flux":"2.08E-13",
				"e_upper_luminosity":"3.16E+41",
				"energy":[
					"0.3",
					"2.0"
				],
				"flux":"1.81E-13",
				"instrument":"PSPC",
				"luminosity":"2.75E+41",
				"nhmw":"0.0198",
				"photonindex":"4.50834",
				"telescope":"ROSAT",
				"u_countrate":"s^-1",
				"u_energy":"keV",
				"u_flux":"ergs/cm^2/s",
				"u_time":"MJD",
				"source":"1"
			},
			{
				"time":[
					"52401.1",
					"52401.100"
				],
				"countrate":"0.737",
				"energy":[
					"0.3",
					"2.0"
				],
				"flux":"2.98E-12",
				"instrument":"PN",
				"luminosity":"4.52E+42",
				"nhmw":"0.0198",
				"photonindex":"4.5",
				"telescope":"XMM",
				"u_countrate":"s^-1",
				"u_energy":"keV",
				"u_flux":"ergs/cm^2/s",
				"u_time":"MJD",
				"upperlimit":true,
				"source":"1"
			},
			{
				"time":[
					"54617",
					"54617.000"
				],
				"countrate":"2.54",
				"energy":[
					"0.3",
					"2.0"
				],
				"flux":"1.03E-11",
				"instrument":"PN",
				"luminosity":"1.56E+43",
				"nhmw":"0.0198",
				"photonindex":"4.5",
				"telescope":"XMM",
				"u_countrate":"s^-1",
				"u_energy":"keV",
				"u_flux":"ergs/cm^2/s",
				"u_time":"MJD",
				"upperlimit":true,
				"source":"1"
			},
			{
				"time":[
					"55156.2",
					"55156.323"
				],
				"countrate":"0.18835",
				"energy":[
					"0.3",
					"2.0"
				],
				"flux":"1.03E-13",
				"instrument":"PN",
				"luminosity":"1.56E+41",
				"nhmw":"0.0198",
				"photonindex":"4.5",
				"telescope":"XMM",
				"u_countrate":"s^-1",
				"u_energy":"keV",
				"u_flux":"ergs/cm^2/s",
				"u_time":"MJD",
				"upperlimit":true,
				"source":"1"
			},
			{
				"time":[
					"56423.3",
					"56423.300"
				],
				"countrate":"0.81",
				"energy":[
					"0.3",
					"2.0"
				],
				"flux":"3.28E-12",
				"instrument":"PN",
				"luminosity":"4.98E+42",
				"nhmw":"0.0198",
				"photonindex":"4.5",
				"telescope":"XMM",
				"u_countrate":"s^-1",
				"u_energy":"keV",
				"u_flux":"ergs/cm^2/s",
				"u_time":"MJD",
				"upperlimit":true,
				"source":"1"
			}
		]
	}
}