{
	"RX J1624+75":{
		"schema":"https://github.com/astrocatalogs/tidaldisruptions/blob/f405406/SCHEMA.md",
		"name":"RX J1624+75",
		"sources":[
			{
				"name":"2017ApJ...838..149A",
				"bibcode":"2017ApJ...838..149A",
				"reference":"Auchettl, Guillochon, & Ramirez-Ruiz (2017)",
				"alias":"1"
			},
			{
				"name":"2016A&A...594A..13P",
				"bibcode":"2016A&A...594A..13P",
				"reference":"Planck Collaboration et al. (2016)",
				"alias":"2"
			},
			{
				"name":"2011ApJ...737..103S",
				"bibcode":"2011ApJ...737..103S",
				"reference":"Schlafly & Finkbeiner (2011)",
				"alias":"3"
			},
			{
				"name":"1999A&A...350L..31G",
				"bibcode":"1999A&A...350L..31G",
				"reference":"Grupe, Thomas, & Leighly (1999)",
				"alias":"4"
			},
			{
				"name":"The Open TDE Catalog",
				"bibcode":"2017ApJ...835...64G",
				"reference":"Guillochon et al. (2017)",
				"secondary":true,
				"url":"https://tde.space",
				"alias":"5"
			}
		],
		"alias":[
			{
				"value":"RX J1624+75",
				"source":"1"
			}
		],
		"citations":[
			{
				"value":"<a href='http://adsabs.harvard.edu/abs/1999A%26A...350L..31G'>Grupe et al. Leighly 1999</a>*&Dagger;",
				"source":"4"
			}
		],
		"comovingdist":[
			{
				"value":"277",
				"derived":true,
				"u_value":"Mpc",
				"source":"1,2,4,5"
			}
		],
		"dec":[
			{
				"value":"+75:54:57.50",
				"u_value":"degrees",
				"source":"1"
			}
		],
		"discoverdate":[
			{
				"value":"1990/08/25",
				"derived":true,
				"source":"1,5"
			}
		],
		"ebv":[
			{
				"value":"0.0312",
				"derived":true,
				"e_value":"0.0008",
				"source":"3,5"
			}
		],
		"host":[
			{
				"value":"RX J1624.9+7554",
				"source":"1,4"
			}
		],
		"hostdec":[
			{
				"value":"+75:54:56.09",
				"u_value":"degrees",
				"source":"1"
			}
		],
		"hostoffsetang":[
			{
				"value":"1.532",
				"derived":true,
				"u_value":"arcseconds",
				"source":"1,5"
			}
		],
		"hostoffsetdist":[
			{
				"value":"1.934",
				"source":"1,2,4,5"
			}
		],
		"hostra":[
			{
				"value":"16:24:56.66",
				"u_value":"hours",
				"source":"1"
			}
		],
		"lumdist":[
			{
				"value":"295",
				"derived":true,
				"u_value":"Mpc",
				"source":"1,2,4,5"
			}
		],
		"ra":[
			{
				"value":"16:24:56.70",
				"u_value":"hours",
				"source":"1"
			}
		],
		"redshift":[
			{
				"value":"0.0636",
				"source":"1,4"
			}
		],
		"velocity":[
			{
				"value":"18500",
				"derived":true,
				"u_value":"km/s",
				"source":"5"
			}
		],
		"photometry":[
			{
				"time":[
					"48128.6",
					"48128.612"
				],
				"countrate":"0.380824",
				"e_countrate":"0.0485424",
				"e_lower_flux":"2.36E-12",
				"e_lower_luminosity":"2.30E+43",
				"e_upper_flux":"2.58E-12",
				"e_upper_luminosity":"2.52E+43",
				"energy":[
					"0.3",
					"2.0"
				],
				"flux":"2.47E-12",
				"instrument":"PSPC",
				"luminosity":"2.41E+43",
				"nhmw":"0.038",
				"photonindex":"4.5",
				"telescope":"ROSAT",
				"u_countrate":"s^-1",
				"u_energy":"keV",
				"u_flux":"ergs/cm^2/s",
				"u_time":"MJD",
				"source":"1"
			},
			{
				"time":[
					"48634.1",
					"48634.138"
				],
				"countrate":"0.0215725",
				"energy":[
					"0.3",
					"2.0"
				],
				"flux":"8.24E-14",
				"instrument":"PSPC",
				"luminosity":"8.04E+41",
				"nhmw":"0.038",
				"photonindex":"4.5",
				"telescope":"ROSAT",
				"u_countrate":"s^-1",
				"u_energy":"keV",
				"u_flux":"ergs/cm^2/s",
				"u_time":"MJD",
				"upperlimit":true,
				"source":"1"
			},
			{
				"time":[
					"52532.3",
					"52532.416"
				],
				"countrate":"0.000789804",
				"energy":[
					"0.3",
					"2.0"
				],
				"flux":"7.90E-15",
				"instrument":"ACIS-S",
				"luminosity":"7.71E+40",
				"nhmw":"0.038",
				"photonindex":"4.5",
				"telescope":"Chandra",
				"u_countrate":"s^-1",
				"u_energy":"keV",
				"u_flux":"ergs/cm^2/s",
				"u_time":"MJD",
				"upperlimit":true,
				"source":"1"
			},
			{
				"time":[
					"52614.1",
					"52614.100"
				],
				"countrate":"0.865",
				"energy":[
					"0.3",
					"2.0"
				],
				"flux":"4.22E-12",
				"instrument":"PN",
				"luminosity":"4.12E+43",
				"nhmw":"0.038",
				"photonindex":"4.5",
				"telescope":"XMM",
				"u_countrate":"s^-1",
				"u_energy":"keV",
				"u_flux":"ergs/cm^2/s",
				"u_time":"MJD",
				"upperlimit":true,
				"source":"1"
			},
			{
				"time":[
					"54229.9",
					"54229.900"
				],
				"countrate":"7.18",
				"energy":[
					"0.3",
					"2.0"
				],
				"flux":"3.51E-11",
				"instrument":"PN",
				"luminosity":"3.43E+44",
				"nhmw":"0.038",
				"photonindex":"4.5",
				"telescope":"XMM",
				"u_countrate":"s^-1",
				"u_energy":"keV",
				"u_flux":"ergs/cm^2/s",
				"u_time":"MJD",
				"upperlimit":true,
				"source":"1"
			},
			{
				"time":[
					"56147",
					"56147.000"
				],
				"countrate":"0.224",
				"energy":[
					"0.3",
					"2.0"
				],
				"flux":"1.09E-12",
				"instrument":"PN",
				"luminosity":"1.06E+43",
				"nhmw":"0.038",
				"photonindex":"4.5",
				"telescope":"XMM",
				"u_countrate":"s^-1",
				"u_energy":"keV",
				"u_flux":"ergs/cm^2/s",
				"u_time":"MJD",
				"upperlimit":true,
				"source":"1"
			},
			{
				"time":[
					"56345.9",
					"56345.900"
				],
				"countrate":"0.635",
				"energy":[
					"0.3",
					"2.0"
				],
				"flux":"3.10E-12",
				"instrument":"PN",
				"luminosity":"3.03E+43",
				"nhmw":"0.038",
				"photonindex":"4.5",
				"telescope":"XMM",
				"u_countrate":"s^-1",
				"u_energy":"keV",
				"u_flux":"ergs/cm^2/s",
				"u_time":"MJD",
				"upperlimit":true,
				"source":"1"
			}
		]
	}
}