{
	"RX J1624+75": {
		"hostdec": [
				{
					"source": "1", 
					"u_value": "degrees", 
					"value": "+75:54:56.09"
				}
		], 
		"lumdist": [
				{
					"u_value": "Mpc", 
					"derived": true, 
					"value": "295", 
					"source": "1,2,4,7"
				}
		], 
		"photometry": [
				{
					"e_upper_luminosity": "2.52E+43", 
					"u_energy": "keV", 
					"telescope": "ROSAT", 
					"instrument": "PSPC", 
					"luminosity": "2.41E+43", 
					"energy": [
						"0.3", 
						"2.0"
					], 
					"e_lower_luminosity": "2.30E+43", 
					"u_countrate": "s^-1", 
					"photonindex": "4.5", 
					"countrate": "0.380824", 
					"e_lower_flux": "2.36E-12", 
					"flux": "2.47E-12", 
					"nhmw": "0.038", 
					"u_flux": "ergs/cm^2/s", 
					"u_time": "MJD", 
					"e_upper_flux": "2.58E-12", 
					"time": [
						"48128.6", 
						"48128.612"
					], 
					"e_countrate": "0.0485424", 
					"source": "1"
				}, 
				{
					"u_energy": "keV", 
					"telescope": "ROSAT", 
					"instrument": "PSPC", 
					"source": "1", 
					"luminosity": "8.04E+41", 
					"energy": [
						"0.3", 
						"2.0"
					], 
					"u_countrate": "s^-1", 
					"photonindex": "4.5", 
					"countrate": "0.0215725", 
					"flux": "8.24E-14", 
					"nhmw": "0.038", 
					"u_flux": "ergs/cm^2/s", 
					"u_time": "MJD", 
					"time": [
						"48634.1", 
						"48634.138"
					], 
					"upperlimit": true
				}, 
				{
					"u_energy": "keV", 
					"telescope": "Chandra", 
					"instrument": "ACIS-S", 
					"source": "1", 
					"luminosity": "7.71E+40", 
					"energy": [
						"0.3", 
						"2.0"
					], 
					"u_countrate": "s^-1", 
					"photonindex": "4.5", 
					"countrate": "0.000789804", 
					"flux": "7.90E-15", 
					"nhmw": "0.038", 
					"u_flux": "ergs/cm^2/s", 
					"u_time": "MJD", 
					"time": [
						"52532.3", 
						"52532.416"
					], 
					"upperlimit": true
				}, 
				{
					"u_energy": "keV", 
					"telescope": "XMM", 
					"instrument": "PN", 
					"source": "1", 
					"luminosity": "4.12E+43", 
					"energy": [
						"0.3", 
						"2.0"
					], 
					"u_countrate": "s^-1", 
					"photonindex": "4.5", 
					"countrate": "0.865", 
					"flux": "4.22E-12", 
					"nhmw": "0.038", 
					"u_flux": "ergs/cm^2/s", 
					"u_time": "MJD", 
					"time": [
						"52614.1", 
						"52614.100"
					], 
					"upperlimit": true
				}, 
				{
					"u_energy": "keV", 
					"telescope": "XMM", 
					"instrument": "PN", 
					"source": "1", 
					"luminosity": "3.43E+44", 
					"energy": [
						"0.3", 
						"2.0"
					], 
					"u_countrate": "s^-1", 
					"photonindex": "4.5", 
					"countrate": "7.18", 
					"flux": "3.51E-11", 
					"nhmw": "0.038", 
					"u_flux": "ergs/cm^2/s", 
					"u_time": "MJD", 
					"time": [
						"54229.9", 
						"54229.900"
					], 
					"upperlimit": true
				}, 
				{
					"u_energy": "keV", 
					"telescope": "XMM", 
					"instrument": "PN", 
					"source": "1", 
					"luminosity": "1.06E+43", 
					"energy": [
						"0.3", 
						"2.0"
					], 
					"u_countrate": "s^-1", 
					"photonindex": "4.5", 
					"countrate": "0.224", 
					"flux": "1.09E-12", 
					"nhmw": "0.038", 
					"u_flux": "ergs/cm^2/s", 
					"u_time": "MJD", 
					"time": [
						"56147", 
						"56147.000"
					], 
					"upperlimit": true
				}, 
				{
					"u_energy": "keV", 
					"telescope": "XMM", 
					"instrument": "PN", 
					"source": "1", 
					"luminosity": "3.03E+43", 
					"energy": [
						"0.3", 
						"2.0"
					], 
					"u_countrate": "s^-1", 
					"photonindex": "4.5", 
					"countrate": "0.635", 
					"flux": "3.10E-12", 
					"nhmw": "0.038", 
					"u_flux": "ergs/cm^2/s", 
					"u_time": "MJD", 
					"time": [
						"56345.9", 
						"56345.900"
					], 
					"upperlimit": true
				}
		], 
		"comovingdist": [
				{
					"u_value": "Mpc", 
					"derived": true, 
					"value": "277", 
					"source": "1,2,4,7"
				}
		], 
		"name": "RX J1624+75", 
		"alias": [
				{
					"source": "1,6", 
					"value": "RX J1624+75"
				}
		], 
		"spectra": [
				{
					"telescope": "HST", 
					"u_wavelengths": "Angstrom", 
					"source": "5,6", 
					"filename": "2003982397_o6dd02010_sx1.fits", 
					"instrument": "STIS/CCD", 
					"u_time": "MJD", 
					"time": "52193.688265", 
					"data": [
						[
								"0.0197487", 
								"0.00330001"
						], 
						[
								"0.0158442", 
								"0.00435474"
						], 
						[
								"0.00922493", 
								"0.00330001"
						], 
						[
								"0.0301413", 
								"0.00435474"
						], 
						[
								"0.0354127", 
								"0.00540948"
						], 
						[
								"0.036793", 
								"0.00503315"
						], 
						[
								"0.0547735", 
								"0.00622886"
						], 
						[
								"0.0663053", 
								"0.00729918"
						], 
						[
								"0.0428355", 
								"0.00729918"
						], 
						[
								"0.0837338", 
								"0.00729918"
						], 
						[
								"0.0718188", 
								"-0.000525545"
						], 
						[
								"0.0834266", 
								"-0.000530097"
						], 
						[
								"0.0583965", 
								"-0.000534617"
						], 
						[
								"0.10162", 
								"-0.000539105"
						], 
						[
								"0.103739", 
								"-0.000543561"
						], 
						[
								"0.102534", 
								"-0.000547986"
						], 
						[
								"0.111566", 
								"-0.000552378"
						], 
						[
								"0.0875638", 
								"-0.000556739"
						], 
						[
								"0.0863846", 
								"-0.000561069"
						], 
						[
								"0.0915481", 
								"-0.000565367"
						], 
						[
								"0.0796153", 
								"-0.000569633"
						], 
						[
								"0.0841908", 
								"-0.000573868"
						], 
						[
								"0.0765929", 
								"-0.000578072"
						], 
						[
								"0.101196", 
								"-0.000582244"
						], 
						[
								"0.0745162", 
								"-0.000586385"
						], 
						[
								"0.086823", 
								"-0.000590495"
						], 
						[
								"0.0831796", 
								"-0.000594574"
						], 
						[
								"0.0957506", 
								"-0.000598622"
						], 
						[
								"0.0976116", 
								"-0.000602639"
						], 
						[
								"0.0716666", 
								"-0.000606624"
						], 
						[
								"0.0961802", 
								"-0.000610579"
						], 
						[
								"0.0786235", 
								"-0.000614503"
						], 
						[
								"0.0890645", 
								"-0.000618397"
						], 
						[
								"0.0848112", 
								"-0.000622259"
						], 
						[
								"0.0909334", 
								"-0.000626091"
						], 
						[
								"0.0796631", 
								"-0.000629892"
						], 
						[
								"0.0993637", 
								"-0.000633663"
						], 
						[
								"0.103621", 
								"-0.000637404"
						], 
						[
								"0.0908465", 
								"-0.000641113"
						], 
						[
								"0.106286", 
								"-0.000644793"
						], 
						[
								"0.095101", 
								"-0.000648442"
						], 
						[
								"0.0986924", 
								"-0.000652061"
						], 
						[
								"0.106036", 
								"-0.00065565"
						], 
						[
								"0.156821", 
								"-0.000659209"
						], 
						[
								"0.0817342", 
								"-0.000662737"
						], 
						[
								"0.118625", 
								"-0.000666236"
						], 
						[
								"0.116423", 
								"-0.000669705"
						], 
						[
								"0.0581077", 
								"-0.000673143"
						], 
						[
								"0.10533", 
								"-0.000676552"
						], 
						[
								"0.108536", 
								"-0.000679931"
						], 
						[
								"0.13211", 
								"-0.000683281"
						], 
						[
								"0.113166", 
								"-0.000686601"
						], 
						[
								"0.104317", 
								"-0.000689891"
						], 
						[
								"0.108457", 
								"-0.000693152"
						], 
						[
								"0.105304", 
								"-0.000696383"
						], 
						[
								"0.103682", 
								"-0.000699585"
						], 
						[
								"0.103434", 
								"-0.000702757"
						], 
						[
								"0.111169", 
								"-0.0007059"
						], 
						[
								"0.13029", 
								"-0.000709014"
						], 
						[
								"0.136701", 
								"-0.000712099"
						], 
						[
								"0.129339", 
								"-0.000715155"
						], 
						[
								"0.128072", 
								"-0.000718181"
						], 
						[
								"0.122126", 
								"-0.000721179"
						], 
						[
								"0.110372", 
								"-0.000724147"
						], 
						[
								"0.143427", 
								"-0.000727087"
						], 
						[
								"0.120532", 
								"-0.000729998"
						], 
						[
								"0.126332", 
								"-0.00073288"
						], 
						[
								"0.132776", 
								"-0.000735734"
						], 
						[
								"0.135506", 
								"-0.000738558"
						], 
						[
								"0.139429", 
								"-0.000741355"
						], 
						[
								"0.122017", 
								"-0.000744122"
						], 
						[
								"0.141889", 
								"-0.000746862"
						], 
						[
								"0.135714", 
								"-0.000749572"
						], 
						[
								"0.119653", 
								"-0.000752255"
						], 
						[
								"0.120762", 
								"-0.000754909"
						], 
						[
								"0.139399", 
								"-0.000757535"
						], 
						[
								"0.112943", 
								"-0.000760133"
						], 
						[
								"0.133146", 
								"-0.000762702"
						], 
						[
								"0.169939", 
								"-0.000765244"
						], 
						[
								"0.128904", 
								"-0.000767757"
						], 
						[
								"0.16219", 
								"-0.000770243"
						], 
						[
								"0.154836", 
								"-0.000772701"
						], 
						[
								"0.147408", 
								"-0.000775131"
						], 
						[
								"0.0890401", 
								"-0.000777533"
						], 
						[
								"0.145397", 
								"-0.000779908"
						], 
						[
								"0.137733", 
								"-0.000782254"
						], 
						[
								"0.157854", 
								"-0.000784574"
						], 
						[
								"0.125682", 
								"-0.000786865"
						], 
						[
								"0.154678", 
								"-0.00078913"
						], 
						[
								"0.153115", 
								"-0.000791367"
						], 
						[
								"0.136699", 
								"-0.000793576"
						], 
						[
								"0.0267435", 
								"-0.000795758"
						], 
						[
								"6.89989", 
								"-0.000797913"
						], 
						[
								"0.166774", 
								"-0.000800041"
						], 
						[
								"0.17119", 
								"-0.000802142"
						], 
						[
								"0.165943", 
								"-0.000804216"
						], 
						[
								"0.154452", 
								"-0.000806262"
						], 
						[
								"0.182151", 
								"-0.000808282"
						], 
						[
								"0.147239", 
								"-0.000810275"
						], 
						[
								"0.150014", 
								"-0.000812241"
						], 
						[
								"0.168163", 
								"-0.00081418"
						], 
						[
								"0.162311", 
								"-0.000816093"
						], 
						[
								"0.158726", 
								"-0.000817979"
						], 
						[
								"0.167846", 
								"-0.000819838"
						], 
						[
								"0.150451", 
								"-0.000821671"
						], 
						[
								"0.171501", 
								"-0.000823478"
						], 
						[
								"0.177992", 
								"-0.000825258"
						], 
						[
								"0.164461", 
								"-0.000827011"
						], 
						[
								"0.168781", 
								"-0.000828739"
						], 
						[
								"0.1694", 
								"-0.00083044"
						], 
						[
								"0.168345", 
								"-0.000832115"
						], 
						[
								"0.200018", 
								"-0.000833764"
						], 
						[
								"0.18376", 
								"-0.000835387"
						], 
						[
								"0.17663", 
								"-0.000836983"
						], 
						[
								"0.181569", 
								"-0.000838554"
						], 
						[
								"0.168064", 
								"-0.000840099"
						], 
						[
								"0.184718", 
								"-0.000841619"
						], 
						[
								"0.180602", 
								"-0.000843112"
						], 
						[
								"0.162946", 
								"-0.00084458"
						], 
						[
								"0.177906", 
								"-0.000846022"
						], 
						[
								"0.171939", 
								"-0.000847439"
						], 
						[
								"0.158075", 
								"-0.00084883"
						], 
						[
								"0.174655", 
								"-0.000850195"
						], 
						[
								"0.198487", 
								"-0.000851536"
						], 
						[
								"0.19188", 
								"-0.000852851"
						], 
						[
								"0.189942", 
								"-0.00085414"
						], 
						[
								"0.175987", 
								"-0.000855405"
						], 
						[
								"0.173248", 
								"-0.000856644"
						], 
						[
								"0.161361", 
								"-0.000857858"
						], 
						[
								"0.184273", 
								"-0.000859047"
						], 
						[
								"0.181388", 
								"-0.000860211"
						], 
						[
								"0.178226", 
								"-0.00086135"
						], 
						[
								"0.178617", 
								"-0.000862465"
						], 
						[
								"0.201501", 
								"-0.000863554"
						], 
						[
								"0.179208", 
								"-0.000864619"
						], 
						[
								"0.18248", 
								"-0.000865659"
						], 
						[
								"0.195606", 
								"-0.000866674"
						], 
						[
								"0.165718", 
								"-0.000867665"
						], 
						[
								"0.174362", 
								"-0.000868632"
						], 
						[
								"0.19593", 
								"-0.000869573"
						], 
						[
								"0.160685", 
								"-0.000870491"
						], 
						[
								"0.188304", 
								"-0.000871384"
						], 
						[
								"0.177778", 
								"-0.000872253"
						], 
						[
								"0.166971", 
								"-0.000873098"
						], 
						[
								"0.186835", 
								"-0.000873918"
						], 
						[
								"0.182442", 
								"-0.000874715"
						], 
						[
								"0.202758", 
								"-0.000875487"
						], 
						[
								"0.189543", 
								"-0.000876235"
						], 
						[
								"0.177013", 
								"-0.00087696"
						], 
						[
								"0.173613", 
								"-0.000877661"
						], 
						[
								"0.180018", 
								"-0.000878337"
						], 
						[
								"0.17143", 
								"-0.00087899"
						], 
						[
								"0.19717", 
								"-0.00087962"
						], 
						[
								"0.17165", 
								"-0.000880226"
						], 
						[
								"0.187415", 
								"-0.000880808"
						], 
						[
								"0.17755", 
								"-0.000881366"
						], 
						[
								"0.176178", 
								"-0.000881902"
						], 
						[
								"0.178065", 
								"-0.000882414"
						], 
						[
								"0.178884", 
								"-0.000882902"
						], 
						[
								"0.195793", 
								"-0.000883367"
						], 
						[
								"0.17264", 
								"-0.000883809"
						], 
						[
								"0.202304", 
								"-0.000884228"
						], 
						[
								"0.192312", 
								"-0.000884624"
						], 
						[
								"0.188363", 
								"-0.000884997"
						], 
						[
								"0.185586", 
								"-0.000885347"
						], 
						[
								"0.185748", 
								"-0.000885674"
						], 
						[
								"0.198694", 
								"-0.000885978"
						], 
						[
								"0.195303", 
								"-0.000886259"
						], 
						[
								"0.189009", 
								"-0.000886517"
						], 
						[
								"0.195006", 
								"-0.000886753"
						], 
						[
								"0.159739", 
								"-0.000886966"
						], 
						[
								"0.130849", 
								"-0.000887157"
						], 
						[
								"0.225661", 
								"-0.000887325"
						], 
						[
								"0.213464", 
								"-0.000887471"
						], 
						[
								"0.209535", 
								"-0.000887594"
						], 
						[
								"0.21341", 
								"-0.000887695"
						], 
						[
								"0.20235", 
								"-0.000887774"
						], 
						[
								"0.215282", 
								"-0.00088783"
						], 
						[
								"0.210261", 
								"-0.000887864"
						], 
						[
								"0.199918", 
								"-0.000887877"
						], 
						[
								"0.206492", 
								"-0.000887867"
						], 
						[
								"0.211174", 
								"-0.000887835"
						], 
						[
								"0.227344", 
								"-0.000887781"
						], 
						[
								"0.216556", 
								"-0.000887706"
						], 
						[
								"0.181946", 
								"-0.000887608"
						], 
						[
								"0.209935", 
								"-0.000887489"
						], 
						[
								"0.207773", 
								"-0.000887349"
						], 
						[
								"0.189553", 
								"-0.000887186"
						], 
						[
								"0.217865", 
								"-0.000887002"
						], 
						[
								"0.203512", 
								"-0.000886797"
						], 
						[
								"0.200766", 
								"-0.00088657"
						], 
						[
								"0.21895", 
								"-0.000886322"
						], 
						[
								"0.203493", 
								"-0.000886052"
						], 
						[
								"0.215849", 
								"-0.000885762"
						], 
						[
								"0.209233", 
								"-0.00088545"
						], 
						[
								"0.213348", 
								"-0.000885116"
						], 
						[
								"0.222684", 
								"-0.000884762"
						], 
						[
								"0.229501", 
								"-0.000884387"
						], 
						[
								"0.206643", 
								"-0.000883991"
						], 
						[
								"0.218413", 
								"-0.000883573"
						], 
						[
								"0.227779", 
								"-0.000883136"
						], 
						[
								"0.201216", 
								"-0.000882677"
						], 
						[
								"0.208224", 
								"-0.000882197"
						], 
						[
								"0.203427", 
								"-0.000881697"
						], 
						[
								"0.199889", 
								"-0.000881176"
						], 
						[
								"0.206271", 
								"-0.000880635"
						], 
						[
								"0.214006", 
								"-0.000880073"
						], 
						[
								"0.208508", 
								"-0.000879491"
						], 
						[
								"0.191801", 
								"-0.000878888"
						], 
						[
								"0.172226", 
								"-0.000878265"
						], 
						[
								"0.192039", 
								"-0.000877622"
						], 
						[
								"0.164435", 
								"-0.000876958"
						], 
						[
								"0.179825", 
								"-0.000876275"
						], 
						[
								"0.184735", 
								"-0.000875571"
						], 
						[
								"0.197373", 
								"-0.000874847"
						], 
						[
								"0.203194", 
								"-0.000874104"
						], 
						[
								"0.203201", 
								"-0.00087334"
						], 
						[
								"0.187704", 
								"-0.000872557"
						], 
						[
								"0.213395", 
								"-0.000871754"
						], 
						[
								"0.206788", 
								"-0.000870931"
						], 
						[
								"0.206596", 
								"-0.000870088"
						], 
						[
								"0.201347", 
								"-0.000869226"
						], 
						[
								"0.215972", 
								"-0.000868344"
						], 
						[
								"0.199142", 
								"-0.000867443"
						], 
						[
								"0.206722", 
								"-0.000866522"
						], 
						[
								"0.231978", 
								"-0.000865582"
						], 
						[
								"0.232925", 
								"-0.000864623"
						], 
						[
								"0.233745", 
								"-0.000863644"
						], 
						[
								"0.216495", 
								"-0.000862647"
						], 
						[
								"0.215796", 
								"-0.00086163"
						], 
						[
								"0.219948", 
								"-0.000860594"
						], 
						[
								"0.216333", 
								"-0.000859539"
						], 
						[
								"0.233689", 
								"-0.000858465"
						], 
						[
								"0.231863", 
								"-0.000857372"
						], 
						[
								"0.22547", 
								"-0.00085626"
						], 
						[
								"0.232882", 
								"-0.00085513"
						], 
						[
								"0.228203", 
								"-0.00085398"
						], 
						[
								"0.196607", 
								"-0.000852813"
						], 
						[
								"0.220917", 
								"-0.000851626"
						], 
						[
								"0.222495", 
								"-0.000850421"
						], 
						[
								"0.227538", 
								"-0.000849198"
						], 
						[
								"0.228887", 
								"-0.000847956"
						], 
						[
								"0.230305", 
								"-0.000846695"
						], 
						[
								"0.242156", 
								"-0.000845417"
						], 
						[
								"0.212813", 
								"-0.00084412"
						], 
						[
								"0.218252", 
								"-0.000842805"
						], 
						[
								"0.242766", 
								"-0.000841471"
						], 
						[
								"0.229872", 
								"-0.00084012"
						], 
						[
								"0.222725", 
								"-0.000838751"
						], 
						[
								"0.249472", 
								"-0.000837364"
						], 
						[
								"0.23735", 
								"-0.000835958"
						], 
						[
								"0.241267", 
								"-0.000834536"
						], 
						[
								"0.227807", 
								"-0.000833095"
						], 
						[
								"0.207586", 
								"-0.000831636"
						], 
						[
								"0.248506", 
								"-0.00083016"
						], 
						[
								"0.23004", 
								"-0.000828666"
						], 
						[
								"0.221588", 
								"-0.000827155"
						], 
						[
								"0.249193", 
								"-0.000825626"
						], 
						[
								"0.236392", 
								"-0.00082408"
						], 
						[
								"0.208549", 
								"-0.000822517"
						], 
						[
								"0.230401", 
								"-0.000820936"
						], 
						[
								"0.21016", 
								"-0.000819338"
						], 
						[
								"0.21462", 
								"-0.000817722"
						], 
						[
								"0.211593", 
								"-0.00081609"
						], 
						[
								"0.214453", 
								"-0.000814441"
						], 
						[
								"0.225287", 
								"-0.000812774"
						], 
						[
								"0.2224", 
								"-0.000811091"
						], 
						[
								"0.221223", 
								"-0.00080939"
						], 
						[
								"0.203839", 
								"-0.000807673"
						], 
						[
								"0.202183", 
								"-0.000805939"
						], 
						[
								"0.199333", 
								"-0.000804189"
						], 
						[
								"0.198513", 
								"-0.000802421"
						], 
						[
								"0.209691", 
								"-0.000800637"
						], 
						[
								"0.216532", 
								"-0.000798837"
						], 
						[
								"0.216798", 
								"-0.00079702"
						], 
						[
								"0.217702", 
								"-0.000795187"
						], 
						[
								"0.215895", 
								"-0.000793337"
						], 
						[
								"0.231004", 
								"-0.000791471"
						], 
						[
								"0.203417", 
								"-0.000789589"
						], 
						[
								"0.216305", 
								"-0.00078769"
						], 
						[
								"0.210141", 
								"-0.000785776"
						], 
						[
								"0.205804", 
								"-0.000783845"
						], 
						[
								"0.20616", 
								"-0.000781899"
						], 
						[
								"0.216798", 
								"-0.000779936"
						], 
						[
								"0.191679", 
								"-0.000777957"
						], 
						[
								"0.208526", 
								"-0.000775963"
						], 
						[
								"0.185978", 
								"-0.000773953"
						], 
						[
								"0.199703", 
								"-0.000771927"
						], 
						[
								"0.21068", 
								"-0.000769886"
						], 
						[
								"0.200093", 
								"-0.000767829"
						], 
						[
								"0.206135", 
								"-0.000765756"
						], 
						[
								"0.209816", 
								"-0.000763669"
						], 
						[
								"0.197732", 
								"-0.000761565"
						], 
						[
								"0.223609", 
								"-0.000759446"
						], 
						[
								"0.218888", 
								"-0.000757312"
						], 
						[
								"0.202275", 
								"-0.000755163"
						], 
						[
								"0.219596", 
								"-0.000752998"
						], 
						[
								"0.207303", 
								"-0.000750819"
						], 
						[
								"0.187526", 
								"-0.000748624"
						], 
						[
								"0.213473", 
								"-0.000746414"
						], 
						[
								"0.216219", 
								"-0.00074419"
						], 
						[
								"0.197007", 
								"-0.00074195"
						], 
						[
								"0.219345", 
								"-0.000739696"
						], 
						[
								"0.217787", 
								"-0.000737427"
						], 
						[
								"0.217474", 
								"-0.000735143"
						], 
						[
								"0.220235", 
								"-0.000732845"
						], 
						[
								"0.220275", 
								"-0.000730532"
						], 
						[
								"0.233655", 
								"-0.000728204"
						], 
						[
								"0.222645", 
								"-0.000725862"
						], 
						[
								"0.220858", 
								"-0.000723506"
						], 
						[
								"0.225726", 
								"-0.000721135"
						], 
						[
								"0.212226", 
								"-0.00071875"
						], 
						[
								"0.219565", 
								"-0.000716351"
						], 
						[
								"0.213839", 
								"-0.000713937"
						], 
						[
								"0.21699", 
								"-0.000711509"
						], 
						[
								"0.209342", 
								"-0.000709068"
						], 
						[
								"0.229483", 
								"-0.000706612"
						], 
						[
								"0.201583", 
								"-0.000704142"
						], 
						[
								"0.23278", 
								"-0.000701659"
						], 
						[
								"0.215197", 
								"-0.000699162"
						], 
						[
								"0.236592", 
								"-0.000696651"
						], 
						[
								"0.250101", 
								"-0.000694126"
						], 
						[
								"0.213086", 
								"-0.000691588"
						], 
						[
								"0.23105", 
								"-0.000689036"
						], 
						[
								"0.232686", 
								"-0.00068647"
						], 
						[
								"0.238772", 
								"-0.000683891"
						], 
						[
								"0.233165", 
								"-0.000681299"
						], 
						[
								"0.23984", 
								"-0.000678693"
						], 
						[
								"0.230927", 
								"-0.000676074"
						], 
						[
								"0.238922", 
								"-0.000673442"
						], 
						[
								"0.221977", 
								"-0.000670796"
						], 
						[
								"0.253379", 
								"-0.000668138"
						], 
						[
								"0.224285", 
								"-0.000665466"
						], 
						[
								"0.236832", 
								"-0.000662782"
						], 
						[
								"0.225281", 
								"-0.000660084"
						], 
						[
								"0.215058", 
								"-0.000657374"
						], 
						[
								"0.223802", 
								"-0.000654651"
						], 
						[
								"0.226282", 
								"-0.000651915"
						], 
						[
								"0.238069", 
								"-0.000649166"
						], 
						[
								"0.241922", 
								"-0.000646405"
						], 
						[
								"0.241678", 
								"-0.000643631"
						], 
						[
								"0.206873", 
								"-0.000640844"
						], 
						[
								"0.205796", 
								"-0.000638046"
						], 
						[
								"0.237602", 
								"-0.000635234"
						], 
						[
								"0.224488", 
								"-0.000632411"
						], 
						[
								"0.234689", 
								"-0.000629575"
						], 
						[
								"0.22711", 
								"-0.000626727"
						], 
						[
								"0.219987", 
								"-0.000623867"
						], 
						[
								"0.236443", 
								"-0.000620994"
						], 
						[
								"0.233372", 
								"-0.00061811"
						], 
						[
								"0.216177", 
								"-0.000615213"
						], 
						[
								"0.213236", 
								"-0.000612305"
						], 
						[
								"0.260976", 
								"-0.000609385"
						], 
						[
								"0.237745", 
								"-0.000606453"
						], 
						[
								"0.222944", 
								"-0.000603509"
						], 
						[
								"0.210797", 
								"-0.000600553"
						], 
						[
								"0.206203", 
								"-0.000597586"
						], 
						[
								"0.227528", 
								"-0.000594608"
						], 
						[
								"0.209757", 
								"-0.000591617"
						], 
						[
								"0.253736", 
								"-0.000588616"
						], 
						[
								"0.234917", 
								"-0.000585603"
						], 
						[
								"0.23809", 
								"-0.000582578"
						], 
						[
								"0.241692", 
								"-0.000579543"
						], 
						[
								"0.235538", 
								"-0.000576496"
						], 
						[
								"0.219926", 
								"-0.000573438"
						], 
						[
								"0.249531", 
								"-0.000570369"
						], 
						[
								"0.23539", 
								"-0.000567288"
						], 
						[
								"0.242442", 
								"-0.000564197"
						], 
						[
								"0.249049", 
								"-0.000561095"
						], 
						[
								"0.223733", 
								"-0.000557982"
						], 
						[
								"0.220067", 
								"-0.000554858"
						], 
						[
								"0.241767", 
								"-0.000551724"
						], 
						[
								"0.220914", 
								"-0.000548579"
						], 
						[
								"0.227838", 
								"-0.000545423"
						], 
						[
								"0.235733", 
								"-0.000542256"
						], 
						[
								"0.207125", 
								"-0.000539079"
						], 
						[
								"0.235647", 
								"-0.000535892"
						], 
						[
								"0.220756", 
								"-0.000532694"
						], 
						[
								"0.22487", 
								"-0.000529486"
						], 
						[
								"0.22764", 
								"-0.000526268"
						], 
						[
								"0.221006", 
								"-0.000523039"
						], 
						[
								"0.201084", 
								"-0.0005198"
						], 
						[
								"0.214508", 
								"-0.000516551"
						], 
						[
								"0.218808", 
								"-0.000513293"
						], 
						[
								"0.216304", 
								"-0.000510024"
						], 
						[
								"0.232447", 
								"-0.000506745"
						], 
						[
								"0.216501", 
								"-0.000503456"
						], 
						[
								"0.218154", 
								"-0.000500158"
						], 
						[
								"0.202142", 
								"-0.00049685"
						], 
						[
								"0.226136", 
								"-0.000493532"
						], 
						[
								"0.224979", 
								"-0.000490204"
						], 
						[
								"0.233175", 
								"-0.000486867"
						], 
						[
								"0.218099", 
								"-0.00048352"
						], 
						[
								"0.222255", 
								"-0.000480164"
						], 
						[
								"0.201727", 
								"-0.000476799"
						], 
						[
								"0.203846", 
								"-0.000473424"
						], 
						[
								"0.224447", 
								"-0.00047004"
						], 
						[
								"0.210619", 
								"-0.000466647"
						], 
						[
								"0.21661", 
								"-0.000463244"
						], 
						[
								"0.181772", 
								"-0.000459833"
						], 
						[
								"0.211792", 
								"-0.000456412"
						], 
						[
								"0.227007", 
								"-0.000452983"
						], 
						[
								"0.180027", 
								"-0.000449544"
						], 
						[
								"0.170914", 
								"-0.000446097"
						], 
						[
								"0.204996", 
								"-0.000442641"
						], 
						[
								"0.199089", 
								"-0.000439176"
						], 
						[
								"0.225987", 
								"-0.000435703"
						], 
						[
								"0.220925", 
								"-0.000432221"
						], 
						[
								"0.203305", 
								"-0.00042873"
						], 
						[
								"0.207893", 
								"-0.000425231"
						], 
						[
								"0.232456", 
								"-0.000421723"
						], 
						[
								"0.209643", 
								"-0.000418207"
						], 
						[
								"0.213717", 
								"-0.000414683"
						], 
						[
								"0.204237", 
								"-0.00041115"
						], 
						[
								"0.196598", 
								"-0.000407609"
						], 
						[
								"0.220883", 
								"-0.00040406"
						], 
						[
								"0.193207", 
								"-0.000400503"
						], 
						[
								"0.209894", 
								"-0.000396938"
						], 
						[
								"0.221284", 
								"-0.000393365"
						], 
						[
								"0.206421", 
								"-0.000389784"
						], 
						[
								"0.20823", 
								"-0.000386195"
						], 
						[
								"0.201571", 
								"-0.000382598"
						], 
						[
								"0.195265", 
								"-0.000378994"
						], 
						[
								"0.202926", 
								"-0.000375382"
						], 
						[
								"0.204102", 
								"-0.000371762"
						], 
						[
								"0.194616", 
								"-0.000368135"
						], 
						[
								"0.177982", 
								"-0.0003645"
						], 
						[
								"0.206531", 
								"-0.000360858"
						], 
						[
								"0.194879", 
								"-0.000357209"
						], 
						[
								"0.216931", 
								"-0.000353552"
						], 
						[
								"0.203832", 
								"-0.000349888"
						], 
						[
								"0.211084", 
								"-0.000346216"
						], 
						[
								"0.219337", 
								"-0.000342538"
						], 
						[
								"0.190785", 
								"-0.000338852"
						], 
						[
								"0.202685", 
								"-0.00033516"
						], 
						[
								"0.202321", 
								"-0.00033146"
						], 
						[
								"0.210312", 
								"-0.000327754"
						], 
						[
								"0.199466", 
								"-0.00032404"
						], 
						[
								"0.196933", 
								"-0.00032032"
						], 
						[
								"0.192902", 
								"-0.000316593"
						], 
						[
								"0.224735", 
								"-0.00031286"
						], 
						[
								"0.198247", 
								"-0.00030912"
						], 
						[
								"0.209518", 
								"-0.000305373"
						], 
						[
								"0.193385", 
								"-0.00030162"
						], 
						[
								"0.19434", 
								"-0.00029786"
						], 
						[
								"0.198116", 
								"-0.000294094"
						], 
						[
								"0.196688", 
								"-0.000290322"
						], 
						[
								"0.1967", 
								"-0.000286543"
						], 
						[
								"0.213801", 
								"-0.000282759"
						], 
						[
								"0.195568", 
								"-0.000278968"
						], 
						[
								"0.172296", 
								"-0.000275171"
						], 
						[
								"0.182586", 
								"-0.000271368"
						], 
						[
								"0.183001", 
								"-0.000267559"
						], 
						[
								"0.187378", 
								"-0.000263744"
						], 
						[
								"0.203817", 
								"-0.000259923"
						], 
						[
								"0.196818", 
								"-0.000256097"
						], 
						[
								"0.196627", 
								"-0.000252264"
						], 
						[
								"0.188595", 
								"-0.000248426"
						], 
						[
								"0.193052", 
								"-0.000244583"
						], 
						[
								"0.208051", 
								"-0.000240734"
						], 
						[
								"0.19847", 
								"-0.000236879"
						], 
						[
								"0.205383", 
								"-0.000233019"
						], 
						[
								"0.204647", 
								"-0.000229154"
						], 
						[
								"0.184388", 
								"-0.000225283"
						], 
						[
								"0.208405", 
								"-0.000221407"
						], 
						[
								"0.194116", 
								"-0.000217526"
						], 
						[
								"0.18945", 
								"-0.00021364"
						], 
						[
								"0.193536", 
								"-0.000209749"
						], 
						[
								"0.177022", 
								"-0.000205852"
						], 
						[
								"0.19947", 
								"-0.000201951"
						], 
						[
								"0.193", 
								"-0.000198045"
						], 
						[
								"0.168933", 
								"-0.000194134"
						], 
						[
								"0.169649", 
								"-0.000190218"
						], 
						[
								"0.180209", 
								"-0.000186297"
						], 
						[
								"0.165906", 
								"-0.000182372"
						], 
						[
								"0.173429", 
								"-0.000178442"
						], 
						[
								"0.165933", 
								"-0.000174508"
						], 
						[
								"0.180265", 
								"-0.000170569"
						], 
						[
								"0.18977", 
								"-0.000166625"
						], 
						[
								"0.193003", 
								"-0.000162678"
						], 
						[
								"0.18118", 
								"-0.000158726"
						], 
						[
								"0.181827", 
								"-0.00015477"
						], 
						[
								"0.182245", 
								"-0.000150809"
						], 
						[
								"0.225055", 
								"-0.000146845"
						], 
						[
								"0.18006", 
								"-0.000142876"
						], 
						[
								"0.168364", 
								"-0.000138903"
						], 
						[
								"0.162419", 
								"-0.000134927"
						], 
						[
								"0.177905", 
								"-0.000130946"
						], 
						[
								"0.15786", 
								"-0.000126962"
						], 
						[
								"0.195335", 
								"-0.000122974"
						], 
						[
								"0.170784", 
								"-0.000118982"
						], 
						[
								"0.183573", 
								"-0.000114986"
						], 
						[
								"0.181229", 
								"-0.000110987"
						], 
						[
								"0.172962", 
								"-0.000106985"
						], 
						[
								"0.156189", 
								"-0.000102979"
						], 
						[
								"0.166695", 
								"-9.89691e-05"
						], 
						[
								"0.173564", 
								"-9.49561e-05"
						], 
						[
								"0.16714", 
								"-9.09399e-05"
						], 
						[
								"0.18513", 
								"-8.69205e-05"
						], 
						[
								"0.174281", 
								"-8.28978e-05"
						], 
						[
								"0.181957", 
								"-7.8872e-05"
						], 
						[
								"0.173758", 
								"-7.48432e-05"
						], 
						[
								"0.163382", 
								"-7.08113e-05"
						], 
						[
								"0.17924", 
								"-6.67765e-05"
						], 
						[
								"0.151058", 
								"-6.27388e-05"
						], 
						[
								"0.178133", 
								"-5.86983e-05"
						], 
						[
								"0.17921", 
								"-5.4655e-05"
						], 
						[
								"0.178476", 
								"-5.0609e-05"
						], 
						[
								"0.183561", 
								"-4.65603e-05"
						], 
						[
								"0.162493", 
								"-4.2509e-05"
						], 
						[
								"0.170014", 
								"-3.84552e-05"
						], 
						[
								"0.172284", 
								"-3.43989e-05"
						], 
						[
								"0.153371", 
								"-3.03402e-05"
						], 
						[
								"0.151959", 
								"-2.62791e-05"
						], 
						[
								"0.166015", 
								"-2.22158e-05"
						], 
						[
								"0.166367", 
								"-1.81502e-05"
						], 
						[
								"0.171431", 
								"-1.40824e-05"
						], 
						[
								"0.192309", 
								"-1.00124e-05"
						], 
						[
								"0.190288", 
								"-5.94045e-06"
						], 
						[
								"0.173261", 
								"-1.86645e-06"
						], 
						[
								"0.170063", 
								"2.20949e-06"
						], 
						[
								"0.169945", 
								"6.28732e-06"
						], 
						[
								"0.152855", 
								"1.0367e-05"
						], 
						[
								"0.148793", 
								"1.44484e-05"
						], 
						[
								"0.150747", 
								"1.85315e-05"
						], 
						[
								"0.150842", 
								"2.26163e-05"
						], 
						[
								"0.15795", 
								"2.67027e-05"
						], 
						[
								"0.166666", 
								"3.07906e-05"
						], 
						[
								"0.162081", 
								"3.488e-05"
						], 
						[
								"0.154596", 
								"3.89708e-05"
						], 
						[
								"0.162813", 
								"4.3063e-05"
						], 
						[
								"0.155084", 
								"4.71564e-05"
						], 
						[
								"0.141382", 
								"5.12511e-05"
						], 
						[
								"0.16911", 
								"5.5347e-05"
						], 
						[
								"0.157628", 
								"5.9444e-05"
						], 
						[
								"0.158793", 
								"6.35421e-05"
						], 
						[
								"0.168041", 
								"6.76411e-05"
						], 
						[
								"0.157875", 
								"7.17411e-05"
						], 
						[
								"0.153744", 
								"7.5842e-05"
						], 
						[
								"0.153423", 
								"7.99437e-05"
						], 
						[
								"0.155119", 
								"8.40462e-05"
						], 
						[
								"0.167489", 
								"8.81494e-05"
						], 
						[
								"0.166735", 
								"9.22532e-05"
						], 
						[
								"0.162967", 
								"9.63577e-05"
						], 
						[
								"0.1604", 
								"0.000100463"
						], 
						[
								"0.156315", 
								"0.000104568"
						], 
						[
								"0.153123", 
								"0.000108674"
						], 
						[
								"0.156534", 
								"0.00011278"
						], 
						[
								"0.140606", 
								"0.000116887"
						], 
						[
								"0.148621", 
								"0.000120993"
						], 
						[
								"0.155454", 
								"0.0001251"
						], 
						[
								"0.148005", 
								"0.000129207"
						], 
						[
								"0.15361", 
								"0.000133314"
						], 
						[
								"0.168172", 
								"0.000137421"
						], 
						[
								"0.17288", 
								"0.000141528"
						], 
						[
								"0.172937", 
								"0.000145635"
						], 
						[
								"0.149447", 
								"0.000149742"
						], 
						[
								"0.145604", 
								"0.000153848"
						], 
						[
								"0.142022", 
								"0.000157954"
						], 
						[
								"0.147234", 
								"0.00016206"
						], 
						[
								"0.152252", 
								"0.000166166"
						], 
						[
								"0.159675", 
								"0.000170271"
						], 
						[
								"0.141394", 
								"0.000174375"
						], 
						[
								"0.146547", 
								"0.000178479"
						], 
						[
								"0.157687", 
								"0.000182582"
						], 
						[
								"0.164378", 
								"0.000186684"
						], 
						[
								"0.137018", 
								"0.000190786"
						], 
						[
								"0.14366", 
								"0.000194887"
						], 
						[
								"0.142189", 
								"0.000198987"
						], 
						[
								"0.147876", 
								"0.000203086"
						], 
						[
								"0.137975", 
								"0.000207184"
						], 
						[
								"0.125088", 
								"0.000211281"
						], 
						[
								"0.160701", 
								"0.000215376"
						], 
						[
								"0.14161", 
								"0.000219471"
						], 
						[
								"0.155275", 
								"0.000223564"
						], 
						[
								"0.153867", 
								"0.000227656"
						], 
						[
								"0.126815", 
								"0.000231747"
						], 
						[
								"0.133077", 
								"0.000235836"
						], 
						[
								"0.130126", 
								"0.000239924"
						], 
						[
								"0.138257", 
								"0.00024401"
						], 
						[
								"0.126751", 
								"0.000248095"
						], 
						[
								"0.122656", 
								"0.000252178"
						], 
						[
								"0.12421", 
								"0.000256259"
						], 
						[
								"0.124481", 
								"0.000260339"
						], 
						[
								"0.138279", 
								"0.000264417"
						], 
						[
								"0.127", 
								"0.000268492"
						], 
						[
								"0.13153", 
								"0.000272566"
						], 
						[
								"0.126302", 
								"0.000276638"
						], 
						[
								"0.125648", 
								"0.000280708"
						], 
						[
								"0.120595", 
								"0.000284776"
						], 
						[
								"0.13552", 
								"0.000288841"
						], 
						[
								"0.121729", 
								"0.000292904"
						], 
						[
								"0.142717", 
								"0.000296965"
						], 
						[
								"0.125874", 
								"0.000301024"
						], 
						[
								"0.134246", 
								"0.00030508"
						], 
						[
								"0.122641", 
								"0.000309133"
						], 
						[
								"0.132714", 
								"0.000313184"
						], 
						[
								"0.121643", 
								"0.000317233"
						], 
						[
								"0.122414", 
								"0.000321279"
						], 
						[
								"0.12359", 
								"0.000325322"
						], 
						[
								"0.125434", 
								"0.000329362"
						], 
						[
								"0.122104", 
								"0.0003334"
						], 
						[
								"0.118677", 
								"0.000337434"
						], 
						[
								"0.115443", 
								"0.000341466"
						], 
						[
								"0.113041", 
								"0.000345494"
						], 
						[
								"0.118752", 
								"0.00034952"
						], 
						[
								"0.11187", 
								"0.000353542"
						], 
						[
								"0.129069", 
								"0.000357562"
						], 
						[
								"0.118842", 
								"0.000361578"
						], 
						[
								"0.118832", 
								"0.00036559"
						], 
						[
								"0.105635", 
								"0.0003696"
						], 
						[
								"0.12753", 
								"0.000373605"
						], 
						[
								"0.11279", 
								"0.000377608"
						], 
						[
								"0.129969", 
								"0.000381607"
						], 
						[
								"0.130382", 
								"0.000385602"
						], 
						[
								"0.102419", 
								"0.000389593"
						], 
						[
								"0.111086", 
								"0.000393581"
						], 
						[
								"0.114214", 
								"0.000397565"
						], 
						[
								"0.109359", 
								"0.000401545"
						], 
						[
								"0.12214", 
								"0.000405522"
						], 
						[
								"0.109271", 
								"0.000409494"
						], 
						[
								"0.124571", 
								"0.000413462"
						], 
						[
								"0.110124", 
								"0.000417427"
						], 
						[
								"0.0984683", 
								"0.000421387"
						], 
						[
								"0.103445", 
								"0.000425343"
						], 
						[
								"0.110636", 
								"0.000429294"
						], 
						[
								"0.100512", 
								"0.000433242"
						], 
						[
								"0.113126", 
								"0.000437185"
						], 
						[
								"0.122699", 
								"0.000441123"
						], 
						[
								"0.100239", 
								"0.000445057"
						], 
						[
								"0.120471", 
								"0.000448987"
						], 
						[
								"0.107924", 
								"0.000452912"
						], 
						[
								"0.115683", 
								"0.000456832"
						], 
						[
								"0.100526", 
								"0.000460747"
						], 
						[
								"0.117188", 
								"0.000464658"
						], 
						[
								"0.114561", 
								"0.000468564"
						], 
						[
								"0.1169", 
								"0.000472465"
						], 
						[
								"0.105239", 
								"0.000476361"
						], 
						[
								"0.0748604", 
								"0.000480252"
						], 
						[
								"0.112209", 
								"0.000484138"
						], 
						[
								"0.093103", 
								"0.000488019"
						], 
						[
								"0.113355", 
								"0.000491894"
						], 
						[
								"0.11011", 
								"0.000495764"
						], 
						[
								"0.10444", 
								"0.000499629"
						], 
						[
								"0.113705", 
								"0.000503489"
						], 
						[
								"0.117178", 
								"0.000507343"
						], 
						[
								"0.111867", 
								"0.000511192"
						], 
						[
								"0.129207", 
								"0.000515035"
						], 
						[
								"0.108964", 
								"0.000518872"
						], 
						[
								"0.0979334", 
								"0.000522704"
						], 
						[
								"0.105978", 
								"0.00052653"
						], 
						[
								"0.0900285", 
								"0.000530351"
						], 
						[
								"0.0942613", 
								"0.000534165"
						], 
						[
								"0.104947", 
								"0.000537974"
						], 
						[
								"0.0999742", 
								"0.000541776"
						], 
						[
								"0.12576", 
								"0.000545573"
						], 
						[
								"0.109521", 
								"0.000549363"
						], 
						[
								"0.084518", 
								"0.000553148"
						], 
						[
								"0.111898", 
								"0.000556926"
						], 
						[
								"0.0887896", 
								"0.000560697"
						], 
						[
								"0.102853", 
								"0.000564463"
						], 
						[
								"0.103733", 
								"0.000568222"
						], 
						[
								"0.103655", 
								"0.000571975"
						], 
						[
								"0.0989276", 
								"0.000575721"
						], 
						[
								"0.101146", 
								"0.000579461"
						], 
						[
								"0.101475", 
								"0.000583194"
						], 
						[
								"0.101927", 
								"0.00058692"
						], 
						[
								"0.087252", 
								"0.00059064"
						], 
						[
								"0.104501", 
								"0.000594352"
						], 
						[
								"0.105878", 
								"0.000598058"
						], 
						[
								"0.136445", 
								"0.000601757"
						], 
						[
								"0.119212", 
								"0.00060545"
						], 
						[
								"0.120886", 
								"0.000609135"
						], 
						[
								"0.108377", 
								"0.000612813"
						], 
						[
								"0.122237", 
								"0.000616483"
						], 
						[
								"0.139114", 
								"0.000620147"
						], 
						[
								"0.109584", 
								"0.000623803"
						], 
						[
								"0.113863", 
								"0.000627452"
						], 
						[
								"0.130517", 
								"0.000631094"
						], 
						[
								"0.112868", 
								"0.000634728"
						], 
						[
								"0.115729", 
								"0.000638355"
						], 
						[
								"0.118778", 
								"0.000641974"
						], 
						[
								"0.0859896", 
								"0.000645585"
						], 
						[
								"0.100573", 
								"0.000649189"
						], 
						[
								"0.10481", 
								"0.000652785"
						], 
						[
								"0.101778", 
								"0.000656373"
						], 
						[
								"0.119772", 
								"0.000659954"
						], 
						[
								"0.100851", 
								"0.000663526"
						], 
						[
								"0.121064", 
								"0.000667091"
						], 
						[
								"0.118184", 
								"0.000670647"
						], 
						[
								"0.106199", 
								"0.000674196"
						], 
						[
								"0.10832", 
								"0.000677736"
						], 
						[
								"0.109706", 
								"0.000681268"
						], 
						[
								"0.105567", 
								"0.000684792"
						], 
						[
								"0.106878", 
								"0.000688307"
						], 
						[
								"0.102577", 
								"0.000691814"
						], 
						[
								"0.0976905", 
								"0.000695313"
						], 
						[
								"0.111503", 
								"0.000698803"
						], 
						[
								"0.103542", 
								"0.000702284"
						], 
						[
								"0.113373", 
								"0.000705757"
						], 
						[
								"0.102963", 
								"0.000709221"
						], 
						[
								"0.113774", 
								"0.000712677"
						], 
						[
								"0.112047", 
								"0.000716123"
						], 
						[
								"0.121359", 
								"0.000719561"
						], 
						[
								"0.108162", 
								"0.00072299"
						], 
						[
								"0.107803", 
								"0.00072641"
						], 
						[
								"0.125809", 
								"0.000729821"
						], 
						[
								"0.102763", 
								"0.000733222"
						], 
						[
								"0.118316", 
								"0.000736615"
						], 
						[
								"0.092849", 
								"0.000739998"
						], 
						[
								"0.093983", 
								"0.000743372"
						], 
						[
								"0.114867", 
								"0.000746737"
						], 
						[
								"0.101976", 
								"0.000750092"
						], 
						[
								"0.114586", 
								"0.000753438"
						], 
						[
								"0.124375", 
								"0.000756775"
						], 
						[
								"0.103161", 
								"0.000760101"
						], 
						[
								"0.101076", 
								"0.000763419"
						], 
						[
								"0.129949", 
								"0.000766726"
						], 
						[
								"0.109152", 
								"0.000770024"
						], 
						[
								"0.114153", 
								"0.000773312"
						], 
						[
								"0.0893775", 
								"0.00077659"
						], 
						[
								"0.087444", 
								"0.000779858"
						], 
						[
								"0.100783", 
								"0.000783116"
						], 
						[
								"0.102471", 
								"0.000786364"
						], 
						[
								"0.114021", 
								"0.000789602"
						], 
						[
								"0.101676", 
								"0.00079283"
						], 
						[
								"0.0949969", 
								"0.000796048"
						], 
						[
								"0.114621", 
								"0.000799255"
						], 
						[
								"0.135198", 
								"0.000802452"
						], 
						[
								"0.127737", 
								"0.000805639"
						], 
						[
								"0.112579", 
								"0.000808815"
						], 
						[
								"0.131738", 
								"0.000811981"
						], 
						[
								"0.109344", 
								"0.000815136"
						], 
						[
								"0.119642", 
								"0.00081828"
						], 
						[
								"0.108145", 
								"0.000821414"
						], 
						[
								"0.0919678", 
								"0.000824537"
						], 
						[
								"0.105749", 
								"0.000827649"
						], 
						[
								"0.0932707", 
								"0.00083075"
						], 
						[
								"0.0965616", 
								"0.000833841"
						], 
						[
								"0.108068", 
								"0.00083692"
						], 
						[
								"0.0936196", 
								"0.000839988"
						], 
						[
								"0.103782", 
								"0.000843046"
						], 
						[
								"0.0955619", 
								"0.000846092"
						], 
						[
								"0.0854176", 
								"0.000849126"
						], 
						[
								"0.0994872", 
								"0.00085215"
						], 
						[
								"0.104704", 
								"0.000855162"
						], 
						[
								"0.0941245", 
								"0.000858163"
						], 
						[
								"0.0658783", 
								"0.000861152"
						], 
						[
								"0.0907659", 
								"0.00086413"
						], 
						[
								"0.104722", 
								"0.000867096"
						], 
						[
								"0.103362", 
								"0.000870051"
						], 
						[
								"0.10465", 
								"0.000872994"
						], 
						[
								"0.111831", 
								"0.000875925"
						], 
						[
								"0.112798", 
								"0.000878844"
						], 
						[
								"0.0912707", 
								"0.000881752"
						], 
						[
								"0.103319", 
								"0.000884647"
						], 
						[
								"0.0883528", 
								"0.000887531"
						], 
						[
								"0.0691048", 
								"0.000890402"
						], 
						[
								"0.106536", 
								"0.000893262"
						], 
						[
								"0.0803862", 
								"0.000896109"
						], 
						[
								"0.0987724", 
								"0.000898944"
						], 
						[
								"0.103169", 
								"0.000901767"
						], 
						[
								"0.0972314", 
								"0.000904577"
						], 
						[
								"0.106672", 
								"0.000907375"
						], 
						[
								"0.0960719", 
								"0.00091016"
						], 
						[
								"0.0902677", 
								"0.000912933"
						], 
						[
								"0.106282", 
								"0.000915693"
						], 
						[
								"0.108444", 
								"0.000918441"
						], 
						[
								"0.112427", 
								"0.000921176"
						], 
						[
								"0.108111", 
								"0.000923898"
						], 
						[
								"0.0845021", 
								"0.000926608"
						], 
						[
								"0.0945824", 
								"0.000929304"
						], 
						[
								"0.0902542", 
								"0.000931988"
						], 
						[
								"0.0749979", 
								"0.000934659"
						], 
						[
								"0.100739", 
								"0.000937316"
						], 
						[
								"0.104631", 
								"0.000939961"
						], 
						[
								"0.090967", 
								"0.000942592"
						], 
						[
								"0.0940228", 
								"0.00094521"
						], 
						[
								"0.0856662", 
								"0.000947815"
						], 
						[
								"0.101151", 
								"0.000950406"
						], 
						[
								"0.093153", 
								"0.000952984"
						], 
						[
								"0.0935151", 
								"0.000955548"
						], 
						[
								"0.0950133", 
								"0.000958099"
						], 
						[
								"0.0969653", 
								"0.000960637"
						], 
						[
								"0.0794685", 
								"0.000963161"
						], 
						[
								"0.0826172", 
								"0.000965671"
						], 
						[
								"0.0828131", 
								"0.000968167"
						], 
						[
								"0.0736787", 
								"0.000970649"
						], 
						[
								"0.0846412", 
								"0.000973118"
						], 
						[
								"0.0844879", 
								"0.000975572"
						], 
						[
								"0.0981201", 
								"0.000978013"
						], 
						[
								"0.111128", 
								"0.00098044"
						], 
						[
								"0.0875914", 
								"0.000982852"
						], 
						[
								"0.100043", 
								"0.00098525"
						], 
						[
								"0.104843", 
								"0.000987634"
						], 
						[
								"0.1032", 
								"0.000990004"
						], 
						[
								"0.11311", 
								"0.000992359"
						], 
						[
								"0.0737193", 
								"0.0009947"
						], 
						[
								"0.102205", 
								"0.000997027"
						], 
						[
								"0.119438", 
								"0.000999339"
						], 
						[
								"0.053351", 
								"0.00100164"
						], 
						[
								"0.0884766", 
								"0.00100392"
						], 
						[
								"0.0776703", 
								"0.00100619"
						], 
						[
								"0.085871", 
								"0.00100844"
						], 
						[
								"0.0923274", 
								"0.00101068"
						], 
						[
								"0.124076", 
								"0.0010129"
						], 
						[
								"0.0915456", 
								"0.00101511"
						], 
						[
								"0.0874186", 
								"0.0010173"
						], 
						[
								"0.109861", 
								"0.00101948"
						], 
						[
								"0.105248", 
								"0.00102165"
						], 
						[
								"0.110773", 
								"0.00102379"
						], 
						[
								"0.117623", 
								"0.00102593"
						], 
						[
								"0.0890391", 
								"0.00102804"
						], 
						[
								"0.0769567", 
								"0.00103015"
						], 
						[
								"0.0727795", 
								"0.00103223"
						], 
						[
								"0.074542", 
								"0.00103431"
						], 
						[
								"0.0835682", 
								"0.00103636"
						], 
						[
								"0.082408", 
								"0.0010384"
						], 
						[
								"0.0707824", 
								"0.00104043"
						], 
						[
								"0.0907713", 
								"0.00104243"
						], 
						[
								"0.0960976", 
								"0.00104443"
						], 
						[
								"0.114774", 
								"0.0010464"
						], 
						[
								"0.108456", 
								"0.00104837"
						], 
						[
								"0.115888", 
								"0.00105031"
						], 
						[
								"0.111071", 
								"0.00105224"
						], 
						[
								"0.10012", 
								"0.00105415"
						], 
						[
								"0.0939396", 
								"0.00105605"
						], 
						[
								"0.10493", 
								"0.00105793"
						], 
						[
								"0.073983", 
								"0.0010598"
						], 
						[
								"0.08647", 
								"0.00106165"
						], 
						[
								"0.0940706", 
								"0.00106348"
						], 
						[
								"0.0878197", 
								"0.00106529"
						], 
						[
								"0.0979367", 
								"0.00106709"
						], 
						[
								"0.054676", 
								"0.00106888"
						], 
						[
								"0.0841988", 
								"0.00107064"
						], 
						[
								"0.110197", 
								"0.00107239"
						], 
						[
								"0.0962534", 
								"0.00107412"
						], 
						[
								"0.0845183", 
								"0.00107584"
						], 
						[
								"0.104759", 
								"0.00107754"
						], 
						[
								"0.0978449", 
								"0.00107922"
						], 
						[
								"0.102231", 
								"0.00108089"
						], 
						[
								"0.113324", 
								"0.00108253"
						], 
						[
								"0.0953184", 
								"0.00108417"
						], 
						[
								"0.102622", 
								"0.00108578"
						], 
						[
								"0.106281", 
								"0.00108738"
						], 
						[
								"0.0861778", 
								"0.00108896"
						], 
						[
								"0.104879", 
								"0.00109052"
						], 
						[
								"0.0772484", 
								"0.00109206"
						], 
						[
								"0.0762459", 
								"0.00109359"
						], 
						[
								"0.0826625", 
								"0.0010951"
						], 
						[
								"0.0820662", 
								"0.00109659"
						], 
						[
								"0.105519", 
								"0.00109807"
						], 
						[
								"0.0935485", 
								"0.00109952"
						], 
						[
								"0.0935262", 
								"0.00110096"
						], 
						[
								"0.114059", 
								"0.00110239"
						], 
						[
								"0.0907467", 
								"0.00110379"
						], 
						[
								"0.0975642", 
								"0.00110518"
						], 
						[
								"0.112497", 
								"0.00110654"
						], 
						[
								"0.0723647", 
								"0.00110789"
						], 
						[
								"0.0688338", 
								"0.00110923"
						], 
						[
								"0.0685312", 
								"0.00111054"
						], 
						[
								"0.0631865", 
								"0.00111183"
						], 
						[
								"0.0713732", 
								"0.00111311"
						], 
						[
								"0.0799252", 
								"0.00111437"
						], 
						[
								"0.0601595", 
								"0.00111561"
						], 
						[
								"0.0542151", 
								"0.00111683"
						], 
						[
								"0.0659425", 
								"0.00111804"
						], 
						[
								"0.079632", 
								"0.00111922"
						], 
						[
								"0.0901038", 
								"0.00112039"
						], 
						[
								"0.0804067", 
								"0.00112154"
						], 
						[
								"0.102382", 
								"0.00112267"
						], 
						[
								"0.10071", 
								"0.00112378"
						], 
						[
								"0.0760408", 
								"0.00112487"
						], 
						[
								"0.095759", 
								"0.00112594"
						], 
						[
								"0.0899042", 
								"0.00112699"
						], 
						[
								"0.0899471", 
								"0.00112803"
						], 
						[
								"0.107706", 
								"0.00112904"
						], 
						[
								"0.0855177", 
								"0.00113004"
						], 
						[
								"0.0685844", 
								"0.00113102"
						], 
						[
								"0.0872143", 
								"0.00113198"
						], 
						[
								"0.0797427", 
								"0.00113291"
						], 
						[
								"0.0495839", 
								"0.00113383"
						], 
						[
								"0.0753397", 
								"0.00113473"
						], 
						[
								"0.0628294", 
								"0.00113561"
						], 
						[
								"0.042131", 
								"0.00113647"
						], 
						[
								"0.0698747", 
								"0.00113731"
						], 
						[
								"0.0599739", 
								"0.00113814"
						], 
						[
								"0.0720507", 
								"0.00113894"
						], 
						[
								"0.068996", 
								"0.00113972"
						], 
						[
								"0.0672305", 
								"0.00114048"
						], 
						[
								"0.0768109", 
								"0.00114122"
						], 
						[
								"0.0615729", 
								"0.00114195"
						], 
						[
								"0.0687873", 
								"0.00114265"
						], 
						[
								"0.0743002", 
								"0.00114333"
						], 
						[
								"0.0765402", 
								"0.00114399"
						], 
						[
								"0.0825103", 
								"0.00114463"
						], 
						[
								"0.0769198", 
								"0.00114526"
						], 
						[
								"0.0776232", 
								"0.00114586"
						], 
						[
								"0.0940258", 
								"0.00114644"
						], 
						[
								"0.0788777", 
								"0.001147"
						], 
						[
								"0.0668366", 
								"0.00114754"
						], 
						[
								"0.0678627", 
								"0.00114806"
						], 
						[
								"0.0504293", 
								"0.00114856"
						], 
						[
								"0.0706289", 
								"0.00114903"
						], 
						[
								"0.0645465", 
								"0.00114949"
						], 
						[
								"0.0576617", 
								"0.00114993"
						], 
						[
								"0.0621611", 
								"0.00115034"
						], 
						[
								"0.0572185", 
								"0.00115074"
						], 
						[
								"0.0553637", 
								"0.00115111"
						], 
						[
								"0.0593752", 
								"0.00115146"
						], 
						[
								"0.0627619", 
								"0.0011518"
						], 
						[
								"0.0496065", 
								"0.00115211"
						], 
						[
								"0.0805331", 
								"0.0011524"
						], 
						[
								"0.08569", 
								"0.00115266"
						], 
						[
								"0.0554258", 
								"0.00115291"
						], 
						[
								"0.0983817", 
								"0.00115314"
						], 
						[
								"0.0744094", 
								"0.00115334"
						], 
						[
								"0.0568729", 
								"0.00115352"
						], 
						[
								"0.0636856", 
								"0.00115368"
						], 
						[
								"0.0415343", 
								"0.00115382"
						], 
						[
								"0.0535608", 
								"0.00115394"
						], 
						[
								"0.0354376", 
								"0.00115403"
						], 
						[
								"0.0334827", 
								"0.00115411"
						], 
						[
								"0.0648938", 
								"0.00115416"
						], 
						[
								"0.0564856", 
								"0.00115419"
						], 
						[
								"0.0372292", 
								"0.0011542"
						], 
						[
								"0.0619176", 
								"0.00115418"
						], 
						[
								"0.0443273", 
								"0.00115415"
						], 
						[
								"0.0526368", 
								"0.00115409"
						], 
						[
								"0.0755429", 
								"0.00115401"
						], 
						[
								"0.0520286", 
								"0.00115391"
						], 
						[
								"0.0598853", 
								"0.00115378"
						], 
						[
								"0.0579235", 
								"0.00115364"
						], 
						[
								"0.046856", 
								"0.00115347"
						], 
						[
								"0.0742337", 
								"0.00115327"
						], 
						[
								"0.0680465", 
								"0.00115306"
						], 
						[
								"0.0484206", 
								"0.00115282"
						], 
						[
								"0.0601635", 
								"0.00115256"
						], 
						[
								"0.0369529", 
								"0.00115228"
						], 
						[
								"0.0382018", 
								"0.00115197"
						], 
						[
								"0.0540194", 
								"0.00115164"
						], 
						[
								"0.0323558", 
								"0.00115129"
						], 
						[
								"0.0436315", 
								"0.00115092"
						], 
						[
								"0.0490792", 
								"0.00115052"
						], 
						[
								"0.0436688", 
								"0.0011501"
						], 
						[
								"0.050329", 
								"0.00114966"
						], 
						[
								"0.0557959", 
								"0.00114919"
						], 
						[
								"0.0341281", 
								"0.0011487"
						], 
						[
								"0.0647683", 
								"0.00114818"
						], 
						[
								"0.0394873", 
								"0.00114765"
						], 
						[
								"0.040309", 
								"0.00114709"
						], 
						[
								"0.0458504", 
								"0.0011465"
						], 
						[
								"0.017175", 
								"0.0011459"
						], 
						[
								"0.0407402", 
								"0.00114526"
						], 
						[
								"0.0408073", 
								"0.00114461"
						], 
						[
								"0.0195851", 
								"0.00114393"
						], 
						[
								"0.0458351", 
								"0.00114323"
						], 
						[
								"0.0491871", 
								"0.0011425"
						], 
						[
								"0.0209674", 
								"0.00114175"
						], 
						[
								"0.0434131", 
								"0.00114098"
						], 
						[
								"0.0433996", 
								"0.00114018"
						], 
						[
								"0.0530324", 
								"0.00113936"
						], 
						[
								"0.0415469", 
								"0.00113851"
						], 
						[
								"0.0263327", 
								"0.00113764"
						], 
						[
								"0.0299743", 
								"0.00113675"
						], 
						[
								"0.0487997", 
								"0.00113583"
						], 
						[
								"0.0310932", 
								"0.00113488"
						], 
						[
								"0.0421106", 
								"0.00113391"
						], 
						[
								"0.0350669", 
								"0.00113292"
						], 
						[
								"0.0138535", 
								"0.0011319"
						], 
						[
								"0.0371195", 
								"0.00113086"
						], 
						[
								"0.0268956", 
								"0.0011298"
						], 
						[
								"0.0362821", 
								"0.0011287"
						], 
						[
								"0.0388415", 
								"0.00112759"
						], 
						[
								"0.0205268", 
								"0.00112645"
						], 
						[
								"0.0658046", 
								"0.00112528"
						], 
						[
								"0.0327992", 
								"0.00112409"
						], 
						[
								"0.0192689", 
								"0.00112287"
						], 
						[
								"0.0423339", 
								"0.00112163"
						], 
						[
								"0.0385342", 
								"0.00112037"
						], 
						[
								"0.0346662", 
								"0.00111908"
						], 
						[
								"0.00483008", 
								"0.00111776"
						], 
						[
								"0.0309303", 
								"0.00111642"
						], 
						[
								"0.0136157", 
								"0.00111505"
						], 
						[
								"0.0282642", 
								"0.00111366"
						], 
						[
								"0.0133028", 
								"0.00111224"
						], 
						[
								"0.00157924", 
								"0.00111079"
						], 
						[
								"0.0408554", 
								"0.00110932"
						], 
						[
								"0.0284629", 
								"0.00110783"
						], 
						[
								"0.0376033", 
								"0.00110631"
						], 
						[
								"0.0428377", 
								"0.00110476"
						], 
						[
								"0.0286969", 
								"0.00110319"
						], 
						[
								"0.0458787", 
								"0.00110159"
						], 
						[
								"0.0315206", 
								"0.00109996"
						], 
						[
								"0.0278949", 
								"0.00109831"
						], 
						[
								"0.0448081", 
								"0.00109664"
						], 
						[
								"0.0175694", 
								"0.00109493"
						], 
						[
								"0.0133728", 
								"0.0010932"
						], 
						[
								"0.0274771", 
								"0.00109145"
						], 
						[
								"0.0179953", 
								"0.00108967"
						], 
						[
								"0.0351843", 
								"0.00108786"
						], 
						[
								"0.0223075", 
								"0.00108602"
						], 
						[
								"0.0051471", 
								"0.00108416"
						], 
						[
								"0.0297403", 
								"0.00108227"
						], 
						[
								"0.0213079", 
								"0.00108036"
						], 
						[
								"0.00329332", 
								"0.00107842"
						], 
						[
								"0.0300261", 
								"0.00107645"
						], 
						[
								"0.0112097", 
								"0.00107445"
						], 
						[
								"0.0138479", 
								"0.00107243"
						], 
						[
								"0.031455", 
								"0.00107038"
						], 
						[
								"0.0103913", 
								"0.00106831"
						], 
						[
								"0.0146978", 
								"0.00106621"
						], 
						[
								"0.0147152", 
								"0.00106408"
						], 
						[
								"-0.000641468", 
								"0.00106192"
						], 
						[
								"0.0207567", 
								"0.00105973"
						], 
						[
								"-0.0010661", 
								"0.00374173"
						], 
						[
								"-0.00546071", 
								"0.00374173"
						], 
						[
								"0.0310315", 
								"0.00175226"
						], 
						[
								"0.00893351", 
								"0.000548736"
						], 
						[
								"0.0187745", 
								"0.000130019"
						], 
						[
								"0.03302", 
								"-9.45381e-06"
						], 
						[
								"0.0126886", 
								"0.000130019"
						], 
						[
								"0.0278476", 
								"-9.45381e-06"
						], 
						[
								"0.0194316", 
								"-0.00114527"
						]
					], 
					"u_fluxes": "Uncalibrated"
				}
		], 
		"redshift": [
				{
					"source": "1,4", 
					"value": "0.0636"
				}
		], 
		"host": [
				{
					"source": "1,4", 
					"value": "RX J1624.9+7554"
				}
		], 
		"hostoffsetdist": [
				{
					"source": "1,2,4,7", 
					"value": "1.934"
				}
		], 
		"sources": [
				{
					"alias": "1", 
					"bibcode": "2017ApJ...838..149A", 
					"name": "2017ApJ...838..149A", 
					"reference": "Auchettl, Guillochon, & Ramirez-Ruiz (2017)"
				}, 
				{
					"alias": "2", 
					"bibcode": "2016A&A...594A..13P", 
					"name": "2016A&A...594A..13P", 
					"reference": "Planck Collaboration et al. (2016)"
				}, 
				{
					"alias": "3", 
					"bibcode": "2011ApJ...737..103S", 
					"name": "2011ApJ...737..103S", 
					"reference": "Schlafly & Finkbeiner (2011)"
				}, 
				{
					"alias": "4", 
					"bibcode": "1999A&A...350L..31G", 
					"name": "1999A&A...350L..31G", 
					"reference": "Grupe, Thomas, & Leighly (1999)"
				}, 
				{
					"alias": "5", 
					"name": "Halpern"
				}, 
				{
					"url": "https://mast.stsci.edu", 
					"alias": "6", 
					"name": "MAST", 
					"secondary": true
				}, 
				{
					"bibcode": "2017ApJ...835...64G", 
					"name": "The Open TDE Catalog", 
					"reference": "Guillochon et al. (2017)", 
					"url": "https://tde.space", 
					"alias": "7", 
					"secondary": true
				}
		], 
		"ebv": [
				{
					"e_value": "0.0008", 
					"derived": true, 
					"value": "0.0312", 
					"source": "3,7"
				}
		], 
		"citations": [
				{
					"source": "4", 
					"value": "<a href='http://adsabs.harvard.edu/abs/1999A%26A...350L..31G'>Grupe et al. Leighly 1999</a>*&Dagger;"
				}
		], 
		"discoverdate": [
				{
					"source": "1,7", 
					"derived": true, 
					"value": "1990/08/25"
				}
		], 
		"ra": [
				{
					"source": "1", 
					"u_value": "hours", 
					"value": "16:24:56.70"
				}
		], 
		"hostra": [
				{
					"source": "1", 
					"u_value": "hours", 
					"value": "16:24:56.66"
				}
		], 
		"velocity": [
				{
					"u_value": "km/s", 
					"derived": true, 
					"value": "18500", 
					"source": "7"
				}
		], 
		"dec": [
				{
					"source": "1", 
					"u_value": "degrees", 
					"value": "+75:54:57.50"
				}
		], 
		"hostoffsetang": [
				{
					"u_value": "arcseconds", 
					"derived": true, 
					"value": "1.532", 
					"source": "1,7"
				}
		], 
		"schema": "https://github.com/astrocatalogs/tidaldisruptions/blob/f405406/SCHEMA.md"
	}
}