{
	"RX J1420+53":{
		"schema":"https://github.com/astrocatalogs/tidaldisruptions/blob/f405406/SCHEMA.md",
		"name":"RX J1420+53",
		"sources":[
			{
				"name":"2017ApJ...838..149A",
				"bibcode":"2017ApJ...838..149A",
				"reference":"Auchettl, Guillochon, & Ramirez-Ruiz (2017)",
				"alias":"1"
			},
			{
				"name":"2016A&A...594A..13P",
				"bibcode":"2016A&A...594A..13P",
				"reference":"Planck Collaboration et al. (2016)",
				"alias":"2"
			},
			{
				"name":"2011ApJ...737..103S",
				"bibcode":"2011ApJ...737..103S",
				"reference":"Schlafly & Finkbeiner (2011)",
				"alias":"3"
			},
			{
				"name":"2000A&A...362L..25G",
				"bibcode":"2000A&A...362L..25G",
				"reference":"Greiner et al. (2000)",
				"alias":"4"
			},
			{
				"name":"The Open TDE Catalog",
				"bibcode":"2017ApJ...835...64G",
				"reference":"Guillochon et al. (2017)",
				"secondary":true,
				"url":"https://tde.space",
				"alias":"5"
			}
		],
		"alias":[
			{
				"value":"RX J1420+53",
				"source":"1"
			}
		],
		"citations":[
			{
				"value":"<a href='http://adsabs.harvard.edu/abs/2000A%26A...362L..25G'>Greiner et al. 2000</a>*&Dagger;",
				"source":"4"
			}
		],
		"claimedtype":[
			{
				"value":"TDE?",
				"source":"1"
			}
		],
		"comovingdist":[
			{
				"value":"628",
				"derived":true,
				"u_value":"Mpc",
				"source":"1,2,4,5"
			}
		],
		"dec":[
			{
				"value":"+53:34:11.00",
				"u_value":"degrees",
				"source":"1"
			}
		],
		"discoverdate":[
			{
				"value":"1990/07/11",
				"derived":true,
				"source":"1,5"
			}
		],
		"ebv":[
			{
				"value":"0.009",
				"derived":true,
				"e_value":"0.0007",
				"source":"3,5"
			}
		],
		"host":[
			{
				"value":"RX J1420.4+5334",
				"source":"1,4"
			}
		],
		"hostdec":[
			{
				"value":"+53:34:11.72",
				"u_value":"degrees",
				"source":"1"
			}
		],
		"hostoffsetang":[
			{
				"value":"2.65",
				"derived":true,
				"u_value":"arcseconds",
				"source":"1,5"
			}
		],
		"hostoffsetdist":[
			{
				"value":"7.03",
				"source":"1,2,4,5"
			}
		],
		"hostra":[
			{
				"value":"14:20:24.37",
				"u_value":"hours",
				"source":"1"
			}
		],
		"lumdist":[
			{
				"value":"720",
				"derived":true,
				"u_value":"Mpc",
				"source":"1,2,4,5"
			}
		],
		"ra":[
			{
				"value":"14:20:24.20",
				"u_value":"hours",
				"source":"1"
			}
		],
		"redshift":[
			{
				"value":"0.147",
				"source":"1,4"
			}
		],
		"velocity":[
			{
				"value":"40900",
				"derived":true,
				"u_value":"km/s",
				"source":"5"
			}
		],
		"photometry":[
			{
				"time":[
					"48083.6",
					"48083.607"
				],
				"countrate":"0.232907",
				"e_countrate":"0.0214561",
				"e_lower_flux":"3.52E-13",
				"e_lower_luminosity":"2.13E+43",
				"e_upper_flux":"4.23E-13",
				"e_upper_luminosity":"2.56E+43",
				"energy":[
					"0.3",
					"2.0"
				],
				"flux":"3.88E-13",
				"instrument":"PSPC",
				"luminosity":"2.35E+43",
				"nhmw":"0.0118",
				"photonindex":"4.5",
				"telescope":"ROSAT",
				"u_countrate":"s^-1",
				"u_energy":"keV",
				"u_flux":"ergs/cm^2/s",
				"u_time":"MJD",
				"source":"1"
			},
			{
				"time":[
					"48091.7",
					"48091.768"
				],
				"countrate":"0.0397499",
				"energy":[
					"0.3",
					"2.0"
				],
				"flux":"3.89E-14",
				"instrument":"PSPC",
				"luminosity":"2.36E+42",
				"nhmw":"0.0118",
				"photonindex":"4.5",
				"telescope":"ROSAT",
				"u_countrate":"s^-1",
				"u_energy":"keV",
				"u_flux":"ergs/cm^2/s",
				"u_time":"MJD",
				"upperlimit":true,
				"source":"1"
			},
			{
				"time":[
					"52627",
					"52627.114"
				],
				"countrate":"0.000655652",
				"energy":[
					"0.3",
					"2.0"
				],
				"flux":"3.77E-15",
				"instrument":"ACIS-S",
				"luminosity":"2.28E+41",
				"nhmw":"0.0118",
				"photonindex":"4.5",
				"telescope":"Chandra",
				"u_countrate":"s^-1",
				"u_energy":"keV",
				"u_flux":"ergs/cm^2/s",
				"u_time":"MJD",
				"upperlimit":true,
				"source":"1"
			},
			{
				"time":[
					"53189.3",
					"53189.300"
				],
				"countrate":"0.86",
				"energy":[
					"0.3",
					"2.0"
				],
				"flux":"2.97E-12",
				"instrument":"PN",
				"luminosity":"1.80E+44",
				"nhmw":"0.0118",
				"photonindex":"4.5",
				"telescope":"XMM",
				"u_countrate":"s^-1",
				"u_energy":"keV",
				"u_flux":"ergs/cm^2/s",
				"u_time":"MJD",
				"upperlimit":true,
				"source":"1"
			},
			{
				"time":[
					"53246.2",
					"53246.311"
				],
				"countrate":"0.00118853",
				"energy":[
					"0.3",
					"2.0"
				],
				"flux":"6.84E-15",
				"instrument":"ACIS-S",
				"luminosity":"4.15E+41",
				"nhmw":"0.0118",
				"photonindex":"4.5",
				"telescope":"Chandra",
				"u_countrate":"s^-1",
				"u_energy":"keV",
				"u_flux":"ergs/cm^2/s",
				"u_time":"MJD",
				"upperlimit":true,
				"source":"1"
			}
		]
	}
}