{
	"SDSSJ1201": {
		"hostdec": [
				{
					"source": "1", 
					"u_value": "degrees", 
					"value": "+30:03:05.52"
				}
		], 
		"comovingdist": [
				{
					"u_value": "Mpc", 
					"derived": true, 
					"value": "624", 
					"source": "1,2,3,4"
				}
		], 
		"name": "SDSSJ1201", 
		"alias": [
				{
					"source": "1", 
					"value": "SDSSJ1201"
				}
		], 
		"redshift": [
				{
					"source": "1,3", 
					"value": "0.146"
				}
		], 
		"lumdist": [
				{
					"u_value": "Mpc", 
					"derived": true, 
					"value": "715", 
					"source": "1,2,3,4"
				}
		], 
		"sources": [
				{
					"alias": "1", 
					"bibcode": "2017ApJ...838..149A", 
					"name": "2017ApJ...838..149A", 
					"reference": "Auchettl, Guillochon, & Ramirez-Ruiz (2017)"
				}, 
				{
					"alias": "2", 
					"bibcode": "2016A&A...594A..13P", 
					"name": "2016A&A...594A..13P", 
					"reference": "Planck Collaboration et al. (2016)"
				}, 
				{
					"alias": "3", 
					"bibcode": "2012A&A...541A.106S", 
					"name": "2012A&A...541A.106S", 
					"reference": "Saxton et al. (2012)"
				}, 
				{
					"bibcode": "2017ApJ...835...64G", 
					"name": "The Open TDE Catalog", 
					"reference": "Guillochon et al. (2017)", 
					"url": "https://tde.space", 
					"alias": "4", 
					"secondary": true
				}
		], 
		"host": [
				{
					"source": "1,3", 
					"value": "SDSS J120136.02+300305.5"
				}
		], 
		"citations": [
				{
					"source": "3", 
					"value": "<a href='http://adsabs.harvard.edu/abs/2012A%26A...541A.106S'>Saxton et al. 2012</a>*&Dagger;"
				}
		], 
		"discoverdate": [
				{
					"source": "1,4", 
					"derived": true, 
					"value": "2010/06/10"
				}
		], 
		"hostra": [
				{
					"source": "1", 
					"u_value": "hours", 
					"value": "12:01:36.03"
				}
		], 
		"velocity": [
				{
					"u_value": "km/s", 
					"derived": true, 
					"value": "40600", 
					"source": "4"
				}
		], 
		"photometry": [
				{
					"u_energy": "keV", 
					"telescope": "ROSAT", 
					"instrument": "PSPC", 
					"source": "1", 
					"luminosity": "3.77E+42", 
					"energy": [
						"0.3", 
						"2.0"
					], 
					"u_countrate": "s^-1", 
					"photonindex": "4.5", 
					"countrate": "0.03459", 
					"flux": "6.31E-14", 
					"nhmw": "0.013", 
					"u_flux": "ergs/cm^2/s", 
					"u_time": "MJD", 
					"time": [
						"48215.5", 
						"48215.505"
					], 
					"upperlimit": true
				}, 
				{
					"u_energy": "keV", 
					"telescope": "XMM", 
					"instrument": "PN", 
					"source": "1", 
					"luminosity": "2.05E+44", 
					"energy": [
						"0.3", 
						"2.0"
					], 
					"u_countrate": "s^-1", 
					"photonindex": "5.06", 
					"countrate": "0.659", 
					"flux": "3.44E-12", 
					"nhmw": "0.24", 
					"u_flux": "ergs/cm^2/s", 
					"u_time": "MJD", 
					"time": [
						"52967.8", 
						"52967.800"
					], 
					"upperlimit": true
				}, 
				{
					"u_energy": "keV", 
					"telescope": "XMM", 
					"instrument": "PN", 
					"source": "1", 
					"luminosity": "5.44E+44", 
					"energy": [
						"0.3", 
						"2.0"
					], 
					"u_countrate": "s^-1", 
					"photonindex": "5.06", 
					"countrate": "1.75", 
					"flux": "9.12E-12", 
					"nhmw": "0.24", 
					"u_flux": "ergs/cm^2/s", 
					"u_time": "MJD", 
					"time": [
						"54262.2", 
						"54262.200"
					], 
					"upperlimit": true
				}, 
				{
					"e_upper_luminosity": "1.24E+45", 
					"u_energy": "keV", 
					"telescope": "XMM", 
					"instrument": "PN", 
					"luminosity": "1.03E+45", 
					"energy": [
						"0.3", 
						"2.0"
					], 
					"e_lower_luminosity": "8.24E+44", 
					"u_countrate": "s^-1", 
					"photonindex": "5.06", 
					"countrate": "3.3", 
					"e_lower_flux": "1.38E-11", 
					"flux": "1.72E-11", 
					"nhmw": "0.24", 
					"u_flux": "ergs/cm^2/s", 
					"u_time": "MJD", 
					"e_upper_flux": "2.07E-11", 
					"time": [
						"55357.3", 
						"55357.300"
					], 
					"e_countrate": "0.667", 
					"source": "1"
				}, 
				{
					"e_upper_luminosity": "2.15E+43", 
					"u_energy": "keV", 
					"telescope": "XMM", 
					"instrument": "PN", 
					"luminosity": "2.06E+43", 
					"energy": [
						"0.3", 
						"2.0"
					], 
					"e_lower_luminosity": "1.92E+43", 
					"u_countrate": "s^-1", 
					"photonindex": "5.06", 
					"countrate": "0.164751", 
					"e_lower_flux": "3.21E-13", 
					"flux": "3.45E-13", 
					"u_flux": "ergs/cm^2/s", 
					"u_time": "MJD", 
					"e_upper_flux": "3.60E-13", 
					"time": [
						"55369.4", 
						"55369.652"
					], 
					"e_countrate": "0.00363116", 
					"source": "1"
				}, 
				{
					"e_upper_luminosity": "1.35E+43", 
					"u_energy": "keV", 
					"telescope": "Swift", 
					"instrument": "XRT", 
					"source": "1", 
					"luminosity": "1.24E+43", 
					"energy": [
						"0.3", 
						"2.0"
					], 
					"e_lower_luminosity": "1.11E+43", 
					"u_countrate": "s^-1", 
					"photonindex": "4.29", 
					"countrate": "0.0111644", 
					"e_lower_flux": "1.86E-13", 
					"flux": "2.07E-13", 
					"u_flux": "ergs/cm^2/s", 
					"mode": "PC", 
					"e_upper_flux": "2.26E-13", 
					"time": [
						"55383.7", 
						"55383.880"
					], 
					"e_countrate": "0.000941651", 
					"u_time": "MJD"
				}, 
				{
					"u_energy": "keV", 
					"telescope": "Swift", 
					"instrument": "XRT", 
					"source": "1", 
					"luminosity": "3.64E+42", 
					"energy": [
						"0.3", 
						"2.0"
					], 
					"u_countrate": "s^-1", 
					"photonindex": "4.29", 
					"countrate": "0.00264536", 
					"flux": "6.10E-14", 
					"nhmw": "0.16", 
					"u_flux": "ergs/cm^2/s", 
					"mode": "PC", 
					"time": [
						"55447.5", 
						"55447.542"
					], 
					"upperlimit": true, 
					"u_time": "MJD"
				}, 
				{
					"e_upper_luminosity": "3.53E+42", 
					"u_energy": "keV", 
					"telescope": "XMM", 
					"instrument": "PN", 
					"luminosity": "3.38E+42", 
					"energy": [
						"0.3", 
						"2.0"
					], 
					"e_lower_luminosity": "2.03E+42", 
					"u_countrate": "s^-1", 
					"photonindex": "8.24", 
					"countrate": "0.0304625", 
					"e_lower_flux": "3.40E-14", 
					"flux": "5.67E-14", 
					"u_flux": "ergs/cm^2/s", 
					"u_time": "MJD", 
					"e_upper_flux": "5.92E-14", 
					"time": [
						"55523", 
						"55523.214"
					], 
					"e_countrate": "0", 
					"source": "1"
				}, 
				{
					"u_energy": "keV", 
					"telescope": "XMM", 
					"instrument": "PN", 
					"source": "1", 
					"luminosity": "2.15E+44", 
					"energy": [
						"0.3", 
						"2.0"
					], 
					"u_countrate": "s^-1", 
					"photonindex": "5.06", 
					"countrate": "0.691", 
					"flux": "3.60E-12", 
					"nhmw": "0.24", 
					"u_flux": "ergs/cm^2/s", 
					"u_time": "MJD", 
					"time": [
						"55526.2", 
						"55526.200"
					], 
					"upperlimit": true
				}, 
				{
					"u_energy": "keV", 
					"telescope": "XMM", 
					"instrument": "PN", 
					"source": "1", 
					"luminosity": "2.84E+42", 
					"energy": [
						"0.3", 
						"2.0"
					], 
					"u_countrate": "s^-1", 
					"photonindex": "6.65", 
					"countrate": "0.0435016", 
					"flux": "4.76E-14", 
					"nhmw": "0.425", 
					"u_flux": "ergs/cm^2/s", 
					"u_time": "MJD", 
					"time": [
						"55552.9", 
						"55553.119"
					], 
					"upperlimit": true
				}, 
				{
					"u_energy": "keV", 
					"telescope": "Swift", 
					"instrument": "XRT", 
					"source": "1", 
					"luminosity": "4.25E+42", 
					"energy": [
						"0.3", 
						"2.0"
					], 
					"u_countrate": "s^-1", 
					"photonindex": "4.29", 
					"countrate": "0.00308716", 
					"flux": "7.12E-14", 
					"nhmw": "0.16", 
					"u_flux": "ergs/cm^2/s", 
					"mode": "PC", 
					"time": [
						"55653.3", 
						"55653.391"
					], 
					"upperlimit": true, 
					"u_time": "MJD"
				}
		], 
		"schema": "https://github.com/astrocatalogs/tidaldisruptions/blob/f405406/SCHEMA.md"
	}
}