{
	"SDSSJ0748":{
		"schema":"https://github.com/astrocatalogs/tidaldisruptions/blob/f405406/SCHEMA.md",
		"name":"SDSSJ0748",
		"sources":[
			{
				"name":"2017ApJ...838..149A",
				"bibcode":"2017ApJ...838..149A",
				"reference":"Auchettl, Guillochon, & Ramirez-Ruiz (2017)",
				"alias":"1"
			},
			{
				"name":"2016A&A...594A..13P",
				"bibcode":"2016A&A...594A..13P",
				"reference":"Planck Collaboration et al. (2016)",
				"alias":"2"
			},
			{
				"name":"2012ApJ...749..115W",
				"bibcode":"2012ApJ...749..115W",
				"reference":"Wang et al. (2012)",
				"alias":"3"
			},
			{
				"name":"The Open TDE Catalog",
				"bibcode":"2017ApJ...835...64G",
				"reference":"Guillochon et al. (2017)",
				"secondary":true,
				"url":"https://tde.space",
				"alias":"4"
			}
		],
		"alias":[
			{
				"value":"SDSSJ0748",
				"source":"1"
			}
		],
		"citations":[
			{
				"value":"<a href='http://adsabs.harvard.edu/abs/2012ApJ...749..115W'>Wang et al. 2012</a>*&Dagger;",
				"source":"3"
			}
		],
		"comovingdist":[
			{
				"value":"268",
				"derived":true,
				"u_value":"Mpc",
				"source":"1,2,3,4"
			}
		],
		"host":[
			{
				"value":"SDSS J074820.67+471214.3",
				"source":"1,3"
			}
		],
		"hostdec":[
			{
				"value":"+47:12:14.23",
				"u_value":"degrees",
				"source":"1"
			}
		],
		"hostra":[
			{
				"value":"07:48:20.67",
				"u_value":"hours",
				"source":"1"
			}
		],
		"lumdist":[
			{
				"value":"285",
				"derived":true,
				"u_value":"Mpc",
				"source":"1,2,3,4"
			}
		],
		"redshift":[
			{
				"value":"0.0615",
				"source":"1,3"
			}
		],
		"velocity":[
			{
				"value":"17900",
				"derived":true,
				"u_value":"km/s",
				"source":"4"
			}
		],
		"photometry":[
			{
				"time":[
					"48200",
					"48200.005"
				],
				"countrate":"0.0222",
				"energy":[
					"0.3",
					"2.0"
				],
				"flux":"1.54E-13",
				"instrument":"PSPC",
				"luminosity":"1.40E+42",
				"nhmw":"0.0584",
				"photonindex":"4.5",
				"telescope":"ROSAT",
				"u_countrate":"s^-1",
				"u_energy":"keV",
				"u_flux":"ergs/cm^2/s",
				"u_time":"MJD",
				"upperlimit":true,
				"source":"1"
			},
			{
				"time":[
					"56755.3",
					"56755.300"
				],
				"countrate":"3.64",
				"energy":[
					"0.3",
					"2.0"
				],
				"flux":"1.93E-11",
				"instrument":"PN",
				"luminosity":"1.75E+44",
				"nhmw":"0.0584",
				"photonindex":"4.5",
				"telescope":"XMM",
				"u_countrate":"s^-1",
				"u_energy":"keV",
				"u_flux":"ergs/cm^2/s",
				"u_time":"MJD",
				"upperlimit":true,
				"source":"1"
			}
		]
	}
}