{
	"SDSSJ1311":{
		"schema":"https://github.com/astrocatalogs/tidaldisruptions/blob/f405406/SCHEMA.md",
		"name":"SDSSJ1311",
		"sources":[
			{
				"name":"2017ApJ...838..149A",
				"bibcode":"2017ApJ...838..149A",
				"reference":"Auchettl, Guillochon, & Ramirez-Ruiz (2017)",
				"alias":"1"
			},
			{
				"name":"2016A&A...594A..13P",
				"bibcode":"2016A&A...594A..13P",
				"reference":"Planck Collaboration et al. (2016)",
				"alias":"2"
			},
			{
				"name":"2011ApJ...737..103S",
				"bibcode":"2011ApJ...737..103S",
				"reference":"Schlafly & Finkbeiner (2011)",
				"alias":"3"
			},
			{
				"name":"2010ApJ...722.1035M",
				"bibcode":"2010ApJ...722.1035M",
				"reference":"Maksym, Ulmer, & Eracleous (2010)",
				"alias":"4"
			},
			{
				"name":"The Open TDE Catalog",
				"bibcode":"2017ApJ...835...64G",
				"reference":"Guillochon et al. (2017)",
				"secondary":true,
				"url":"https://tde.space",
				"alias":"5"
			}
		],
		"alias":[
			{
				"value":"SDSSJ1311",
				"source":"1"
			}
		],
		"citations":[
			{
				"value":"<a href='http://adsabs.harvard.edu/abs/2010ApJ...722.1035M'>Maksym et al. 2010</a>*&Dagger;",
				"source":"4"
			}
		],
		"comovingdist":[
			{
				"value":"760",
				"derived":true,
				"u_value":"Mpc",
				"source":"1,2,4,5"
			}
		],
		"dec":[
			{
				"value":"-01:23:45.20",
				"u_value":"degrees",
				"source":"1"
			}
		],
		"discoverdate":[
			{
				"value":"2004/02/28",
				"derived":true,
				"source":"1,5"
			}
		],
		"ebv":[
			{
				"value":"0.0503",
				"derived":true,
				"e_value":"0.0041",
				"source":"3,5"
			}
		],
		"host":[
			{
				"value":"SDSS J131122.15-012345.6",
				"source":"1,4"
			}
		],
		"hostdec":[
			{
				"value":"-01:23:45.61",
				"u_value":"degrees",
				"source":"1"
			}
		],
		"hostoffsetang":[
			{
				"value":"0.41",
				"derived":true,
				"u_value":"arcseconds",
				"source":"1,5"
			}
		],
		"hostoffsetdist":[
			{
				"value":"1.3",
				"source":"1,2,4,5"
			}
		],
		"hostra":[
			{
				"value":"11:22.2",
				"u_value":"hours",
				"source":"1"
			}
		],
		"lumdist":[
			{
				"value":"900",
				"derived":true,
				"u_value":"Mpc",
				"source":"1,2,4,5"
			}
		],
		"ra":[
			{
				"value":"11:22.2",
				"u_value":"hours",
				"source":"1"
			}
		],
		"redshift":[
			{
				"value":"0.18",
				"source":"1,4"
			}
		],
		"velocity":[
			{
				"value":"49000",
				"derived":true,
				"u_value":"km/s",
				"source":"5"
			}
		],
		"photometry":[
			{
				"time":[
					"48086.1",
					"48086.103"
				],
				"countrate":"0.0543285",
				"energy":[
					"0.3",
					"2.0"
				],
				"flux":"1.40E-13",
				"instrument":"PSPC",
				"luminosity":"1.35E+43",
				"nhmw":"0.0182",
				"photonindex":"4.5",
				"telescope":"ROSAT",
				"u_countrate":"s^-1",
				"u_energy":"keV",
				"u_flux":"ergs/cm^2/s",
				"u_time":"MJD",
				"upperlimit":true,
				"source":"1"
			},
			{
				"time":[
					"48821.3",
					"48821.452"
				],
				"countrate":"0.026511",
				"energy":[
					"0.3",
					"2.0"
				],
				"flux":"4.03E-14",
				"instrument":"PSPC",
				"luminosity":"3.88E+42",
				"nhmw":"0.0182",
				"photonindex":"4.5",
				"telescope":"ROSAT",
				"u_countrate":"s^-1",
				"u_energy":"keV",
				"u_flux":"ergs/cm^2/s",
				"u_time":"MJD",
				"upperlimit":true,
				"source":"1"
			},
			{
				"time":[
					"51782.8",
					"51783.043"
				],
				"countrate":"0.000209932",
				"energy":[
					"0.3",
					"2.0"
				],
				"flux":"1.12E-14",
				"instrument":"ACIS-S",
				"luminosity":"1.08E+42",
				"nhmw":"0.0182",
				"photonindex":"4.5",
				"telescope":"Chandra",
				"u_countrate":"s^-1",
				"u_energy":"keV",
				"u_flux":"ergs/cm^2/s",
				"u_time":"MJD",
				"upperlimit":true,
				"source":"1"
			},
			{
				"time":[
					"52267.2",
					"52267.588"
				],
				"countrate":"0.0280589",
				"energy":[
					"0.3",
					"2.0"
				],
				"flux":"1.47E-14",
				"instrument":"PN",
				"luminosity":"1.41E+42",
				"nhmw":"0.0182",
				"photonindex":"4.5",
				"telescope":"XMM",
				"u_countrate":"s^-1",
				"u_energy":"keV",
				"u_flux":"ergs/cm^2/s",
				"u_time":"MJD",
				"upperlimit":true,
				"source":"1"
			},
			{
				"time":[
					"53063.3",
					"53063.529"
				],
				"countrate":"0.000964382",
				"e_countrate":"0.000237486",
				"e_lower_flux":"3.86E-14",
				"e_lower_luminosity":"3.71E+42",
				"e_upper_flux":"6.38E-14",
				"e_upper_luminosity":"6.14E+42",
				"energy":[
					"0.3",
					"2.0"
				],
				"flux":"5.12E-14",
				"instrument":"ACIS-S",
				"luminosity":"4.93E+42",
				"nhmw":"0.0182",
				"photonindex":"4.5",
				"telescope":"Chandra",
				"u_countrate":"s^-1",
				"u_energy":"keV",
				"u_flux":"ergs/cm^2/s",
				"u_time":"MJD",
				"source":"1"
			},
			{
				"time":[
					"53801.6",
					"53803.350"
				],
				"countrate":"0.000107407",
				"e_countrate":"0.0000328911",
				"e_lower_flux":"3.96E-15",
				"e_lower_luminosity":"3.81E+41",
				"e_upper_flux":"7.44E-15",
				"e_upper_luminosity":"7.16E+41",
				"energy":[
					"0.3",
					"2.0"
				],
				"flux":"5.69E-15",
				"instrument":"ACIS-S",
				"luminosity":"5.47E+41",
				"nhmw":"0.0182",
				"photonindex":"4.5",
				"telescope":"Chandra",
				"u_countrate":"s^-1",
				"u_energy":"keV",
				"u_flux":"ergs/cm^2/s",
				"u_time":"MJD",
				"source":"1"
			},
			{
				"time":[
					"54166.5",
					"54166.557"
				],
				"countrate":"0.000278749",
				"energy":[
					"0.3",
					"2.0"
				],
				"flux":"1.48E-14",
				"instrument":"ACIS-S",
				"luminosity":"1.42E+42",
				"nhmw":"0.0182",
				"photonindex":"4.5",
				"telescope":"Chandra",
				"u_countrate":"s^-1",
				"u_energy":"keV",
				"u_flux":"ergs/cm^2/s",
				"u_time":"MJD",
				"upperlimit":true,
				"source":"1"
			},
			{
				"time":[
					"55947",
					"55947.000"
				],
				"countrate":"2.57",
				"energy":[
					"0.3",
					"2.0"
				],
				"flux":"1.01E-11",
				"instrument":"PN",
				"luminosity":"9.72E+44",
				"nhmw":"0.0182",
				"photonindex":"4.5",
				"telescope":"XMM",
				"u_countrate":"s^-1",
				"u_energy":"keV",
				"u_flux":"ergs/cm^2/s",
				"u_time":"MJD",
				"upperlimit":true,
				"source":"1"
			},
			{
				"time":[
					"56300.3",
					"56300.872"
				],
				"countrate":"0.00574639",
				"energy":[
					"0.3",
					"2.0"
				],
				"flux":"3.00E-15",
				"instrument":"PN",
				"luminosity":"2.89E+41",
				"nhmw":"0.0182",
				"photonindex":"4.5",
				"telescope":"XMM",
				"u_countrate":"s^-1",
				"u_energy":"keV",
				"u_flux":"ergs/cm^2/s",
				"u_time":"MJD",
				"upperlimit":true,
				"source":"1"
			},
			{
				"time":[
					"56671.2",
					"56671.200"
				],
				"countrate":"2.3",
				"energy":[
					"0.3",
					"2.0"
				],
				"flux":"9.07E-12",
				"instrument":"PN",
				"luminosity":"8.73E+44",
				"nhmw":"0.0182",
				"photonindex":"4.5",
				"telescope":"XMM",
				"u_countrate":"s^-1",
				"u_energy":"keV",
				"u_flux":"ergs/cm^2/s",
				"u_time":"MJD",
				"upperlimit":true,
				"source":"1"
			}
		]
	}
}