{
	"SDSSJ1201":{
		"schema":"https://github.com/astrocatalogs/tidaldisruptions/blob/f405406/SCHEMA.md",
		"name":"SDSSJ1201",
		"sources":[
			{
				"name":"2017ApJ...838..149A",
				"bibcode":"2017ApJ...838..149A",
				"reference":"Auchettl, Guillochon, & Ramirez-Ruiz (2017)",
				"alias":"1"
			},
			{
				"name":"2016A&A...594A..13P",
				"bibcode":"2016A&A...594A..13P",
				"reference":"Planck Collaboration et al. (2016)",
				"alias":"2"
			},
			{
				"name":"2012A&A...541A.106S",
				"bibcode":"2012A&A...541A.106S",
				"reference":"Saxton et al. (2012)",
				"alias":"3"
			},
			{
				"name":"The Open TDE Catalog",
				"bibcode":"2017ApJ...835...64G",
				"reference":"Guillochon et al. (2017)",
				"secondary":true,
				"url":"https://tde.space",
				"alias":"4"
			}
		],
		"alias":[
			{
				"value":"SDSSJ1201",
				"source":"1"
			}
		],
		"citations":[
			{
				"value":"<a href='http://adsabs.harvard.edu/abs/2012A%26A...541A.106S'>Saxton et al. 2012</a>*&Dagger;",
				"source":"3"
			}
		],
		"comovingdist":[
			{
				"value":"624",
				"derived":true,
				"u_value":"Mpc",
				"source":"1,2,3,4"
			}
		],
		"discoverdate":[
			{
				"value":"2010/06/10",
				"derived":true,
				"source":"1,4"
			}
		],
		"host":[
			{
				"value":"SDSS J120136.02+300305.5",
				"source":"1,3"
			}
		],
		"hostdec":[
			{
				"value":"+30:03:05.52",
				"u_value":"degrees",
				"source":"1"
			}
		],
		"hostra":[
			{
				"value":"12:01:36.03",
				"u_value":"hours",
				"source":"1"
			}
		],
		"lumdist":[
			{
				"value":"715",
				"derived":true,
				"u_value":"Mpc",
				"source":"1,2,3,4"
			}
		],
		"redshift":[
			{
				"value":"0.146",
				"source":"1,3"
			}
		],
		"velocity":[
			{
				"value":"40600",
				"derived":true,
				"u_value":"km/s",
				"source":"4"
			}
		],
		"photometry":[
			{
				"time":[
					"48215.5",
					"48215.505"
				],
				"countrate":"0.03459",
				"energy":[
					"0.3",
					"2.0"
				],
				"flux":"6.31E-14",
				"instrument":"PSPC",
				"luminosity":"3.77E+42",
				"nhmw":"0.013",
				"photonindex":"4.5",
				"telescope":"ROSAT",
				"u_countrate":"s^-1",
				"u_energy":"keV",
				"u_flux":"ergs/cm^2/s",
				"u_time":"MJD",
				"upperlimit":true,
				"source":"1"
			},
			{
				"time":[
					"52967.8",
					"52967.800"
				],
				"countrate":"0.659",
				"energy":[
					"0.3",
					"2.0"
				],
				"flux":"3.44E-12",
				"instrument":"PN",
				"luminosity":"2.05E+44",
				"nhmw":"0.24",
				"photonindex":"5.06",
				"telescope":"XMM",
				"u_countrate":"s^-1",
				"u_energy":"keV",
				"u_flux":"ergs/cm^2/s",
				"u_time":"MJD",
				"upperlimit":true,
				"source":"1"
			},
			{
				"time":[
					"54262.2",
					"54262.200"
				],
				"countrate":"1.75",
				"energy":[
					"0.3",
					"2.0"
				],
				"flux":"9.12E-12",
				"instrument":"PN",
				"luminosity":"5.44E+44",
				"nhmw":"0.24",
				"photonindex":"5.06",
				"telescope":"XMM",
				"u_countrate":"s^-1",
				"u_energy":"keV",
				"u_flux":"ergs/cm^2/s",
				"u_time":"MJD",
				"upperlimit":true,
				"source":"1"
			},
			{
				"time":[
					"55357.3",
					"55357.300"
				],
				"countrate":"3.3",
				"e_countrate":"0.667",
				"e_lower_flux":"1.38E-11",
				"e_lower_luminosity":"8.24E+44",
				"e_upper_flux":"2.07E-11",
				"e_upper_luminosity":"1.24E+45",
				"energy":[
					"0.3",
					"2.0"
				],
				"flux":"1.72E-11",
				"instrument":"PN",
				"luminosity":"1.03E+45",
				"nhmw":"0.24",
				"photonindex":"5.06",
				"telescope":"XMM",
				"u_countrate":"s^-1",
				"u_energy":"keV",
				"u_flux":"ergs/cm^2/s",
				"u_time":"MJD",
				"source":"1"
			},
			{
				"time":[
					"55369.4",
					"55369.652"
				],
				"countrate":"0.164751",
				"e_countrate":"0.00363116",
				"e_lower_flux":"3.21E-13",
				"e_lower_luminosity":"1.92E+43",
				"e_upper_flux":"3.60E-13",
				"e_upper_luminosity":"2.15E+43",
				"energy":[
					"0.3",
					"2.0"
				],
				"flux":"3.45E-13",
				"instrument":"PN",
				"luminosity":"2.06E+43",
				"photonindex":"5.06",
				"telescope":"XMM",
				"u_countrate":"s^-1",
				"u_energy":"keV",
				"u_flux":"ergs/cm^2/s",
				"u_time":"MJD",
				"source":"1"
			},
			{
				"time":[
					"55383.7",
					"55383.880"
				],
				"countrate":"0.0111644",
				"e_countrate":"0.000941651",
				"e_lower_flux":"1.86E-13",
				"e_lower_luminosity":"1.11E+43",
				"e_upper_flux":"2.26E-13",
				"e_upper_luminosity":"1.35E+43",
				"energy":[
					"0.3",
					"2.0"
				],
				"flux":"2.07E-13",
				"instrument":"XRT",
				"luminosity":"1.24E+43",
				"mode":"PC",
				"photonindex":"4.29",
				"telescope":"Swift",
				"u_countrate":"s^-1",
				"u_energy":"keV",
				"u_flux":"ergs/cm^2/s",
				"u_time":"MJD",
				"source":"1"
			},
			{
				"time":[
					"55447.5",
					"55447.542"
				],
				"countrate":"0.00264536",
				"energy":[
					"0.3",
					"2.0"
				],
				"flux":"6.10E-14",
				"instrument":"XRT",
				"luminosity":"3.64E+42",
				"mode":"PC",
				"nhmw":"0.16",
				"photonindex":"4.29",
				"telescope":"Swift",
				"u_countrate":"s^-1",
				"u_energy":"keV",
				"u_flux":"ergs/cm^2/s",
				"u_time":"MJD",
				"upperlimit":true,
				"source":"1"
			},
			{
				"time":[
					"55523",
					"55523.214"
				],
				"countrate":"0.0304625",
				"e_countrate":"0",
				"e_lower_flux":"3.40E-14",
				"e_lower_luminosity":"2.03E+42",
				"e_upper_flux":"5.92E-14",
				"e_upper_luminosity":"3.53E+42",
				"energy":[
					"0.3",
					"2.0"
				],
				"flux":"5.67E-14",
				"instrument":"PN",
				"luminosity":"3.38E+42",
				"photonindex":"8.24",
				"telescope":"XMM",
				"u_countrate":"s^-1",
				"u_energy":"keV",
				"u_flux":"ergs/cm^2/s",
				"u_time":"MJD",
				"source":"1"
			},
			{
				"time":[
					"55526.2",
					"55526.200"
				],
				"countrate":"0.691",
				"energy":[
					"0.3",
					"2.0"
				],
				"flux":"3.60E-12",
				"instrument":"PN",
				"luminosity":"2.15E+44",
				"nhmw":"0.24",
				"photonindex":"5.06",
				"telescope":"XMM",
				"u_countrate":"s^-1",
				"u_energy":"keV",
				"u_flux":"ergs/cm^2/s",
				"u_time":"MJD",
				"upperlimit":true,
				"source":"1"
			},
			{
				"time":[
					"55552.9",
					"55553.119"
				],
				"countrate":"0.0435016",
				"energy":[
					"0.3",
					"2.0"
				],
				"flux":"4.76E-14",
				"instrument":"PN",
				"luminosity":"2.84E+42",
				"nhmw":"0.425",
				"photonindex":"6.65",
				"telescope":"XMM",
				"u_countrate":"s^-1",
				"u_energy":"keV",
				"u_flux":"ergs/cm^2/s",
				"u_time":"MJD",
				"upperlimit":true,
				"source":"1"
			},
			{
				"time":[
					"55653.3",
					"55653.391"
				],
				"countrate":"0.00308716",
				"energy":[
					"0.3",
					"2.0"
				],
				"flux":"7.12E-14",
				"instrument":"XRT",
				"luminosity":"4.25E+42",
				"mode":"PC",
				"nhmw":"0.16",
				"photonindex":"4.29",
				"telescope":"Swift",
				"u_countrate":"s^-1",
				"u_energy":"keV",
				"u_flux":"ergs/cm^2/s",
				"u_time":"MJD",
				"upperlimit":true,
				"source":"1"
			}
		]
	}
}