{
	"SDSSJ0952": {
		"hostdec": [
				{
					"source": "1", 
					"u_value": "degrees", 
					"value": "+21:43:13.24"
				}
		], 
		"comovingdist": [
				{
					"u_value": "Mpc", 
					"derived": true, 
					"value": "343", 
					"source": "1,2,3,4"
				}
		], 
		"name": "SDSSJ0952", 
		"alias": [
				{
					"source": "1", 
					"value": "SDSSJ0952"
				}
		], 
		"redshift": [
				{
					"source": "1,3", 
					"value": "0.0789"
				}
		], 
		"lumdist": [
				{
					"u_value": "Mpc", 
					"derived": true, 
					"value": "370", 
					"source": "1,2,3,4"
				}
		], 
		"sources": [
				{
					"alias": "1", 
					"bibcode": "2017ApJ...838..149A", 
					"name": "2017ApJ...838..149A", 
					"reference": "Auchettl, Guillochon, & Ramirez-Ruiz (2017)"
				}, 
				{
					"alias": "2", 
					"bibcode": "2016A&A...594A..13P", 
					"name": "2016A&A...594A..13P", 
					"reference": "Planck Collaboration et al. (2016)"
				}, 
				{
					"alias": "3", 
					"bibcode": "2008ApJ...678L..13K", 
					"name": "2008ApJ...678L..13K", 
					"reference": "Komossa et al. (2008)"
				}, 
				{
					"bibcode": "2017ApJ...835...64G", 
					"name": "The Open TDE Catalog", 
					"reference": "Guillochon et al. (2017)", 
					"url": "https://tde.space", 
					"alias": "4", 
					"secondary": true
				}
		], 
		"host": [
				{
					"source": "1,3", 
					"value": "SDSS J095209.56+214313.3"
				}
		], 
		"citations": [
				{
					"source": "3", 
					"value": "<a href='http://adsabs.harvard.edu/abs/2008ApJ...678L..13K'>Komossa et al. 2008</a>*&Dagger;"
				}
		], 
		"discoverdate": [
				{
					"source": "1,4", 
					"derived": true, 
					"value": "2008/02/05"
				}
		], 
		"hostra": [
				{
					"source": "1", 
					"u_value": "hours", 
					"value": "09:52:09.56"
				}
		], 
		"velocity": [
				{
					"u_value": "km/s", 
					"derived": true, 
					"value": "22700", 
					"source": "4"
				}
		], 
		"photometry": [
				{
					"u_energy": "keV", 
					"telescope": "ROSAT", 
					"instrument": "PSPC", 
					"source": "1", 
					"luminosity": "1.81E+42", 
					"energy": [
						"0.3", 
						"2.0"
					], 
					"u_countrate": "s^-1", 
					"photonindex": "4.5", 
					"countrate": "0.0271391", 
					"flux": "1.17E-13", 
					"nhmw": "0.0279", 
					"u_flux": "ergs/cm^2/s", 
					"u_time": "MJD", 
					"time": [
						"48194.9", 
						"48194.904"
					], 
					"upperlimit": true
				}, 
				{
					"e_upper_luminosity": "1.58E+41", 
					"u_energy": "keV", 
					"telescope": "Chandra", 
					"instrument": "ACIS-S", 
					"luminosity": "1.10E+41", 
					"energy": [
						"0.3", 
						"2.0"
					], 
					"e_lower_luminosity": "6.29E+40", 
					"u_countrate": "s^-1", 
					"photonindex": "4.5", 
					"countrate": "0.00084", 
					"e_lower_flux": "4.07E-15", 
					"flux": "7.13E-15", 
					"nhmw": "0.0279", 
					"u_flux": "ergs/cm^2/s", 
					"u_time": "MJD", 
					"e_upper_flux": "1.02E-14", 
					"time": [
						"54501.7", 
						"54501.813"
					], 
					"e_countrate": "0.000359627", 
					"source": "1"
				}, 
				{
					"e_upper_luminosity": "2.97E+41", 
					"u_energy": "keV", 
					"telescope": "Chandra", 
					"instrument": "ACIS-S", 
					"luminosity": "2.47E+41", 
					"energy": [
						"0.3", 
						"2.0"
					], 
					"e_lower_luminosity": "1.96E+41", 
					"u_countrate": "s^-1", 
					"photonindex": "4.5", 
					"countrate": "0.00187901", 
					"e_lower_flux": "1.27E-14", 
					"flux": "1.60E-14", 
					"nhmw": "0.0279", 
					"u_flux": "ergs/cm^2/s", 
					"u_time": "MJD", 
					"e_upper_flux": "1.92E-14", 
					"time": [
						"54905.6", 
						"54905.793"
					], 
					"e_countrate": "0.000381697", 
					"source": "1"
				}, 
				{
					"e_upper_luminosity": "3.03E+41", 
					"u_energy": "keV", 
					"telescope": "Chandra", 
					"instrument": "ACIS-S", 
					"luminosity": "2.53E+41", 
					"energy": [
						"0.3", 
						"2.0"
					], 
					"e_lower_luminosity": "2.04E+41", 
					"u_countrate": "s^-1", 
					"photonindex": "4.5", 
					"countrate": "0.00193491", 
					"e_lower_flux": "1.32E-14", 
					"flux": "1.64E-14", 
					"nhmw": "0.0279", 
					"u_flux": "ergs/cm^2/s", 
					"u_time": "MJD", 
					"e_upper_flux": "1.96E-14", 
					"time": [
						"55110.1", 
						"55110.296"
					], 
					"e_countrate": "0.000377075", 
					"source": "1"
				}, 
				{
					"u_energy": "keV", 
					"telescope": "Swift", 
					"instrument": "XRT", 
					"source": "1", 
					"luminosity": "2.52E+42", 
					"energy": [
						"0.3", 
						"2.0"
					], 
					"u_countrate": "s^-1", 
					"photonindex": "4.5", 
					"countrate": "0.00630186", 
					"flux": "1.63E-13", 
					"nhmw": "0.0279", 
					"u_flux": "ergs/cm^2/s", 
					"mode": "PC", 
					"time": [
						"57138.8", 
						"57138.913"
					], 
					"upperlimit": true, 
					"u_time": "MJD"
				}
		], 
		"schema": "https://github.com/astrocatalogs/tidaldisruptions/blob/f405406/SCHEMA.md"
	}
}