{"SDSSJ0748": {"hostdec": [{"source": "1", "u_value": "degrees", "value": "+47:12:14.23"}], "comovingdist": [{"u_value": "Mpc", "derived": true, "value": "268", "source": "1,2,3,4"}], "name": "SDSSJ0748", "alias": [{"source": "1", "value": "SDSSJ0748"}], "redshift": [{"source": "1,3", "value": "0.0615"}], "lumdist": [{"u_value": "Mpc", "derived": true, "value": "285", "source": "1,2,3,4"}], "sources": [{"alias": "1", "bibcode": "2017ApJ...838..149A", "name": "2017ApJ...838..149A", "reference": "Auchettl, Guillochon, & Ramirez-Ruiz (2017)"}, {"alias": "2", "bibcode": "2016A&A...594A..13P", "name": "2016A&A...594A..13P", "reference": "Planck Collaboration et al. (2016)"}, {"alias": "3", "bibcode": "2012ApJ...749..115W", "name": "2012ApJ...749..115W", "reference": "Wang et al. (2012)"}, {"bibcode": "2017ApJ...835...64G", "name": "The Open TDE Catalog", "reference": "Guillochon et al. (2017)", "url": "https://tde.space", "alias": "4", "secondary": true}], "host": [{"source": "1,3", "value": "SDSS J074820.67+471214.3"}], "citations": [{"source": "3", "value": "<a href='http://adsabs.harvard.edu/abs/2012ApJ...749..115W'>Wang et al. 2012</a>*&Dagger;"}], "hostra": [{"source": "1", "u_value": "hours", "value": "07:48:20.67"}], "velocity": [{"u_value": "km/s", "derived": true, "value": "17900", "source": "4"}], "photometry": [{"u_energy": "keV", "telescope": "ROSAT", "instrument": "PSPC", "source": "1", "luminosity": "1.40E+42", "energy": ["0.3", "2.0"], "u_countrate": "s^-1", "photonindex": "4.5", "countrate": "0.0222", "flux": "1.54E-13", "nhmw": "0.0584", "u_flux": "ergs/cm^2/s", "u_time": "MJD", "time": ["48200", "48200.005"], "upperlimit": true}, {"u_energy": "keV", "telescope": "XMM", "instrument": "PN", "source": "1", "luminosity": "1.75E+44", "energy": ["0.3", "2.0"], "u_countrate": "s^-1", "photonindex": "4.5", "countrate": "3.64", "flux": "1.93E-11", "nhmw": "0.0584", "u_flux": "ergs/cm^2/s", "u_time": "MJD", "time": ["56755.3", "56755.300"], "upperlimit": true}], "schema": "https://github.com/astrocatalogs/tidaldisruptions/blob/f405406/SCHEMA.md"}}