{"SDSSJ1342": {"hostdec": [{"source": "1", "u_value": "degrees", "value": "+05:30:56.14"}], "comovingdist": [{"u_value": "Mpc", "derived": true, "value": "161", "source": "1,2,3,4"}], "name": "SDSSJ1342", "alias": [{"source": "1", "value": "SDSSJ1342"}], "redshift": [{"source": "1,3", "value": "0.0366"}], "lumdist": [{"u_value": "Mpc", "derived": true, "value": "166", "source": "1,2,3,4"}], "sources": [{"alias": "1", "bibcode": "2017ApJ...838..149A", "name": "2017ApJ...838..149A", "reference": "Auchettl, Guillochon, & Ramirez-Ruiz (2017)"}, {"alias": "2", "bibcode": "2016A&A...594A..13P", "name": "2016A&A...594A..13P", "reference": "Planck Collaboration et al. (2016)"}, {"alias": "3", "bibcode": "2012ApJ...749..115W", "name": "2012ApJ...749..115W", "reference": "Wang et al. (2012)"}, {"bibcode": "2017ApJ...835...64G", "name": "The Open TDE Catalog", "reference": "Guillochon et al. (2017)", "url": "https://tde.space", "alias": "4", "secondary": true}], "host": [{"source": "1,3", "value": "SDSS J134244.41+053056.1"}], "citations": [{"source": "3", "value": "<a href='http://adsabs.harvard.edu/abs/2012ApJ...749..115W'>Wang et al. 2012</a>*&Dagger;"}], "discoverdate": [{"source": "1,4", "derived": true, "value": "2009/05/17"}], "hostra": [{"source": "1", "u_value": "hours", "value": "13:42:44.42"}], "velocity": [{"u_value": "km/s", "derived": true, "value": "10800", "source": "4"}], "photometry": [{"u_energy": "keV", "telescope": "ROSAT", "instrument": "PSPC", "source": "1", "luminosity": "1.95E+41", "energy": ["0.3", "2.0"], "u_countrate": "s^-1", "photonindex": "4.5", "countrate": "0.0383", "flux": "6.36E-14", "nhmw": "0.0197", "u_flux": "ergs/cm^2/s", "u_time": "MJD", "time": ["48100", "48100.003"], "upperlimit": true}, {"e_upper_luminosity": "1.21E+41", "u_energy": "keV", "telescope": "Swift", "instrument": "XRT", "source": "1", "luminosity": "1.00E+41", "energy": ["0.3", "2.0"], "e_lower_luminosity": "7.95E+40", "u_countrate": "s^-1", "photonindex": "4.5", "countrate": "0.00237", "e_lower_flux": "2.59E-14", "flux": "3.27E-14", "nhmw": "0.0197", "u_flux": "ergs/cm^2/s", "mode": "PC", "e_upper_flux": "3.93E-14", "time": ["54968.7", "54968.891"], "e_countrate": "0.000483", "u_time": "MJD"}], "schema": "https://github.com/astrocatalogs/tidaldisruptions/blob/f405406/SCHEMA.md"}}