{
	"SDSSJ1342":{
		"schema":"https://github.com/astrocatalogs/tidaldisruptions/blob/f405406/SCHEMA.md",
		"name":"SDSSJ1342",
		"sources":[
			{
				"name":"2017ApJ...838..149A",
				"bibcode":"2017ApJ...838..149A",
				"reference":"Auchettl, Guillochon, & Ramirez-Ruiz (2017)",
				"alias":"1"
			},
			{
				"name":"2016A&A...594A..13P",
				"bibcode":"2016A&A...594A..13P",
				"reference":"Planck Collaboration et al. (2016)",
				"alias":"2"
			},
			{
				"name":"2012ApJ...749..115W",
				"bibcode":"2012ApJ...749..115W",
				"reference":"Wang et al. (2012)",
				"alias":"3"
			},
			{
				"name":"The Open TDE Catalog",
				"bibcode":"2017ApJ...835...64G",
				"reference":"Guillochon et al. (2017)",
				"secondary":true,
				"url":"https://tde.space",
				"alias":"4"
			}
		],
		"alias":[
			{
				"value":"SDSSJ1342",
				"source":"1"
			}
		],
		"citations":[
			{
				"value":"<a href='http://adsabs.harvard.edu/abs/2012ApJ...749..115W'>Wang et al. 2012</a>*&Dagger;",
				"source":"3"
			}
		],
		"comovingdist":[
			{
				"value":"161",
				"derived":true,
				"u_value":"Mpc",
				"source":"1,2,3,4"
			}
		],
		"discoverdate":[
			{
				"value":"2009/05/17",
				"derived":true,
				"source":"1,4"
			}
		],
		"host":[
			{
				"value":"SDSS J134244.41+053056.1",
				"source":"1,3"
			}
		],
		"hostdec":[
			{
				"value":"+05:30:56.14",
				"u_value":"degrees",
				"source":"1"
			}
		],
		"hostra":[
			{
				"value":"13:42:44.42",
				"u_value":"hours",
				"source":"1"
			}
		],
		"lumdist":[
			{
				"value":"166",
				"derived":true,
				"u_value":"Mpc",
				"source":"1,2,3,4"
			}
		],
		"redshift":[
			{
				"value":"0.0366",
				"source":"1,3"
			}
		],
		"velocity":[
			{
				"value":"10800",
				"derived":true,
				"u_value":"km/s",
				"source":"4"
			}
		],
		"photometry":[
			{
				"time":[
					"48100",
					"48100.003"
				],
				"countrate":"0.0383",
				"energy":[
					"0.3",
					"2.0"
				],
				"flux":"6.36E-14",
				"instrument":"PSPC",
				"luminosity":"1.95E+41",
				"nhmw":"0.0197",
				"photonindex":"4.5",
				"telescope":"ROSAT",
				"u_countrate":"s^-1",
				"u_energy":"keV",
				"u_flux":"ergs/cm^2/s",
				"u_time":"MJD",
				"upperlimit":true,
				"source":"1"
			},
			{
				"time":[
					"54968.7",
					"54968.891"
				],
				"countrate":"0.00237",
				"e_countrate":"0.000483",
				"e_lower_flux":"2.59E-14",
				"e_lower_luminosity":"7.95E+40",
				"e_upper_flux":"3.93E-14",
				"e_upper_luminosity":"1.21E+41",
				"energy":[
					"0.3",
					"2.0"
				],
				"flux":"3.27E-14",
				"instrument":"XRT",
				"luminosity":"1.00E+41",
				"mode":"PC",
				"nhmw":"0.0197",
				"photonindex":"4.5",
				"telescope":"Swift",
				"u_countrate":"s^-1",
				"u_energy":"keV",
				"u_flux":"ergs/cm^2/s",
				"u_time":"MJD",
				"source":"1"
			}
		]
	}
}