{"SDSSJ1350": {"hostdec": [{"source": "1", "u_value": "degrees", "value": "+29:16:09.71"}], "comovingdist": [{"u_value": "Mpc", "derived": true, "value": "338", "source": "1,2,3,4"}], "name": "SDSSJ1350", "alias": [{"source": "1", "value": "SDSSJ1350"}], "redshift": [{"source": "1,3", "value": "0.0777"}], "lumdist": [{"u_value": "Mpc", "derived": true, "value": "364", "source": "1,2,3,4"}], "sources": [{"alias": "1", "bibcode": "2017ApJ...838..149A", "name": "2017ApJ...838..149A", "reference": "Auchettl, Guillochon, & Ramirez-Ruiz (2017)"}, {"alias": "2", "bibcode": "2016A&A...594A..13P", "name": "2016A&A...594A..13P", "reference": "Planck Collaboration et al. (2016)"}, {"alias": "3", "bibcode": "2012ApJ...749..115W", "name": "2012ApJ...749..115W", "reference": "Wang et al. (2012)"}, {"bibcode": "2017ApJ...835...64G", "name": "The Open TDE Catalog", "reference": "Guillochon et al. (2017)", "url": "https://tde.space", "alias": "4", "secondary": true}], "host": [{"source": "1,3", "value": "SDSS J135001.49+291609.7"}], "citations": [{"source": "3", "value": "<a href='http://adsabs.harvard.edu/abs/2012ApJ...749..115W'>Wang et al. 2012</a>*&Dagger;"}], "hostra": [{"source": "1", "u_value": "hours", "value": "13:50:01.51"}], "velocity": [{"u_value": "km/s", "derived": true, "value": "22400", "source": "4"}], "photometry": [{"u_energy": "keV", "telescope": "ROSAT", "instrument": "PSPC", "source": "1", "luminosity": "9.87E+41", "energy": ["0.3", "2.0"], "u_countrate": "s^-1", "photonindex": "4.5", "countrate": "0.0389794", "flux": "6.60E-14", "nhmw": "0.012", "u_flux": "ergs/cm^2/s", "u_time": "MJD", "time": ["48080", "48080.005"], "upperlimit": true}, {"u_energy": "keV", "telescope": "Swift", "instrument": "XRT", "source": "1", "luminosity": "1.59E+42", "energy": ["0.3", "2.0"], "u_countrate": "s^-1", "photonindex": "4.5", "countrate": "0.00453701", "flux": "1.06E-13", "nhmw": "0.012", "u_flux": "ergs/cm^2/s", "mode": "PC", "time": ["56511.5", "56511.530"], "upperlimit": true, "u_time": "MJD"}, {"u_energy": "keV", "telescope": "XMM", "instrument": "PN", "source": "1", "luminosity": "6.55E+43", "energy": ["0.3", "2.0"], "u_countrate": "s^-1", "photonindex": "4.5", "countrate": "1.26", "flux": "4.38E-12", "nhmw": "0.012", "u_flux": "ergs/cm^2/s", "u_time": "MJD", "time": ["57026", "57026.000"], "upperlimit": true}, {"u_energy": "keV", "telescope": "Swift", "instrument": "XRT", "source": "1", "luminosity": "9.53E+41", "energy": ["0.3", "2.0"], "u_countrate": "s^-1", "photonindex": "4.5", "countrate": "0.0027151", "flux": "6.37E-14", "nhmw": "0.012", "u_flux": "ergs/cm^2/s", "mode": "PC", "time": ["57260.8", "57260.965"], "upperlimit": true, "u_time": "MJD"}], "schema": "https://github.com/astrocatalogs/tidaldisruptions/blob/f405406/SCHEMA.md"}}