{
	"SDSSJ1323":{
		"schema":"https://github.com/astrocatalogs/tidaldisruptions/blob/f405406/SCHEMA.md",
		"name":"SDSSJ1323",
		"sources":[
			{
				"name":"2017ApJ...838..149A",
				"bibcode":"2017ApJ...838..149A",
				"reference":"Auchettl, Guillochon, & Ramirez-Ruiz (2017)",
				"alias":"1"
			},
			{
				"name":"2016A&A...594A..13P",
				"bibcode":"2016A&A...594A..13P",
				"reference":"Planck Collaboration et al. (2016)",
				"alias":"2"
			},
			{
				"name":"2007A&A...462L..49E",
				"bibcode":"2007A&A...462L..49E",
				"reference":"Esquej et al. (2007)",
				"alias":"3"
			},
			{
				"name":"The Open TDE Catalog",
				"bibcode":"2017ApJ...835...64G",
				"reference":"Guillochon et al. (2017)",
				"secondary":true,
				"url":"https://tde.space",
				"alias":"4"
			}
		],
		"alias":[
			{
				"value":"SDSSJ1323",
				"source":"1"
			}
		],
		"citations":[
			{
				"value":"<a href='http://adsabs.harvard.edu/abs/2007A%26A...462L..49E'>Esquej et al. 2007</a>*&Dagger;",
				"source":"3"
			}
		],
		"claimedtype":[
			{
				"value":"TDE?",
				"source":"1"
			}
		],
		"comovingdist":[
			{
				"value":"379.4",
				"derived":true,
				"u_value":"Mpc",
				"source":"1,2,3,4"
			}
		],
		"discoverdate":[
			{
				"value":"2003/12/02",
				"derived":true,
				"source":"1,4"
			}
		],
		"host":[
			{
				"value":"SDSS J132341.97+482701.3",
				"source":"1,3"
			}
		],
		"hostdec":[
			{
				"value":"+48:27:01.26",
				"u_value":"degrees",
				"source":"1"
			}
		],
		"hostra":[
			{
				"value":"13:23:41.97",
				"u_value":"hours",
				"source":"1"
			}
		],
		"lumdist":[
			{
				"value":"412.7",
				"derived":true,
				"u_value":"Mpc",
				"source":"1,2,3,4"
			}
		],
		"notes":[
			{
				"value":"No emission or absorption features",
				"source":"3"
			}
		],
		"redshift":[
			{
				"value":"0.08754",
				"source":"1,3"
			}
		],
		"velocity":[
			{
				"value":"25100",
				"derived":true,
				"u_value":"km/s",
				"source":"4"
			}
		],
		"photometry":[
			{
				"time":[
					"48100",
					"48100.012"
				],
				"countrate":"0.0289287",
				"energy":[
					"0.3",
					"2.0"
				],
				"flux":"4.16E-13",
				"instrument":"PSPC",
				"luminosity":"8.04E+42",
				"nhmw":"0.01",
				"photonindex":"4.5",
				"telescope":"ROSAT",
				"u_countrate":"s^-1",
				"u_energy":"keV",
				"u_flux":"ergs/cm^2/s",
				"u_time":"MJD",
				"upperlimit":true,
				"source":"1"
			},
			{
				"time":[
					"52975",
					"52975.000"
				],
				"countrate":"3.13",
				"e_countrate":"0.655",
				"e_lower_flux":"8.13E-12",
				"e_lower_luminosity":"1.57E+44",
				"e_upper_flux":"1.24E-11",
				"e_upper_luminosity":"2.40E+44",
				"energy":[
					"0.3",
					"2.0"
				],
				"flux":"1.03E-11",
				"instrument":"PN",
				"luminosity":"1.99E+44",
				"nhmw":"0.01",
				"photonindex":"4.5",
				"telescope":"XMM",
				"u_countrate":"s^-1",
				"u_energy":"keV",
				"u_flux":"ergs/cm^2/s",
				"u_time":"MJD",
				"source":"1"
			},
			{
				"time":[
					"53521.7",
					"53521.700"
				],
				"countrate":"0.39",
				"energy":[
					"0.3",
					"2.0"
				],
				"flux":"1.28E-12",
				"instrument":"PN",
				"luminosity":"2.47E+43",
				"nhmw":"0.01",
				"photonindex":"4.5",
				"telescope":"XMM",
				"u_countrate":"s^-1",
				"u_energy":"keV",
				"u_flux":"ergs/cm^2/s",
				"u_time":"MJD",
				"upperlimit":true,
				"source":"1"
			},
			{
				"time":[
					"53931.1",
					"53931.158"
				],
				"countrate":"0.0083221",
				"e_countrate":"0.00205162",
				"e_lower_flux":"2.96E-15",
				"e_lower_luminosity":"5.72E+40",
				"e_upper_flux":"4.54E-15",
				"e_upper_luminosity":"8.78E+40",
				"energy":[
					"0.3",
					"2.0"
				],
				"flux":"3.75E-15",
				"instrument":"PN",
				"luminosity":"7.25E+40",
				"nhmw":"0.01",
				"photonindex":"4.5",
				"telescope":"XMM",
				"u_countrate":"s^-1",
				"u_energy":"keV",
				"u_flux":"ergs/cm^2/s",
				"u_time":"MJD",
				"source":"1"
			},
			{
				"time":[
					"54112",
					"54112.000"
				],
				"countrate":"0.0228611",
				"energy":[
					"0.3",
					"2.0"
				],
				"flux":"5.21E-13",
				"instrument":"XRT",
				"luminosity":"1.01E+43",
				"mode":"PC",
				"nhmw":"0.01",
				"photonindex":"4.5",
				"telescope":"Swift",
				"u_countrate":"s^-1",
				"u_energy":"keV",
				"u_flux":"ergs/cm^2/s",
				"u_time":"MJD",
				"upperlimit":true,
				"source":"1"
			},
			{
				"time":[
					"54237.9",
					"54237.921"
				],
				"countrate":"0.00412274",
				"energy":[
					"0.3",
					"2.0"
				],
				"flux":"9.37E-14",
				"instrument":"XRT",
				"luminosity":"1.81E+42",
				"mode":"PC",
				"nhmw":"0.01",
				"photonindex":"4.5",
				"telescope":"Swift",
				"u_countrate":"s^-1",
				"u_energy":"keV",
				"u_flux":"ergs/cm^2/s",
				"u_time":"MJD",
				"upperlimit":true,
				"source":"1"
			},
			{
				"time":[
					"55596",
					"55596.020"
				],
				"countrate":"0.00333773",
				"energy":[
					"0.3",
					"2.0"
				],
				"flux":"7.60E-14",
				"instrument":"XRT",
				"luminosity":"1.47E+42",
				"mode":"PC",
				"nhmw":"0.01",
				"photonindex":"4.5",
				"telescope":"Swift",
				"u_countrate":"s^-1",
				"u_energy":"keV",
				"u_flux":"ergs/cm^2/s",
				"u_time":"MJD",
				"upperlimit":true,
				"source":"1"
			},
			{
				"time":[
					"56479.5",
					"56479.500"
				],
				"countrate":"1.4",
				"energy":[
					"0.3",
					"2.0"
				],
				"flux":"4.61E-12",
				"instrument":"PN",
				"luminosity":"8.91E+43",
				"nhmw":"0.01",
				"photonindex":"4.5",
				"telescope":"XMM",
				"u_countrate":"s^-1",
				"u_energy":"keV",
				"u_flux":"ergs/cm^2/s",
				"u_time":"MJD",
				"upperlimit":true,
				"source":"1"
			},
			{
				"time":[
					"56595.4",
					"56595.442"
				],
				"countrate":"0.00194906",
				"energy":[
					"0.3",
					"2.0"
				],
				"flux":"3.13E-14",
				"instrument":"XRT",
				"luminosity":"6.05E+41",
				"mode":"PC",
				"nhmw":"0.01",
				"photonindex":"4.5",
				"telescope":"Swift",
				"u_countrate":"s^-1",
				"u_energy":"keV",
				"u_flux":"ergs/cm^2/s",
				"u_time":"MJD",
				"upperlimit":true,
				"source":"1"
			}
		]
	}
}