{
	"SDSSJ1311": {
		"hostdec": [
				{
					"source": "1", 
					"u_value": "degrees", 
					"value": "-01:23:45.61"
				}
		], 
		"lumdist": [
				{
					"u_value": "Mpc", 
					"derived": true, 
					"value": "900", 
					"source": "1,2,4,5"
				}
		], 
		"photometry": [
				{
					"u_energy": "keV", 
					"telescope": "ROSAT", 
					"instrument": "PSPC", 
					"source": "1", 
					"luminosity": "1.35E+43", 
					"energy": [
						"0.3", 
						"2.0"
					], 
					"u_countrate": "s^-1", 
					"photonindex": "4.5", 
					"countrate": "0.0543285", 
					"flux": "1.40E-13", 
					"nhmw": "0.0182", 
					"u_flux": "ergs/cm^2/s", 
					"u_time": "MJD", 
					"time": [
						"48086.1", 
						"48086.103"
					], 
					"upperlimit": true
				}, 
				{
					"u_energy": "keV", 
					"telescope": "ROSAT", 
					"instrument": "PSPC", 
					"source": "1", 
					"luminosity": "3.88E+42", 
					"energy": [
						"0.3", 
						"2.0"
					], 
					"u_countrate": "s^-1", 
					"photonindex": "4.5", 
					"countrate": "0.026511", 
					"flux": "4.03E-14", 
					"nhmw": "0.0182", 
					"u_flux": "ergs/cm^2/s", 
					"u_time": "MJD", 
					"time": [
						"48821.3", 
						"48821.452"
					], 
					"upperlimit": true
				}, 
				{
					"u_energy": "keV", 
					"telescope": "Chandra", 
					"instrument": "ACIS-S", 
					"source": "1", 
					"luminosity": "1.08E+42", 
					"energy": [
						"0.3", 
						"2.0"
					], 
					"u_countrate": "s^-1", 
					"photonindex": "4.5", 
					"countrate": "0.000209932", 
					"flux": "1.12E-14", 
					"nhmw": "0.0182", 
					"u_flux": "ergs/cm^2/s", 
					"u_time": "MJD", 
					"time": [
						"51782.8", 
						"51783.043"
					], 
					"upperlimit": true
				}, 
				{
					"u_energy": "keV", 
					"telescope": "XMM", 
					"instrument": "PN", 
					"source": "1", 
					"luminosity": "1.41E+42", 
					"energy": [
						"0.3", 
						"2.0"
					], 
					"u_countrate": "s^-1", 
					"photonindex": "4.5", 
					"countrate": "0.0280589", 
					"flux": "1.47E-14", 
					"nhmw": "0.0182", 
					"u_flux": "ergs/cm^2/s", 
					"u_time": "MJD", 
					"time": [
						"52267.2", 
						"52267.588"
					], 
					"upperlimit": true
				}, 
				{
					"e_upper_luminosity": "6.14E+42", 
					"u_energy": "keV", 
					"telescope": "Chandra", 
					"instrument": "ACIS-S", 
					"luminosity": "4.93E+42", 
					"energy": [
						"0.3", 
						"2.0"
					], 
					"e_lower_luminosity": "3.71E+42", 
					"u_countrate": "s^-1", 
					"photonindex": "4.5", 
					"countrate": "0.000964382", 
					"e_lower_flux": "3.86E-14", 
					"flux": "5.12E-14", 
					"nhmw": "0.0182", 
					"u_flux": "ergs/cm^2/s", 
					"u_time": "MJD", 
					"e_upper_flux": "6.38E-14", 
					"time": [
						"53063.3", 
						"53063.529"
					], 
					"e_countrate": "0.000237486", 
					"source": "1"
				}, 
				{
					"e_upper_luminosity": "7.16E+41", 
					"u_energy": "keV", 
					"telescope": "Chandra", 
					"instrument": "ACIS-S", 
					"luminosity": "5.47E+41", 
					"energy": [
						"0.3", 
						"2.0"
					], 
					"e_lower_luminosity": "3.81E+41", 
					"u_countrate": "s^-1", 
					"photonindex": "4.5", 
					"countrate": "0.000107407", 
					"e_lower_flux": "3.96E-15", 
					"flux": "5.69E-15", 
					"nhmw": "0.0182", 
					"u_flux": "ergs/cm^2/s", 
					"u_time": "MJD", 
					"e_upper_flux": "7.44E-15", 
					"time": [
						"53801.6", 
						"53803.350"
					], 
					"e_countrate": "0.0000328911", 
					"source": "1"
				}, 
				{
					"u_energy": "keV", 
					"telescope": "Chandra", 
					"instrument": "ACIS-S", 
					"source": "1", 
					"luminosity": "1.42E+42", 
					"energy": [
						"0.3", 
						"2.0"
					], 
					"u_countrate": "s^-1", 
					"photonindex": "4.5", 
					"countrate": "0.000278749", 
					"flux": "1.48E-14", 
					"nhmw": "0.0182", 
					"u_flux": "ergs/cm^2/s", 
					"u_time": "MJD", 
					"time": [
						"54166.5", 
						"54166.557"
					], 
					"upperlimit": true
				}, 
				{
					"u_energy": "keV", 
					"telescope": "XMM", 
					"instrument": "PN", 
					"source": "1", 
					"luminosity": "9.72E+44", 
					"energy": [
						"0.3", 
						"2.0"
					], 
					"u_countrate": "s^-1", 
					"photonindex": "4.5", 
					"countrate": "2.57", 
					"flux": "1.01E-11", 
					"nhmw": "0.0182", 
					"u_flux": "ergs/cm^2/s", 
					"u_time": "MJD", 
					"time": [
						"55947", 
						"55947.000"
					], 
					"upperlimit": true
				}, 
				{
					"u_energy": "keV", 
					"telescope": "XMM", 
					"instrument": "PN", 
					"source": "1", 
					"luminosity": "2.89E+41", 
					"energy": [
						"0.3", 
						"2.0"
					], 
					"u_countrate": "s^-1", 
					"photonindex": "4.5", 
					"countrate": "0.00574639", 
					"flux": "3.00E-15", 
					"nhmw": "0.0182", 
					"u_flux": "ergs/cm^2/s", 
					"u_time": "MJD", 
					"time": [
						"56300.3", 
						"56300.872"
					], 
					"upperlimit": true
				}, 
				{
					"u_energy": "keV", 
					"telescope": "XMM", 
					"instrument": "PN", 
					"source": "1", 
					"luminosity": "8.73E+44", 
					"energy": [
						"0.3", 
						"2.0"
					], 
					"u_countrate": "s^-1", 
					"photonindex": "4.5", 
					"countrate": "2.3", 
					"flux": "9.07E-12", 
					"nhmw": "0.0182", 
					"u_flux": "ergs/cm^2/s", 
					"u_time": "MJD", 
					"time": [
						"56671.2", 
						"56671.200"
					], 
					"upperlimit": true
				}
		], 
		"comovingdist": [
				{
					"u_value": "Mpc", 
					"derived": true, 
					"value": "760", 
					"source": "1,2,4,5"
				}
		], 
		"name": "SDSSJ1311", 
		"alias": [
				{
					"source": "1", 
					"value": "SDSSJ1311"
				}
		], 
		"redshift": [
				{
					"source": "1,4", 
					"value": "0.18"
				}
		], 
		"host": [
				{
					"source": "1,4", 
					"value": "SDSS J131122.15-012345.6"
				}
		], 
		"hostoffsetdist": [
				{
					"source": "1,2,4,5", 
					"value": "1.3"
				}
		], 
		"sources": [
				{
					"alias": "1", 
					"bibcode": "2017ApJ...838..149A", 
					"name": "2017ApJ...838..149A", 
					"reference": "Auchettl, Guillochon, & Ramirez-Ruiz (2017)"
				}, 
				{
					"alias": "2", 
					"bibcode": "2016A&A...594A..13P", 
					"name": "2016A&A...594A..13P", 
					"reference": "Planck Collaboration et al. (2016)"
				}, 
				{
					"alias": "3", 
					"bibcode": "2011ApJ...737..103S", 
					"name": "2011ApJ...737..103S", 
					"reference": "Schlafly & Finkbeiner (2011)"
				}, 
				{
					"alias": "4", 
					"bibcode": "2010ApJ...722.1035M", 
					"name": "2010ApJ...722.1035M", 
					"reference": "Maksym, Ulmer, & Eracleous (2010)"
				}, 
				{
					"bibcode": "2017ApJ...835...64G", 
					"name": "The Open TDE Catalog", 
					"reference": "Guillochon et al. (2017)", 
					"url": "https://tde.space", 
					"alias": "5", 
					"secondary": true
				}
		], 
		"ebv": [
				{
					"e_value": "0.0041", 
					"derived": true, 
					"value": "0.0503", 
					"source": "3,5"
				}
		], 
		"citations": [
				{
					"source": "4", 
					"value": "<a href='http://adsabs.harvard.edu/abs/2010ApJ...722.1035M'>Maksym et al. 2010</a>*&Dagger;"
				}
		], 
		"discoverdate": [
				{
					"source": "1,5", 
					"derived": true, 
					"value": "2004/02/28"
				}
		], 
		"ra": [
				{
					"source": "1", 
					"u_value": "hours", 
					"value": "11:22.2"
				}
		], 
		"hostra": [
				{
					"source": "1", 
					"u_value": "hours", 
					"value": "11:22.2"
				}
		], 
		"velocity": [
				{
					"u_value": "km/s", 
					"derived": true, 
					"value": "49000", 
					"source": "5"
				}
		], 
		"dec": [
				{
					"source": "1", 
					"u_value": "degrees", 
					"value": "-01:23:45.20"
				}
		], 
		"hostoffsetang": [
				{
					"u_value": "arcseconds", 
					"derived": true, 
					"value": "0.41", 
					"source": "1,5"
				}
		], 
		"schema": "https://github.com/astrocatalogs/tidaldisruptions/blob/f405406/SCHEMA.md"
	}
}