{
	"SDSSJ0159":{
		"schema":"https://github.com/astrocatalogs/tidaldisruptions/blob/f405406/SCHEMA.md",
		"name":"SDSSJ0159",
		"sources":[
			{
				"name":"2017ApJ...838..149A",
				"bibcode":"2017ApJ...838..149A",
				"reference":"Auchettl, Guillochon, & Ramirez-Ruiz (2017)",
				"alias":"1"
			},
			{
				"name":"2016A&A...594A..13P",
				"bibcode":"2016A&A...594A..13P",
				"reference":"Planck Collaboration et al. (2016)",
				"alias":"2"
			},
			{
				"name":"2015MNRAS.452...69M",
				"bibcode":"2015MNRAS.452...69M",
				"reference":"Merloni et al. (2015)",
				"alias":"3"
			},
			{
				"name":"The Open TDE Catalog",
				"bibcode":"2017ApJ...835...64G",
				"reference":"Guillochon et al. (2017)",
				"secondary":true,
				"url":"https://tde.space",
				"alias":"4"
			}
		],
		"alias":[
			{
				"value":"SDSSJ0159",
				"source":"1"
			}
		],
		"citations":[
			{
				"value":"<a href='http://adsabs.harvard.edu/abs/2015MNRAS.452...69M'>Merloni et al. 2015</a>*&Dagger;",
				"source":"3"
			}
		],
		"comovingdist":[
			{
				"value":"1275.8",
				"derived":true,
				"u_value":"Mpc",
				"source":"1,2,3,4"
			}
		],
		"discoverdate":[
			{
				"value":"2000/07/29",
				"derived":true,
				"source":"1,4"
			}
		],
		"host":[
			{
				"value":"SDSS J015957.64+003310.4",
				"source":"1,3"
			}
		],
		"hostdec":[
			{
				"value":"+00:33:10.49",
				"u_value":"degrees",
				"source":"1"
			}
		],
		"hostra":[
			{
				"value":"01:59:57.64",
				"u_value":"hours",
				"source":"1"
			}
		],
		"lumdist":[
			{
				"value":"1673.4",
				"derived":true,
				"u_value":"Mpc",
				"source":"1,2,3,4"
			}
		],
		"notes":[
			{
				"value":"Very long duration (~decade)",
				"source":"3"
			}
		],
		"redshift":[
			{
				"value":"0.31167",
				"source":"1,3"
			}
		],
		"velocity":[
			{
				"value":"79396",
				"derived":true,
				"u_value":"km/s",
				"source":"4"
			}
		],
		"photometry":[
			{
				"time":[
					"48260",
					"48260.004"
				],
				"countrate":"0.0357411",
				"energy":[
					"0.3",
					"2.0"
				],
				"flux":"1.45E-13",
				"instrument":"PSPC",
				"luminosity":"5.16E+43",
				"nhmw":"0.0266",
				"photonindex":"4.5",
				"telescope":"ROSAT",
				"u_countrate":"s^-1",
				"u_energy":"keV",
				"u_flux":"ergs/cm^2/s",
				"u_time":"MJD",
				"upperlimit":true,
				"source":"1"
			},
			{
				"time":[
					"48733",
					"48733.081"
				],
				"countrate":"0.0148527",
				"energy":[
					"0.3",
					"2.0"
				],
				"flux":"3.55E-14",
				"instrument":"PSPC",
				"luminosity":"1.26E+43",
				"nhmw":"0.0266",
				"photonindex":"4.5",
				"telescope":"ROSAT",
				"u_countrate":"s^-1",
				"u_energy":"keV",
				"u_flux":"ergs/cm^2/s",
				"u_time":"MJD",
				"upperlimit":true,
				"source":"1"
			},
			{
				"time":[
					"51754.9",
					"51754.968"
				],
				"countrate":"0.113035",
				"e_countrate":"0.00520953",
				"e_lower_flux":"2.82E-13",
				"e_lower_luminosity":"1.00E+44",
				"e_upper_flux":"3.15E-13",
				"e_upper_luminosity":"1.12E+44",
				"energy":[
					"0.3",
					"2.0"
				],
				"flux":"2.98E-13",
				"instrument":"PN",
				"luminosity":"1.06E+44",
				"nhmw":"0.0266",
				"photonindex":"2.03",
				"telescope":"XMM",
				"u_countrate":"s^-1",
				"u_energy":"keV",
				"u_flux":"ergs/cm^2/s",
				"u_time":"MJD",
				"source":"1"
			},
			{
				"time":[
					"53615.3",
					"53615.530"
				],
				"countrate":"0.000783399",
				"e_countrate":"0.000216515",
				"e_lower_flux":"2.77E-14",
				"e_lower_luminosity":"9.86E+42",
				"e_upper_flux":"4.89E-14",
				"e_upper_luminosity":"1.74E+43",
				"energy":[
					"0.3",
					"2.0"
				],
				"flux":"3.83E-14",
				"instrument":"ACIS-S",
				"luminosity":"1.36E+43",
				"nhmw":"0.0266",
				"photonindex":"4.5",
				"telescope":"Chandra",
				"u_countrate":"s^-1",
				"u_energy":"keV",
				"u_flux":"ergs/cm^2/s",
				"u_time":"MJD",
				"source":"1"
			}
		]
	}
}