{"SDSSJ1323": {"hostdec": [{"source": "1", "u_value": "degrees", "value": "+48:27:01.26"}], "comovingdist": [{"u_value": "Mpc", "derived": true, "value": "379.4", "source": "1,2,3,4"}], "name": "SDSSJ1323", "alias": [{"source": "1", "value": "SDSSJ1323"}], "notes": [{"source": "3", "value": "No emission or absorption features"}], "redshift": [{"source": "1,3", "value": "0.08754"}], "claimedtype": [{"source": "1", "value": "TDE?"}], "lumdist": [{"u_value": "Mpc", "derived": true, "value": "412.7", "source": "1,2,3,4"}], "sources": [{"alias": "1", "bibcode": "2017ApJ...838..149A", "name": "2017ApJ...838..149A", "reference": "Auchettl, Guillochon, & Ramirez-Ruiz (2017)"}, {"alias": "2", "bibcode": "2016A&A...594A..13P", "name": "2016A&A...594A..13P", "reference": "Planck Collaboration et al. (2016)"}, {"alias": "3", "bibcode": "2007A&A...462L..49E", "name": "2007A&A...462L..49E", "reference": "Esquej et al. (2007)"}, {"bibcode": "2017ApJ...835...64G", "name": "The Open TDE Catalog", "reference": "Guillochon et al. (2017)", "url": "https://tde.space", "alias": "4", "secondary": true}], "host": [{"source": "1,3", "value": "SDSS J132341.97+482701.3"}], "citations": [{"source": "3", "value": "<a href='http://adsabs.harvard.edu/abs/2007A%26A...462L..49E'>Esquej et al. 2007</a>*&Dagger;"}], "discoverdate": [{"source": "1,4", "derived": true, "value": "2003/12/02"}], "hostra": [{"source": "1", "u_value": "hours", "value": "13:23:41.97"}], "velocity": [{"u_value": "km/s", "derived": true, "value": "25100", "source": "4"}], "photometry": [{"u_energy": "keV", "telescope": "ROSAT", "instrument": "PSPC", "source": "1", "luminosity": "8.04E+42", "energy": ["0.3", "2.0"], "u_countrate": "s^-1", "photonindex": "4.5", "countrate": "0.0289287", "flux": "4.16E-13", "nhmw": "0.01", "u_flux": "ergs/cm^2/s", "u_time": "MJD", "time": ["48100", "48100.012"], "upperlimit": true}, {"e_upper_luminosity": "2.40E+44", "u_energy": "keV", "telescope": "XMM", "instrument": "PN", "luminosity": "1.99E+44", "energy": ["0.3", "2.0"], "e_lower_luminosity": "1.57E+44", "u_countrate": "s^-1", "photonindex": "4.5", "countrate": "3.13", "e_lower_flux": "8.13E-12", "flux": "1.03E-11", "nhmw": "0.01", "u_flux": "ergs/cm^2/s", "u_time": "MJD", "e_upper_flux": "1.24E-11", "time": ["52975", "52975.000"], "e_countrate": "0.655", "source": "1"}, {"u_energy": "keV", "telescope": "XMM", "instrument": "PN", "source": "1", "luminosity": "2.47E+43", "energy": ["0.3", "2.0"], "u_countrate": "s^-1", "photonindex": "4.5", "countrate": "0.39", "flux": "1.28E-12", "nhmw": "0.01", "u_flux": "ergs/cm^2/s", "u_time": "MJD", "time": ["53521.7", "53521.700"], "upperlimit": true}, {"e_upper_luminosity": "8.78E+40", "u_energy": "keV", "telescope": "XMM", "instrument": "PN", "luminosity": "7.25E+40", "energy": ["0.3", "2.0"], "e_lower_luminosity": "5.72E+40", "u_countrate": "s^-1", "photonindex": "4.5", "countrate": "0.0083221", "e_lower_flux": "2.96E-15", "flux": "3.75E-15", "nhmw": "0.01", "u_flux": "ergs/cm^2/s", "u_time": "MJD", "e_upper_flux": "4.54E-15", "time": ["53931.1", "53931.158"], "e_countrate": "0.00205162", "source": "1"}, {"u_energy": "keV", "telescope": "Swift", "instrument": "XRT", "source": "1", "luminosity": "1.01E+43", "energy": ["0.3", "2.0"], "u_countrate": "s^-1", "photonindex": "4.5", "countrate": "0.0228611", "flux": "5.21E-13", "nhmw": "0.01", "u_flux": "ergs/cm^2/s", "mode": "PC", "time": ["54112", "54112.000"], "upperlimit": true, "u_time": "MJD"}, {"u_energy": "keV", "telescope": "Swift", "instrument": "XRT", "source": "1", "luminosity": "1.81E+42", "energy": ["0.3", "2.0"], "u_countrate": "s^-1", "photonindex": "4.5", "countrate": "0.00412274", "flux": "9.37E-14", "nhmw": "0.01", "u_flux": "ergs/cm^2/s", "mode": "PC", "time": ["54237.9", "54237.921"], "upperlimit": true, "u_time": "MJD"}, {"u_energy": "keV", "telescope": "Swift", "instrument": "XRT", "source": "1", "luminosity": "1.47E+42", "energy": ["0.3", "2.0"], "u_countrate": "s^-1", "photonindex": "4.5", "countrate": "0.00333773", "flux": "7.60E-14", "nhmw": "0.01", "u_flux": "ergs/cm^2/s", "mode": "PC", "time": ["55596", "55596.020"], "upperlimit": true, "u_time": "MJD"}, {"u_energy": "keV", "telescope": "XMM", "instrument": "PN", "source": "1", "luminosity": "8.91E+43", "energy": ["0.3", "2.0"], "u_countrate": "s^-1", "photonindex": "4.5", "countrate": "1.4", "flux": "4.61E-12", "nhmw": "0.01", "u_flux": "ergs/cm^2/s", "u_time": "MJD", "time": ["56479.5", "56479.500"], "upperlimit": true}, {"u_energy": "keV", "telescope": "Swift", "instrument": "XRT", "source": "1", "luminosity": "6.05E+41", "energy": ["0.3", "2.0"], "u_countrate": "s^-1", "photonindex": "4.5", "countrate": "0.00194906", "flux": "3.13E-14", "nhmw": "0.01", "u_flux": "ergs/cm^2/s", "mode": "PC", "time": ["56595.4", "56595.442"], "upperlimit": true, "u_time": "MJD"}], "schema": "https://github.com/astrocatalogs/tidaldisruptions/blob/f405406/SCHEMA.md"}}