{
	"SDSSJ0952":{
		"schema":"https://github.com/astrocatalogs/tidaldisruptions/blob/f405406/SCHEMA.md",
		"name":"SDSSJ0952",
		"sources":[
			{
				"name":"2017ApJ...838..149A",
				"bibcode":"2017ApJ...838..149A",
				"reference":"Auchettl, Guillochon, & Ramirez-Ruiz (2017)",
				"alias":"1"
			},
			{
				"name":"2016A&A...594A..13P",
				"bibcode":"2016A&A...594A..13P",
				"reference":"Planck Collaboration et al. (2016)",
				"alias":"2"
			},
			{
				"name":"2008ApJ...678L..13K",
				"bibcode":"2008ApJ...678L..13K",
				"reference":"Komossa et al. (2008)",
				"alias":"3"
			},
			{
				"name":"The Open TDE Catalog",
				"bibcode":"2017ApJ...835...64G",
				"reference":"Guillochon et al. (2017)",
				"secondary":true,
				"url":"https://tde.space",
				"alias":"4"
			}
		],
		"alias":[
			{
				"value":"SDSSJ0952",
				"source":"1"
			}
		],
		"citations":[
			{
				"value":"<a href='http://adsabs.harvard.edu/abs/2008ApJ...678L..13K'>Komossa et al. 2008</a>*&Dagger;",
				"source":"3"
			}
		],
		"comovingdist":[
			{
				"value":"343",
				"derived":true,
				"u_value":"Mpc",
				"source":"1,2,3,4"
			}
		],
		"discoverdate":[
			{
				"value":"2008/02/05",
				"derived":true,
				"source":"1,4"
			}
		],
		"host":[
			{
				"value":"SDSS J095209.56+214313.3",
				"source":"1,3"
			}
		],
		"hostdec":[
			{
				"value":"+21:43:13.24",
				"u_value":"degrees",
				"source":"1"
			}
		],
		"hostra":[
			{
				"value":"09:52:09.56",
				"u_value":"hours",
				"source":"1"
			}
		],
		"lumdist":[
			{
				"value":"370",
				"derived":true,
				"u_value":"Mpc",
				"source":"1,2,3,4"
			}
		],
		"redshift":[
			{
				"value":"0.0789",
				"source":"1,3"
			}
		],
		"velocity":[
			{
				"value":"22700",
				"derived":true,
				"u_value":"km/s",
				"source":"4"
			}
		],
		"photometry":[
			{
				"time":[
					"48194.9",
					"48194.904"
				],
				"countrate":"0.0271391",
				"energy":[
					"0.3",
					"2.0"
				],
				"flux":"1.17E-13",
				"instrument":"PSPC",
				"luminosity":"1.81E+42",
				"nhmw":"0.0279",
				"photonindex":"4.5",
				"telescope":"ROSAT",
				"u_countrate":"s^-1",
				"u_energy":"keV",
				"u_flux":"ergs/cm^2/s",
				"u_time":"MJD",
				"upperlimit":true,
				"source":"1"
			},
			{
				"time":[
					"54501.7",
					"54501.813"
				],
				"countrate":"0.00084",
				"e_countrate":"0.000359627",
				"e_lower_flux":"4.07E-15",
				"e_lower_luminosity":"6.29E+40",
				"e_upper_flux":"1.02E-14",
				"e_upper_luminosity":"1.58E+41",
				"energy":[
					"0.3",
					"2.0"
				],
				"flux":"7.13E-15",
				"instrument":"ACIS-S",
				"luminosity":"1.10E+41",
				"nhmw":"0.0279",
				"photonindex":"4.5",
				"telescope":"Chandra",
				"u_countrate":"s^-1",
				"u_energy":"keV",
				"u_flux":"ergs/cm^2/s",
				"u_time":"MJD",
				"source":"1"
			},
			{
				"time":[
					"54905.6",
					"54905.793"
				],
				"countrate":"0.00187901",
				"e_countrate":"0.000381697",
				"e_lower_flux":"1.27E-14",
				"e_lower_luminosity":"1.96E+41",
				"e_upper_flux":"1.92E-14",
				"e_upper_luminosity":"2.97E+41",
				"energy":[
					"0.3",
					"2.0"
				],
				"flux":"1.60E-14",
				"instrument":"ACIS-S",
				"luminosity":"2.47E+41",
				"nhmw":"0.0279",
				"photonindex":"4.5",
				"telescope":"Chandra",
				"u_countrate":"s^-1",
				"u_energy":"keV",
				"u_flux":"ergs/cm^2/s",
				"u_time":"MJD",
				"source":"1"
			},
			{
				"time":[
					"55110.1",
					"55110.296"
				],
				"countrate":"0.00193491",
				"e_countrate":"0.000377075",
				"e_lower_flux":"1.32E-14",
				"e_lower_luminosity":"2.04E+41",
				"e_upper_flux":"1.96E-14",
				"e_upper_luminosity":"3.03E+41",
				"energy":[
					"0.3",
					"2.0"
				],
				"flux":"1.64E-14",
				"instrument":"ACIS-S",
				"luminosity":"2.53E+41",
				"nhmw":"0.0279",
				"photonindex":"4.5",
				"telescope":"Chandra",
				"u_countrate":"s^-1",
				"u_energy":"keV",
				"u_flux":"ergs/cm^2/s",
				"u_time":"MJD",
				"source":"1"
			},
			{
				"time":[
					"57138.8",
					"57138.913"
				],
				"countrate":"0.00630186",
				"energy":[
					"0.3",
					"2.0"
				],
				"flux":"1.63E-13",
				"instrument":"XRT",
				"luminosity":"2.52E+42",
				"mode":"PC",
				"nhmw":"0.0279",
				"photonindex":"4.5",
				"telescope":"Swift",
				"u_countrate":"s^-1",
				"u_energy":"keV",
				"u_flux":"ergs/cm^2/s",
				"u_time":"MJD",
				"upperlimit":true,
				"source":"1"
			}
		]
	}
}