{
	"SDSSJ1350":{
		"schema":"https://github.com/astrocatalogs/tidaldisruptions/blob/f405406/SCHEMA.md",
		"name":"SDSSJ1350",
		"sources":[
			{
				"name":"2017ApJ...838..149A",
				"bibcode":"2017ApJ...838..149A",
				"reference":"Auchettl, Guillochon, & Ramirez-Ruiz (2017)",
				"alias":"1"
			},
			{
				"name":"2016A&A...594A..13P",
				"bibcode":"2016A&A...594A..13P",
				"reference":"Planck Collaboration et al. (2016)",
				"alias":"2"
			},
			{
				"name":"2012ApJ...749..115W",
				"bibcode":"2012ApJ...749..115W",
				"reference":"Wang et al. (2012)",
				"alias":"3"
			},
			{
				"name":"The Open TDE Catalog",
				"bibcode":"2017ApJ...835...64G",
				"reference":"Guillochon et al. (2017)",
				"secondary":true,
				"url":"https://tde.space",
				"alias":"4"
			}
		],
		"alias":[
			{
				"value":"SDSSJ1350",
				"source":"1"
			}
		],
		"citations":[
			{
				"value":"<a href='http://adsabs.harvard.edu/abs/2012ApJ...749..115W'>Wang et al. 2012</a>*&Dagger;",
				"source":"3"
			}
		],
		"comovingdist":[
			{
				"value":"338",
				"derived":true,
				"u_value":"Mpc",
				"source":"1,2,3,4"
			}
		],
		"host":[
			{
				"value":"SDSS J135001.49+291609.7",
				"source":"1,3"
			}
		],
		"hostdec":[
			{
				"value":"+29:16:09.71",
				"u_value":"degrees",
				"source":"1"
			}
		],
		"hostra":[
			{
				"value":"13:50:01.51",
				"u_value":"hours",
				"source":"1"
			}
		],
		"lumdist":[
			{
				"value":"364",
				"derived":true,
				"u_value":"Mpc",
				"source":"1,2,3,4"
			}
		],
		"redshift":[
			{
				"value":"0.0777",
				"source":"1,3"
			}
		],
		"velocity":[
			{
				"value":"22400",
				"derived":true,
				"u_value":"km/s",
				"source":"4"
			}
		],
		"photometry":[
			{
				"time":[
					"48080",
					"48080.005"
				],
				"countrate":"0.0389794",
				"energy":[
					"0.3",
					"2.0"
				],
				"flux":"6.60E-14",
				"instrument":"PSPC",
				"luminosity":"9.87E+41",
				"nhmw":"0.012",
				"photonindex":"4.5",
				"telescope":"ROSAT",
				"u_countrate":"s^-1",
				"u_energy":"keV",
				"u_flux":"ergs/cm^2/s",
				"u_time":"MJD",
				"upperlimit":true,
				"source":"1"
			},
			{
				"time":[
					"56511.5",
					"56511.530"
				],
				"countrate":"0.00453701",
				"energy":[
					"0.3",
					"2.0"
				],
				"flux":"1.06E-13",
				"instrument":"XRT",
				"luminosity":"1.59E+42",
				"mode":"PC",
				"nhmw":"0.012",
				"photonindex":"4.5",
				"telescope":"Swift",
				"u_countrate":"s^-1",
				"u_energy":"keV",
				"u_flux":"ergs/cm^2/s",
				"u_time":"MJD",
				"upperlimit":true,
				"source":"1"
			},
			{
				"time":[
					"57026",
					"57026.000"
				],
				"countrate":"1.26",
				"energy":[
					"0.3",
					"2.0"
				],
				"flux":"4.38E-12",
				"instrument":"PN",
				"luminosity":"6.55E+43",
				"nhmw":"0.012",
				"photonindex":"4.5",
				"telescope":"XMM",
				"u_countrate":"s^-1",
				"u_energy":"keV",
				"u_flux":"ergs/cm^2/s",
				"u_time":"MJD",
				"upperlimit":true,
				"source":"1"
			},
			{
				"time":[
					"57260.8",
					"57260.965"
				],
				"countrate":"0.0027151",
				"energy":[
					"0.3",
					"2.0"
				],
				"flux":"6.37E-14",
				"instrument":"XRT",
				"luminosity":"9.53E+41",
				"mode":"PC",
				"nhmw":"0.012",
				"photonindex":"4.5",
				"telescope":"Swift",
				"u_countrate":"s^-1",
				"u_energy":"keV",
				"u_flux":"ergs/cm^2/s",
				"u_time":"MJD",
				"upperlimit":true,
				"source":"1"
			}
		]
	}
}