{"SDSSJ0159": {"hostdec": [{"source": "1", "u_value": "degrees", "value": "+00:33:10.49"}], "comovingdist": [{"u_value": "Mpc", "derived": true, "value": "1275.8", "source": "1,2,3,4"}], "name": "SDSSJ0159", "alias": [{"source": "1", "value": "SDSSJ0159"}], "notes": [{"source": "3", "value": "Very long duration (~decade)"}], "redshift": [{"source": "1,3", "value": "0.31167"}], "lumdist": [{"u_value": "Mpc", "derived": true, "value": "1673.4", "source": "1,2,3,4"}], "sources": [{"alias": "1", "bibcode": "2017ApJ...838..149A", "name": "2017ApJ...838..149A", "reference": "Auchettl, Guillochon, & Ramirez-Ruiz (2017)"}, {"alias": "2", "bibcode": "2016A&A...594A..13P", "name": "2016A&A...594A..13P", "reference": "Planck Collaboration et al. (2016)"}, {"alias": "3", "bibcode": "2015MNRAS.452...69M", "name": "2015MNRAS.452...69M", "reference": "Merloni et al. (2015)"}, {"bibcode": "2017ApJ...835...64G", "name": "The Open TDE Catalog", "reference": "Guillochon et al. (2017)", "url": "https://tde.space", "alias": "4", "secondary": true}], "host": [{"source": "1,3", "value": "SDSS J015957.64+003310.4"}], "citations": [{"source": "3", "value": "<a href='http://adsabs.harvard.edu/abs/2015MNRAS.452...69M'>Merloni et al. 2015</a>*&Dagger;"}], "discoverdate": [{"source": "1,4", "derived": true, "value": "2000/07/29"}], "hostra": [{"source": "1", "u_value": "hours", "value": "01:59:57.64"}], "velocity": [{"u_value": "km/s", "derived": true, "value": "79396", "source": "4"}], "photometry": [{"u_energy": "keV", "telescope": "ROSAT", "instrument": "PSPC", "source": "1", "luminosity": "5.16E+43", "energy": ["0.3", "2.0"], "u_countrate": "s^-1", "photonindex": "4.5", "countrate": "0.0357411", "flux": "1.45E-13", "nhmw": "0.0266", "u_flux": "ergs/cm^2/s", "u_time": "MJD", "time": ["48260", "48260.004"], "upperlimit": true}, {"u_energy": "keV", "telescope": "ROSAT", "instrument": "PSPC", "source": "1", "luminosity": "1.26E+43", "energy": ["0.3", "2.0"], "u_countrate": "s^-1", "photonindex": "4.5", "countrate": "0.0148527", "flux": "3.55E-14", "nhmw": "0.0266", "u_flux": "ergs/cm^2/s", "u_time": "MJD", "time": ["48733", "48733.081"], "upperlimit": true}, {"e_upper_luminosity": "1.12E+44", "u_energy": "keV", "telescope": "XMM", "instrument": "PN", "luminosity": "1.06E+44", "energy": ["0.3", "2.0"], "e_lower_luminosity": "1.00E+44", "u_countrate": "s^-1", "photonindex": "2.03", "countrate": "0.113035", "e_lower_flux": "2.82E-13", "flux": "2.98E-13", "nhmw": "0.0266", "u_flux": "ergs/cm^2/s", "u_time": "MJD", "e_upper_flux": "3.15E-13", "time": ["51754.9", "51754.968"], "e_countrate": "0.00520953", "source": "1"}, {"e_upper_luminosity": "1.74E+43", "u_energy": "keV", "telescope": "Chandra", "instrument": "ACIS-S", "luminosity": "1.36E+43", "energy": ["0.3", "2.0"], "e_lower_luminosity": "9.86E+42", "u_countrate": "s^-1", "photonindex": "4.5", "countrate": "0.000783399", "e_lower_flux": "2.77E-14", "flux": "3.83E-14", "nhmw": "0.0266", "u_flux": "ergs/cm^2/s", "u_time": "MJD", "e_upper_flux": "4.89E-14", "time": ["53615.3", "53615.530"], "e_countrate": "0.000216515", "source": "1"}], "schema": "https://github.com/astrocatalogs/tidaldisruptions/blob/f405406/SCHEMA.md"}}