{
	"SN2017bcc":{
		"schema":"https://github.com/astrocatalogs/tidaldisruptions/blob/f405406/SCHEMA.md",
		"name":"SN2017bcc",
		"sources":[
			{
				"name":"2016A&A...594A..13P",
				"bibcode":"2016A&A...594A..13P",
				"reference":"Planck Collaboration et al. (2016)",
				"alias":"1"
			},
			{
				"name":"2011ApJ...737..103S",
				"bibcode":"2011ApJ...737..103S",
				"reference":"Schlafly & Finkbeiner (2011)",
				"alias":"2"
			},
			{
				"name":"Transient Name Server",
				"url":"https://wis-tns.weizmann.ac.il/",
				"alias":"3"
			},
			{
				"name":"ATel 10177",
				"alias":"4"
			},
			{
				"name":"CPCS Alert 26490",
				"url":"http://gsaweb.ast.cam.ac.uk/followup/get_alert_lc_data?alert_id=26490",
				"alias":"5"
			},
			{
				"name":"Cambridge Photometric Calibration Server",
				"secondary":true,
				"url":"http://gsaweb.ast.cam.ac.uk/followup/",
				"alias":"6"
			},
			{
				"name":"The Open TDE Catalog",
				"bibcode":"2017ApJ...835...64G",
				"reference":"Guillochon et al. (2017)",
				"secondary":true,
				"url":"https://tde.space",
				"alias":"7"
			}
		],
		"alias":[
			{
				"value":"SN2017bcc",
				"source":"3"
			},
			{
				"value":"PS17bgn",
				"source":"3,4,6"
			},
			{
				"value":"AT2017bcc",
				"source":"4"
			}
		],
		"claimedtype":[
			{
				"value":"SLSN-I?",
				"source":"7"
			},
			{
				"value":"SL-II",
				"source":"3"
			},
			{
				"value":"TDE?",
				"source":"4"
			}
		],
		"comovingdist":[
			{
				"value":"632",
				"derived":true,
				"u_value":"Mpc",
				"source":"1,3,7"
			}
		],
		"dec":[
			{
				"value":"+29:59:45.13",
				"u_value":"degrees",
				"source":"3"
			},
			{
				"value":"+29:59:45.24",
				"u_value":"degrees",
				"source":"6"
			}
		],
		"discoverdate":[
			{
				"value":"2017/02/18.413993",
				"source":"3"
			}
		],
		"discoverer":[
			{
				"value":"Pan-STARRS1",
				"source":"3"
			}
		],
		"ebv":[
			{
				"value":"0.0196",
				"derived":true,
				"e_value":"0.0001",
				"source":"2,7"
			}
		],
		"errors":[
			{
				"extra":"claimedtype",
				"kind":"name",
				"value":"Transient Name Server"
			}
		],
		"host":[
			{
				"value":"SDSS J113152.97+295944.8",
				"source":"4"
			}
		],
		"hostdec":[
			{
				"value":"+29:59:44.8",
				"u_value":"degrees",
				"source":"4"
			}
		],
		"hostoffsetang":[
			{
				"value":"0.446",
				"derived":true,
				"u_value":"arcseconds",
				"source":"3,4,7"
			}
		],
		"hostoffsetdist":[
			{
				"value":"1.19",
				"source":"1,3,4,7"
			}
		],
		"hostra":[
			{
				"value":"11:31:52.97",
				"u_value":"hours",
				"source":"4"
			}
		],
		"lumdist":[
			{
				"value":"726",
				"derived":true,
				"kind":"spectroscopic",
				"u_value":"Mpc",
				"source":"1,3,7"
			}
		],
		"maxabsmag":[
			{
				"value":"-22.99",
				"derived":true,
				"source":"1,3,7"
			}
		],
		"maxappmag":[
			{
				"value":"16.16",
				"derived":true,
				"source":"5,6,7"
			}
		],
		"maxband":[
			{
				"value":"i",
				"derived":true,
				"source":"5,6,7"
			}
		],
		"maxdate":[
			{
				"value":"2017/03/26",
				"derived":true,
				"source":"5,6,7"
			}
		],
		"maxvisualappmag":[
			{
				"value":"18.55",
				"derived":true,
				"source":"5,6,7"
			}
		],
		"maxvisualband":[
			{
				"value":"g",
				"derived":true,
				"source":"5,6,7"
			}
		],
		"maxvisualdate":[
			{
				"value":"2017/04/29",
				"derived":true,
				"source":"5,6,7"
			}
		],
		"ra":[
			{
				"value":"11:31:52.99",
				"u_value":"hours",
				"source":"3"
			},
			{
				"value":"11:31:53.04",
				"u_value":"hours",
				"source":"6"
			}
		],
		"redshift":[
			{
				"value":"0.148",
				"kind":"spectroscopic",
				"source":"3"
			},
			{
				"value":"0.133",
				"source":"4"
			}
		],
		"velocity":[
			{
				"value":"41100",
				"derived":true,
				"kind":"spectroscopic",
				"u_value":"km/s",
				"source":"7"
			}
		],
		"photometry":[
			{
				"time":"57802.4139931",
				"band":"i",
				"e_magnitude":"0.03",
				"instrument":"GPC1",
				"magnitude":"18.33",
				"observer":"Robot",
				"telescope":"PS1",
				"u_time":"MJD",
				"source":"3"
			},
			{
				"time":"57809.9634",
				"band":"g",
				"e_magnitude":"0.0223",
				"magnitude":"18.8471",
				"observatory":"T100,Hasan Esenoglu",
				"u_time":"MJD",
				"source":"5,6"
			},
			{
				"time":"57809.9679",
				"band":"r",
				"e_magnitude":"0.0171",
				"magnitude":"18.2935",
				"observatory":"T100,Hasan Esenoglu",
				"u_time":"MJD",
				"source":"5,6"
			},
			{
				"time":"57809.9724",
				"band":"i",
				"e_magnitude":"0.0147",
				"magnitude":"17.5609",
				"observatory":"T100,Hasan Esenoglu",
				"u_time":"MJD",
				"source":"5,6"
			},
			{
				"time":"57815.8233",
				"band":"g",
				"e_magnitude":"0.0437",
				"magnitude":"18.7844",
				"observatory":"T100,Hasan Esenoglu",
				"u_time":"MJD",
				"source":"5,6"
			},
			{
				"time":"57815.8281",
				"band":"r",
				"e_magnitude":"0.0295",
				"magnitude":"18.3441",
				"observatory":"T100,Hasan Esenoglu",
				"u_time":"MJD",
				"source":"5,6"
			},
			{
				"time":"57815.8359",
				"band":"i",
				"e_magnitude":"0.0184",
				"magnitude":"17.6085",
				"observatory":"T100,Hasan Esenoglu",
				"u_time":"MJD",
				"source":"5,6"
			},
			{
				"time":"57822.0",
				"band":"B",
				"e_magnitude":"0.17",
				"instrument":"UVOT",
				"magnitude":"18.90",
				"telescope":"Swift",
				"u_time":"MJD",
				"source":"4"
			},
			{
				"time":"57822.0",
				"band":"M2",
				"e_magnitude":"0.11",
				"instrument":"UVOT",
				"magnitude":"18.64",
				"telescope":"Swift",
				"u_time":"MJD",
				"source":"4"
			},
			{
				"time":"57822.0",
				"band":"U",
				"e_magnitude":"0.17",
				"instrument":"UVOT",
				"magnitude":"18.46",
				"telescope":"Swift",
				"u_time":"MJD",
				"source":"4"
			},
			{
				"time":"57822.0",
				"band":"V",
				"e_magnitude":"0.20",
				"instrument":"UVOT",
				"magnitude":"18.01",
				"telescope":"Swift",
				"u_time":"MJD",
				"source":"4"
			},
			{
				"time":"57822.0",
				"band":"W1",
				"e_magnitude":"0.15",
				"instrument":"UVOT",
				"magnitude":"18.61",
				"telescope":"Swift",
				"u_time":"MJD",
				"source":"4"
			},
			{
				"time":"57822.0",
				"band":"W2",
				"e_magnitude":"0.11",
				"instrument":"UVOT",
				"magnitude":"18.59",
				"telescope":"Swift",
				"u_time":"MJD",
				"source":"4"
			},
			{
				"time":"57832.7697",
				"band":"r",
				"e_magnitude":"0.0909",
				"magnitude":"18.1221",
				"observatory":"TRT-TNO0.5, Supachai",
				"u_time":"MJD",
				"source":"5,6"
			},
			{
				"time":"57832.7711",
				"band":"r",
				"e_magnitude":"0.0864",
				"magnitude":"17.9662",
				"observatory":"TRT-TNO0.5, Supachai",
				"u_time":"MJD",
				"source":"5,6"
			},
			{
				"time":"57832.8245",
				"band":"r",
				"e_magnitude":"0.0954",
				"magnitude":"18.3096",
				"observatory":"TRT-TNO0.5, Supachai",
				"u_time":"MJD",
				"source":"5,6"
			},
			{
				"time":"57832.826",
				"band":"i",
				"e_magnitude":"0.0608",
				"magnitude":"16.2658",
				"observatory":"TRT-TNO0.5, Supachai",
				"u_time":"MJD",
				"source":"5,6"
			},
			{
				"time":"57832.8275",
				"band":"r",
				"e_magnitude":"0.1067",
				"magnitude":"18.1948",
				"observatory":"TRT-TNO0.5, Supachai",
				"u_time":"MJD",
				"source":"5,6"
			},
			{
				"time":"57832.8289",
				"band":"i",
				"e_magnitude":"0.0685",
				"magnitude":"16.4975",
				"observatory":"TRT-TNO0.5, Supachai",
				"u_time":"MJD",
				"source":"5,6"
			},
			{
				"time":"57832.8304",
				"band":"r",
				"e_magnitude":"0.1024",
				"magnitude":"18.1221",
				"observatory":"TRT-TNO0.5, Supachai",
				"u_time":"MJD",
				"source":"5,6"
			},
			{
				"time":"57832.8318",
				"band":"i",
				"e_magnitude":"0.0764",
				"magnitude":"16.9239",
				"observatory":"TRT-TNO0.5, Supachai",
				"u_time":"MJD",
				"source":"5,6"
			},
			{
				"time":"57832.8574",
				"band":"r",
				"e_magnitude":"0.045",
				"magnitude":"17.3392",
				"observatory":"TRT-TNO0.5, Supachai",
				"u_time":"MJD",
				"source":"5,6"
			},
			{
				"time":"57833.6344",
				"band":"i",
				"e_magnitude":"0.0845",
				"magnitude":"16.4484",
				"observatory":"TRT-TNO0.5, Supachai",
				"u_time":"MJD",
				"source":"5,6"
			},
			{
				"time":"57833.6415",
				"band":"i",
				"e_magnitude":"0.091",
				"magnitude":"17.0643",
				"observatory":"TRT-TNO0.5, Supachai",
				"u_time":"MJD",
				"source":"5,6"
			},
			{
				"time":"57833.6451",
				"band":"r",
				"e_magnitude":"0.0652",
				"magnitude":"17.9427",
				"observatory":"TRT-TNO0.5, Supachai",
				"u_time":"MJD",
				"source":"5,6"
			},
			{
				"time":"57833.6486",
				"band":"i",
				"e_magnitude":"0.0766",
				"magnitude":"16.6405",
				"observatory":"TRT-TNO0.5, Supachai",
				"u_time":"MJD",
				"source":"5,6"
			},
			{
				"time":"57833.6522",
				"band":"r",
				"e_magnitude":"0.0668",
				"magnitude":"17.9851",
				"observatory":"TRT-TNO0.5, Supachai",
				"u_time":"MJD",
				"source":"5,6"
			},
			{
				"time":"57833.6601",
				"band":"r",
				"e_magnitude":"0.0603",
				"magnitude":"17.8443",
				"observatory":"TRT-TNO0.5, Supachai",
				"u_time":"MJD",
				"source":"5,6"
			},
			{
				"time":"57833.6637",
				"band":"i",
				"e_magnitude":"0.0837",
				"magnitude":"16.8605",
				"observatory":"TRT-TNO0.5, Supachai",
				"u_time":"MJD",
				"source":"5,6"
			},
			{
				"time":"57834.6631",
				"band":"i",
				"e_magnitude":"0.0835",
				"magnitude":"17.0006",
				"observatory":"TRT-TNO0.5, Supachai",
				"u_time":"MJD",
				"source":"5,6"
			},
			{
				"time":"57834.6666",
				"band":"r",
				"e_magnitude":"0.0706",
				"magnitude":"16.9615",
				"observatory":"TRT-TNO0.5, Supachai",
				"u_time":"MJD",
				"source":"5,6"
			},
			{
				"time":"57834.6701",
				"band":"i",
				"e_magnitude":"0.0688",
				"magnitude":"16.8933",
				"observatory":"TRT-TNO0.5, Supachai",
				"u_time":"MJD",
				"source":"5,6"
			},
			{
				"time":"57834.6736",
				"band":"r",
				"e_magnitude":"0.065",
				"magnitude":"16.8968",
				"observatory":"TRT-TNO0.5, Supachai",
				"u_time":"MJD",
				"source":"5,6"
			},
			{
				"time":"57834.6771",
				"band":"i",
				"e_magnitude":"0.0637",
				"magnitude":"16.7822",
				"observatory":"TRT-TNO0.5, Supachai",
				"u_time":"MJD",
				"source":"5,6"
			},
			{
				"time":"57834.6841",
				"band":"i",
				"e_magnitude":"0.0584",
				"magnitude":"16.6041",
				"observatory":"TRT-TNO0.5, Supachai",
				"u_time":"MJD",
				"source":"5,6"
			},
			{
				"time":"57834.6911",
				"band":"i",
				"e_magnitude":"0.0549",
				"magnitude":"16.63",
				"observatory":"TRT-TNO0.5, Supachai",
				"u_time":"MJD",
				"source":"5,6"
			},
			{
				"time":"57834.6946",
				"band":"r",
				"e_magnitude":"0.0536",
				"magnitude":"16.6154",
				"observatory":"TRT-TNO0.5, Supachai",
				"u_time":"MJD",
				"source":"5,6"
			},
			{
				"time":"57834.6981",
				"band":"i",
				"e_magnitude":"0.0561",
				"magnitude":"16.7055",
				"observatory":"TRT-TNO0.5, Supachai",
				"u_time":"MJD",
				"source":"5,6"
			},
			{
				"time":"57834.7016",
				"band":"r",
				"e_magnitude":"0.0535",
				"magnitude":"16.7445",
				"observatory":"TRT-TNO0.5, Supachai",
				"u_time":"MJD",
				"source":"5,6"
			},
			{
				"time":"57836.9678",
				"band":"g",
				"e_magnitude":"0.0259",
				"magnitude":"18.8903",
				"observatory":"T100,Hasan Esenoglu",
				"u_time":"MJD",
				"source":"5,6"
			},
			{
				"time":"57836.9738",
				"band":"r",
				"e_magnitude":"0.0207",
				"magnitude":"18.3631",
				"observatory":"T100,Hasan Esenoglu",
				"u_time":"MJD",
				"source":"5,6"
			},
			{
				"time":"57836.9785",
				"band":"i",
				"e_magnitude":"0.0143",
				"magnitude":"17.5427",
				"observatory":"T100,Hasan Esenoglu",
				"u_time":"MJD",
				"source":"5,6"
			},
			{
				"time":"57837.9898",
				"band":"r",
				"e_magnitude":"0.1497",
				"magnitude":"18.3972",
				"observatory":"K.Wiersema-Leicester",
				"u_time":"MJD",
				"source":"5,6"
			},
			{
				"time":"57838.6078",
				"band":"i",
				"e_magnitude":"0.0613",
				"magnitude":"16.1622",
				"observatory":"TRT-TNO0.5, Supachai",
				"u_time":"MJD",
				"source":"5,6"
			},
			{
				"time":"57838.6114",
				"band":"r",
				"e_magnitude":"0.0877",
				"magnitude":"18.0907",
				"observatory":"TRT-TNO0.5, Supachai",
				"u_time":"MJD",
				"source":"5,6"
			},
			{
				"time":"57838.6185",
				"band":"r",
				"e_magnitude":"0.0957",
				"magnitude":"17.9501",
				"observatory":"TRT-TNO0.5, Supachai",
				"u_time":"MJD",
				"source":"5,6"
			},
			{
				"time":"57838.6268",
				"band":"r",
				"e_magnitude":"0.0561",
				"magnitude":"17.9017",
				"observatory":"TRT-TNO0.5, Supachai",
				"u_time":"MJD",
				"source":"5,6"
			},
			{
				"time":"57838.6303",
				"band":"i",
				"e_magnitude":"0.0803",
				"magnitude":"17.3317",
				"observatory":"TRT-TNO0.5, Supachai",
				"u_time":"MJD",
				"source":"5,6"
			},
			{
				"time":"57838.6339",
				"band":"r",
				"e_magnitude":"0.043",
				"magnitude":"17.8812",
				"observatory":"TRT-TNO0.5, Supachai",
				"u_time":"MJD",
				"source":"5,6"
			},
			{
				"time":"57838.6374",
				"band":"i",
				"e_magnitude":"0.0621",
				"magnitude":"16.376",
				"observatory":"TRT-TNO0.5, Supachai",
				"u_time":"MJD",
				"source":"5,6"
			},
			{
				"time":"57838.641",
				"band":"r",
				"e_magnitude":"0.0514",
				"magnitude":"17.9494",
				"observatory":"TRT-TNO0.5, Supachai",
				"u_time":"MJD",
				"source":"5,6"
			},
			{
				"time":"57838.6445",
				"band":"i",
				"e_magnitude":"0.0682",
				"magnitude":"16.4662",
				"observatory":"TRT-TNO0.5, Supachai",
				"u_time":"MJD",
				"source":"5,6"
			},
			{
				"time":"57838.6481",
				"band":"r",
				"e_magnitude":"0.0524",
				"magnitude":"17.9587",
				"observatory":"TRT-TNO0.5, Supachai",
				"u_time":"MJD",
				"source":"5,6"
			},
			{
				"time":"57838.6516",
				"band":"i",
				"e_magnitude":"0.0665",
				"magnitude":"16.4382",
				"observatory":"TRT-TNO0.5, Supachai",
				"u_time":"MJD",
				"source":"5,6"
			},
			{
				"time":"57838.6586",
				"band":"i",
				"e_magnitude":"0.0737",
				"magnitude":"16.469",
				"observatory":"TRT-TNO0.5, Supachai",
				"u_time":"MJD",
				"source":"5,6"
			},
			{
				"time":"57838.6622",
				"band":"r",
				"e_magnitude":"0.0516",
				"magnitude":"18.0436",
				"observatory":"TRT-TNO0.5, Supachai",
				"u_time":"MJD",
				"source":"5,6"
			},
			{
				"time":"57838.6657",
				"band":"i",
				"e_magnitude":"0.0843",
				"magnitude":"16.889",
				"observatory":"TRT-TNO0.5, Supachai",
				"u_time":"MJD",
				"source":"5,6"
			},
			{
				"time":"57838.6693",
				"band":"r",
				"e_magnitude":"0.0439",
				"magnitude":"17.9594",
				"observatory":"TRT-TNO0.5, Supachai",
				"u_time":"MJD",
				"source":"5,6"
			},
			{
				"time":"57838.6728",
				"band":"i",
				"e_magnitude":"0.0868",
				"magnitude":"17.0061",
				"observatory":"TRT-TNO0.5, Supachai",
				"u_time":"MJD",
				"source":"5,6"
			},
			{
				"time":"57838.6728",
				"band":"r",
				"e_magnitude":"0.0452",
				"magnitude":"18.0109",
				"observatory":"TRT-TNO0.5, Supachai",
				"u_time":"MJD",
				"source":"5,6"
			},
			{
				"time":"57838.6764",
				"band":"r",
				"e_magnitude":"0.0452",
				"magnitude":"18.0109",
				"observatory":"TRT-TNO0.5, Supachai",
				"u_time":"MJD",
				"source":"5,6"
			},
			{
				"time":"57838.6799",
				"band":"i",
				"e_magnitude":"0.087",
				"magnitude":"16.924",
				"observatory":"TRT-TNO0.5, Supachai",
				"u_time":"MJD",
				"source":"5,6"
			},
			{
				"time":"57838.687",
				"band":"i",
				"e_magnitude":"0.0785",
				"magnitude":"16.5796",
				"observatory":"TRT-TNO0.5, Supachai",
				"u_time":"MJD",
				"source":"5,6"
			},
			{
				"time":"57841.6915",
				"band":"r",
				"e_magnitude":"0.0406",
				"magnitude":"17.8846",
				"observatory":"TRT-TNO0.5, Supachai",
				"u_time":"MJD",
				"source":"5,6"
			},
			{
				"time":"57841.695",
				"band":"r",
				"e_magnitude":"0.0425",
				"magnitude":"17.8582",
				"observatory":"TRT-TNO0.5, Supachai",
				"u_time":"MJD",
				"source":"5,6"
			},
			{
				"time":"57841.6985",
				"band":"i",
				"e_magnitude":"0.0709",
				"magnitude":"17.0464",
				"observatory":"TRT-TNO0.5, Supachai",
				"u_time":"MJD",
				"source":"5,6"
			},
			{
				"time":"57841.7019",
				"band":"i",
				"e_magnitude":"0.0694",
				"magnitude":"16.9589",
				"observatory":"TRT-TNO0.5, Supachai",
				"u_time":"MJD",
				"source":"5,6"
			},
			{
				"time":"57842.6153",
				"band":"r",
				"e_magnitude":"0.0616",
				"magnitude":"17.9996",
				"observatory":"TRT-TNO0.5, Supachai",
				"u_time":"MJD",
				"source":"5,6"
			},
			{
				"time":"57842.6188",
				"band":"r",
				"e_magnitude":"0.0557",
				"magnitude":"17.7949",
				"observatory":"TRT-TNO0.5, Supachai",
				"u_time":"MJD",
				"source":"5,6"
			},
			{
				"time":"57842.6223",
				"band":"r",
				"e_magnitude":"0.0566",
				"magnitude":"17.9496",
				"observatory":"TRT-TNO0.5, Supachai",
				"u_time":"MJD",
				"source":"5,6"
			},
			{
				"time":"57842.6258",
				"band":"r",
				"e_magnitude":"0.0604",
				"magnitude":"17.8955",
				"observatory":"TRT-TNO0.5, Supachai",
				"u_time":"MJD",
				"source":"5,6"
			},
			{
				"time":"57842.6363",
				"band":"i",
				"e_magnitude":"0.1102",
				"magnitude":"17.3977",
				"observatory":"TRT-TNO0.5, Supachai",
				"u_time":"MJD",
				"source":"5,6"
			},
			{
				"time":"57842.6398",
				"band":"i",
				"e_magnitude":"0.0789",
				"magnitude":"16.6857",
				"observatory":"TRT-TNO0.5, Supachai",
				"u_time":"MJD",
				"source":"5,6"
			},
			{
				"time":"57842.7851",
				"band":"r",
				"e_magnitude":"0.0573",
				"magnitude":"17.9501",
				"observatory":"TRT-TNO0.5, Supachai",
				"u_time":"MJD",
				"source":"5,6"
			},
			{
				"time":"57842.7886",
				"band":"i",
				"e_magnitude":"0.0971",
				"magnitude":"17.4101",
				"observatory":"TRT-TNO0.5, Supachai",
				"u_time":"MJD",
				"source":"5,6"
			},
			{
				"time":"57842.7921",
				"band":"r",
				"e_magnitude":"0.0569",
				"magnitude":"18.0056",
				"observatory":"TRT-TNO0.5, Supachai",
				"u_time":"MJD",
				"source":"5,6"
			},
			{
				"time":"57842.7992",
				"band":"r",
				"e_magnitude":"0.0568",
				"magnitude":"17.994",
				"observatory":"TRT-TNO0.5, Supachai",
				"u_time":"MJD",
				"source":"5,6"
			},
			{
				"time":"57871.8824",
				"band":"r",
				"e_magnitude":"0.0171",
				"magnitude":"18.0661",
				"observatory":"Loiano, P.Iwanek",
				"u_time":"MJD",
				"source":"5,6"
			},
			{
				"time":"57871.9047",
				"band":"g",
				"e_magnitude":"0.0193",
				"magnitude":"18.6214",
				"observatory":"Loiano, P.Iwanek",
				"u_time":"MJD",
				"source":"5,6"
			},
			{
				"time":"57871.9148",
				"band":"i",
				"e_magnitude":"0.0205",
				"magnitude":"17.7559",
				"observatory":"Loiano, P.Iwanek",
				"u_time":"MJD",
				"source":"5,6"
			},
			{
				"time":"57871.925",
				"band":"g",
				"e_magnitude":"0.0194",
				"magnitude":"18.6244",
				"observatory":"Loiano, P.Iwanek",
				"u_time":"MJD",
				"source":"5,6"
			},
			{
				"time":"57871.9341",
				"band":"r",
				"e_magnitude":"0.0162",
				"magnitude":"18.0478",
				"observatory":"Loiano, P.Iwanek",
				"u_time":"MJD",
				"source":"5,6"
			},
			{
				"time":"57871.9415",
				"band":"i",
				"e_magnitude":"0.0213",
				"magnitude":"17.7416",
				"observatory":"Loiano, P.Iwanek",
				"u_time":"MJD",
				"source":"5,6"
			},
			{
				"time":"57871.9506",
				"band":"g",
				"e_magnitude":"0.0197",
				"magnitude":"18.6351",
				"observatory":"Loiano, P.Iwanek",
				"u_time":"MJD",
				"source":"5,6"
			},
			{
				"time":"57871.9597",
				"band":"r",
				"e_magnitude":"0.0167",
				"magnitude":"18.0906",
				"observatory":"Loiano, P.Iwanek",
				"u_time":"MJD",
				"source":"5,6"
			},
			{
				"time":"57871.9671",
				"band":"i",
				"e_magnitude":"0.0233",
				"magnitude":"17.7996",
				"observatory":"Loiano, P.Iwanek",
				"u_time":"MJD",
				"source":"5,6"
			},
			{
				"time":"57871.9763",
				"band":"g",
				"e_magnitude":"0.0207",
				"magnitude":"18.6463",
				"observatory":"Loiano, P.Iwanek",
				"u_time":"MJD",
				"source":"5,6"
			},
			{
				"time":"57871.9854",
				"band":"r",
				"e_magnitude":"0.0167",
				"magnitude":"18.0953",
				"observatory":"Loiano, P.Iwanek",
				"u_time":"MJD",
				"source":"5,6"
			},
			{
				"time":"57871.9928",
				"band":"i",
				"e_magnitude":"0.0243",
				"magnitude":"17.7773",
				"observatory":"Loiano, P.Iwanek",
				"u_time":"MJD",
				"source":"5,6"
			},
			{
				"time":"57872.003",
				"band":"g",
				"e_magnitude":"0.0221",
				"magnitude":"18.672",
				"observatory":"Loiano, P.Iwanek",
				"u_time":"MJD",
				"source":"5,6"
			},
			{
				"time":"57872.0122",
				"band":"r",
				"e_magnitude":"0.0191",
				"magnitude":"18.0776",
				"observatory":"Loiano, P.Iwanek",
				"u_time":"MJD",
				"source":"5,6"
			},
			{
				"time":"57872.0196",
				"band":"i",
				"e_magnitude":"0.0253",
				"magnitude":"17.7917",
				"observatory":"Loiano, P.Iwanek",
				"u_time":"MJD",
				"source":"5,6"
			},
			{
				"time":"57872.0287",
				"band":"g",
				"e_magnitude":"0.028",
				"magnitude":"18.6733",
				"observatory":"Loiano, P.Iwanek",
				"u_time":"MJD",
				"source":"5,6"
			},
			{
				"time":"57872.0378",
				"band":"r",
				"e_magnitude":"0.0205",
				"magnitude":"18.0945",
				"observatory":"Loiano, P.Iwanek",
				"u_time":"MJD",
				"source":"5,6"
			},
			{
				"time":"57872.0452",
				"band":"i",
				"e_magnitude":"0.0317",
				"magnitude":"17.8934",
				"observatory":"Loiano, P.Iwanek",
				"u_time":"MJD",
				"source":"5,6"
			},
			{
				"time":"57872.8045",
				"band":"g",
				"e_magnitude":"0.0805",
				"magnitude":"18.5591",
				"observatory":"Loiano, P.Iwanek",
				"u_time":"MJD",
				"source":"5,6"
			},
			{
				"time":"57872.8137",
				"band":"r",
				"e_magnitude":"0.0222",
				"magnitude":"18.0419",
				"observatory":"Loiano, P.Iwanek",
				"u_time":"MJD",
				"source":"5,6"
			},
			{
				"time":"57872.8211",
				"band":"i",
				"e_magnitude":"0.0246",
				"magnitude":"17.9315",
				"observatory":"Loiano, P.Iwanek",
				"u_time":"MJD",
				"source":"5,6"
			},
			{
				"time":"57872.8302",
				"band":"g",
				"e_magnitude":"0.0186",
				"magnitude":"18.6402",
				"observatory":"Loiano, P.Iwanek",
				"u_time":"MJD",
				"source":"5,6"
			},
			{
				"time":"57872.8424",
				"band":"g",
				"e_magnitude":"0.0158",
				"magnitude":"18.5512",
				"observatory":"Loiano, P.Iwanek",
				"u_time":"MJD",
				"source":"5,6"
			},
			{
				"time":"57872.8516",
				"band":"r",
				"e_magnitude":"0.0145",
				"magnitude":"18.0214",
				"observatory":"Loiano, P.Iwanek",
				"u_time":"MJD",
				"source":"5,6"
			},
			{
				"time":"57872.859",
				"band":"i",
				"e_magnitude":"0.0179",
				"magnitude":"17.7535",
				"observatory":"Loiano, P.Iwanek",
				"u_time":"MJD",
				"source":"5,6"
			},
			{
				"time":"57872.8681",
				"band":"g",
				"e_magnitude":"0.0163",
				"magnitude":"18.5495",
				"observatory":"Loiano, P.Iwanek",
				"u_time":"MJD",
				"source":"5,6"
			},
			{
				"time":"57872.8773",
				"band":"r",
				"e_magnitude":"0.0146",
				"magnitude":"18.0111",
				"observatory":"Loiano, P.Iwanek",
				"u_time":"MJD",
				"source":"5,6"
			},
			{
				"time":"57872.8847",
				"band":"i",
				"e_magnitude":"0.0176",
				"magnitude":"17.7094",
				"observatory":"Loiano, P.Iwanek",
				"u_time":"MJD",
				"source":"5,6"
			},
			{
				"time":"57872.8938",
				"band":"g",
				"e_magnitude":"0.0155",
				"magnitude":"18.5919",
				"observatory":"Loiano, P.Iwanek",
				"u_time":"MJD",
				"source":"5,6"
			},
			{
				"time":"57872.903",
				"band":"r",
				"e_magnitude":"0.0157",
				"magnitude":"18.006",
				"observatory":"Loiano, P.Iwanek",
				"u_time":"MJD",
				"source":"5,6"
			},
			{
				"time":"57872.9103",
				"band":"i",
				"e_magnitude":"0.0207",
				"magnitude":"17.8135",
				"observatory":"Loiano, P.Iwanek",
				"u_time":"MJD",
				"source":"5,6"
			}
		],
		"spectra":[
			{
				"time":"57804.2443866",
				"instrument":"EFOSC2-NTT",
				"observer":"C. Barbarino, A. Nyholm",
				"survey":"PESSTO",
				"telescope":"ESO-NTT",
				"u_fluxes":"erg/s/cm^2/Angstrom",
				"u_time":"MJD",
				"u_wavelengths":"Angstrom",
				"data":[
					[
						"3634.047852",
						"9.43944e-17"
					],
					[
						"3639.56578",
						"8.492e-17"
					],
					[
						"3645.083709",
						"7.48759e-17"
					],
					[
						"3650.601637",
						"7.9514e-17"
					],
					[
						"3656.119566",
						"9.9323e-17"
					],
					[
						"3661.637495",
						"1.23622e-16"
					],
					[
						"3667.155423",
						"1.45404e-16"
					],
					[
						"3672.673352",
						"1.57625e-16"
					],
					[
						"3678.19128",
						"1.4386e-16"
					],
					[
						"3683.709209",
						"1.50927e-16"
					],
					[
						"3689.227138",
						"1.41989e-16"
					],
					[
						"3694.745066",
						"1.59324e-16"
					],
					[
						"3700.262995",
						"1.48707e-16"
					],
					[
						"3705.780923",
						"1.18047e-16"
					],
					[
						"3711.298852",
						"1.4168e-16"
					],
					[
						"3716.816781",
						"1.29685e-16"
					],
					[
						"3722.334709",
						"1.18529e-16"
					],
					[
						"3727.852638",
						"1.24213e-16"
					],
					[
						"3733.370566",
						"1.16819e-16"
					],
					[
						"3738.888495",
						"1.26664e-16"
					],
					[
						"3744.406424",
						"1.17621e-16"
					],
					[
						"3749.924352",
						"1.29644e-16"
					],
					[
						"3755.442281",
						"1.48551e-16"
					],
					[
						"3760.960209",
						"1.46462e-16"
					],
					[
						"3766.478138",
						"1.17724e-16"
					],
					[
						"3771.996067",
						"1.2614e-16"
					],
					[
						"3777.513995",
						"1.12942e-16"
					],
					[
						"3783.031924",
						"1.37941e-16"
					],
					[
						"3788.549852",
						"1.28055e-16"
					],
					[
						"3794.067781",
						"1.59918e-16"
					],
					[
						"3799.58571",
						"1.44937e-16"
					],
					[
						"3805.103638",
						"1.24691e-16"
					],
					[
						"3810.621567",
						"1.21434e-16"
					],
					[
						"3816.139495",
						"1.11941e-16"
					],
					[
						"3821.657424",
						"1.31676e-16"
					],
					[
						"3827.175353",
						"1.43212e-16"
					],
					[
						"3832.693281",
						"1.43998e-16"
					],
					[
						"3838.21121",
						"1.26035e-16"
					],
					[
						"3843.729138",
						"1.28063e-16"
					],
					[
						"3849.247067",
						"1.36239e-16"
					],
					[
						"3854.764996",
						"1.47796e-16"
					],
					[
						"3860.282924",
						"1.3684e-16"
					],
					[
						"3865.800853",
						"1.3984e-16"
					],
					[
						"3871.318781",
						"1.44064e-16"
					],
					[
						"3876.83671",
						"1.30287e-16"
					],
					[
						"3882.354639",
						"1.36189e-16"
					],
					[
						"3887.872567",
						"1.57267e-16"
					],
					[
						"3893.390496",
						"1.42816e-16"
					],
					[
						"3898.908424",
						"1.62562e-16"
					],
					[
						"3904.426353",
						"1.40951e-16"
					],
					[
						"3909.944282",
						"1.36825e-16"
					],
					[
						"3915.46221",
						"1.48891e-16"
					],
					[
						"3920.980139",
						"1.28073e-16"
					],
					[
						"3926.498067",
						"1.38896e-16"
					],
					[
						"3932.015996",
						"1.23322e-16"
					],
					[
						"3937.533925",
						"1.33091e-16"
					],
					[
						"3943.051853",
						"1.26743e-16"
					],
					[
						"3948.569782",
						"1.2356e-16"
					],
					[
						"3954.08771",
						"1.22664e-16"
					],
					[
						"3959.605639",
						"1.3073e-16"
					],
					[
						"3965.123568",
						"1.29463e-16"
					],
					[
						"3970.641496",
						"1.11613e-16"
					],
					[
						"3976.159425",
						"1.62891e-16"
					],
					[
						"3981.677353",
						"1.49131e-16"
					],
					[
						"3987.195282",
						"1.1319e-16"
					],
					[
						"3992.713211",
						"1.31232e-16"
					],
					[
						"3998.231139",
						"1.18109e-16"
					],
					[
						"4003.749068",
						"1.43434e-16"
					],
					[
						"4009.266996",
						"1.39218e-16"
					],
					[
						"4014.784925",
						"1.29265e-16"
					],
					[
						"4020.302854",
						"1.30117e-16"
					],
					[
						"4025.820782",
						"1.19965e-16"
					],
					[
						"4031.338711",
						"1.27785e-16"
					],
					[
						"4036.856639",
						"1.25675e-16"
					],
					[
						"4042.374568",
						"1.28988e-16"
					],
					[
						"4047.892497",
						"1.06884e-16"
					],
					[
						"4053.410425",
						"1.31468e-16"
					],
					[
						"4058.928354",
						"1.36479e-16"
					],
					[
						"4064.446282",
						"1.29156e-16"
					],
					[
						"4069.964211",
						"1.28214e-16"
					],
					[
						"4075.48214",
						"1.34367e-16"
					],
					[
						"4081.000068",
						"1.24739e-16"
					],
					[
						"4086.517997",
						"1.40213e-16"
					],
					[
						"4092.035925",
						"1.3076e-16"
					],
					[
						"4097.553854",
						"1.23633e-16"
					],
					[
						"4103.071783",
						"1.22162e-16"
					],
					[
						"4108.589711",
						"1.02119e-16"
					],
					[
						"4114.10764",
						"1.22189e-16"
					],
					[
						"4119.625568",
						"1.15653e-16"
					],
					[
						"4125.143497",
						"1.35377e-16"
					],
					[
						"4130.661426",
						"1.43761e-16"
					],
					[
						"4136.179354",
						"1.25099e-16"
					],
					[
						"4141.697283",
						"1.43457e-16"
					],
					[
						"4147.215211",
						"1.27215e-16"
					],
					[
						"4152.73314",
						"1.34399e-16"
					],
					[
						"4158.251069",
						"1.22407e-16"
					],
					[
						"4163.768997",
						"1.23506e-16"
					],
					[
						"4169.286926",
						"1.23948e-16"
					],
					[
						"4174.804854",
						"1.22549e-16"
					],
					[
						"4180.322783",
						"1.13531e-16"
					],
					[
						"4185.840712",
						"1.10753e-16"
					],
					[
						"4191.35864",
						"1.28817e-16"
					],
					[
						"4196.876569",
						"1.29427e-16"
					],
					[
						"4202.394497",
						"1.2577e-16"
					],
					[
						"4207.912426",
						"1.11926e-16"
					],
					[
						"4213.430355",
						"1.22773e-16"
					],
					[
						"4218.948283",
						"1.27455e-16"
					],
					[
						"4224.466212",
						"1.14826e-16"
					],
					[
						"4229.98414",
						"1.29938e-16"
					],
					[
						"4235.502069",
						"1.26403e-16"
					],
					[
						"4241.019998",
						"1.16381e-16"
					],
					[
						"4246.537926",
						"1.12218e-16"
					],
					[
						"4252.055855",
						"1.07909e-16"
					],
					[
						"4257.573783",
						"1.00298e-16"
					],
					[
						"4263.091712",
						"1.13934e-16"
					],
					[
						"4268.609641",
						"1.14114e-16"
					],
					[
						"4274.127569",
						"1.06864e-16"
					],
					[
						"4279.645498",
						"1.05684e-16"
					],
					[
						"4285.163426",
						"1.17573e-16"
					],
					[
						"4290.681355",
						"1.03292e-16"
					],
					[
						"4296.199284",
						"1.12256e-16"
					],
					[
						"4301.717212",
						"1.13425e-16"
					],
					[
						"4307.235141",
						"1.11757e-16"
					],
					[
						"4312.753069",
						"1.12968e-16"
					],
					[
						"4318.270998",
						"9.50301e-17"
					],
					[
						"4323.788927",
						"1.03642e-16"
					],
					[
						"4329.306855",
						"1.18832e-16"
					],
					[
						"4334.824784",
						"8.96975e-17"
					],
					[
						"4340.342712",
						"1.06875e-16"
					],
					[
						"4345.860641",
						"1.09736e-16"
					],
					[
						"4351.37857",
						"9.93992e-17"
					],
					[
						"4356.896498",
						"1.05322e-16"
					],
					[
						"4362.414427",
						"9.60726e-17"
					],
					[
						"4367.932355",
						"9.18186e-17"
					],
					[
						"4373.450284",
						"9.77322e-17"
					],
					[
						"4378.968213",
						"1.00046e-16"
					],
					[
						"4384.486141",
						"9.60127e-17"
					],
					[
						"4390.00407",
						"1.03926e-16"
					],
					[
						"4395.521998",
						"9.78619e-17"
					],
					[
						"4401.039927",
						"9.84602e-17"
					],
					[
						"4406.557856",
						"9.67955e-17"
					],
					[
						"4412.075784",
						"1.04377e-16"
					],
					[
						"4417.593713",
						"9.80785e-17"
					],
					[
						"4423.111641",
						"1.1182e-16"
					],
					[
						"4428.62957",
						"9.41557e-17"
					],
					[
						"4434.147499",
						"9.11199e-17"
					],
					[
						"4439.665427",
						"9.69838e-17"
					],
					[
						"4445.183356",
						"1.07287e-16"
					],
					[
						"4450.701284",
						"9.90858e-17"
					],
					[
						"4456.219213",
						"8.68586e-17"
					],
					[
						"4461.737142",
						"8.37657e-17"
					],
					[
						"4467.25507",
						"9.08061e-17"
					],
					[
						"4472.772999",
						"8.37512e-17"
					],
					[
						"4478.290927",
						"9.53064e-17"
					],
					[
						"4483.808856",
						"1.00539e-16"
					],
					[
						"4489.326785",
						"1.00866e-16"
					],
					[
						"4494.844713",
						"1.00104e-16"
					],
					[
						"4500.362642",
						"1.02757e-16"
					],
					[
						"4505.88057",
						"1.02251e-16"
					],
					[
						"4511.398499",
						"9.21788e-17"
					],
					[
						"4516.916428",
						"1.04715e-16"
					],
					[
						"4522.434356",
						"9.94668e-17"
					],
					[
						"4527.952285",
						"9.67167e-17"
					],
					[
						"4533.470213",
						"1.00963e-16"
					],
					[
						"4538.988142",
						"1.02618e-16"
					],
					[
						"4544.506071",
						"1.01146e-16"
					],
					[
						"4550.023999",
						"1.09938e-16"
					],
					[
						"4555.541928",
						"1.07496e-16"
					],
					[
						"4561.059856",
						"1.00913e-16"
					],
					[
						"4566.577785",
						"9.51702e-17"
					],
					[
						"4572.095714",
						"8.82752e-17"
					],
					[
						"4577.613642",
						"9.30449e-17"
					],
					[
						"4583.131571",
						"9.94937e-17"
					],
					[
						"4588.649499",
						"8.09489e-17"
					],
					[
						"4594.167428",
						"1.08633e-16"
					],
					[
						"4599.685357",
						"1.0803e-16"
					],
					[
						"4605.203285",
						"1.043e-16"
					],
					[
						"4610.721214",
						"1.13981e-16"
					],
					[
						"4616.239142",
						"1.10394e-16"
					],
					[
						"4621.757071",
						"1.02393e-16"
					],
					[
						"4627.275",
						"9.73653e-17"
					],
					[
						"4632.792928",
						"9.47174e-17"
					],
					[
						"4638.310857",
						"1.03109e-16"
					],
					[
						"4643.828785",
						"1.05859e-16"
					],
					[
						"4649.346714",
						"1.03908e-16"
					],
					[
						"4654.864643",
						"1.10144e-16"
					],
					[
						"4660.382571",
						"9.78687e-17"
					],
					[
						"4665.9005",
						"1.02385e-16"
					],
					[
						"4671.418428",
						"1.11245e-16"
					],
					[
						"4676.936357",
						"1.06631e-16"
					],
					[
						"4682.454286",
						"1.05982e-16"
					],
					[
						"4687.972214",
						"9.33007e-17"
					],
					[
						"4693.490143",
						"9.18452e-17"
					],
					[
						"4699.008071",
						"9.55765e-17"
					],
					[
						"4704.526",
						"1.10955e-16"
					],
					[
						"4710.043929",
						"1.05596e-16"
					],
					[
						"4715.561857",
						"1.03749e-16"
					],
					[
						"4721.079786",
						"1.03259e-16"
					],
					[
						"4726.597714",
						"9.76619e-17"
					],
					[
						"4732.115643",
						"9.90996e-17"
					],
					[
						"4737.633572",
						"1.00668e-16"
					],
					[
						"4743.1515",
						"1.01105e-16"
					],
					[
						"4748.669429",
						"9.18909e-17"
					],
					[
						"4754.187357",
						"9.40921e-17"
					],
					[
						"4759.705286",
						"9.88491e-17"
					],
					[
						"4765.223215",
						"9.10403e-17"
					],
					[
						"4770.741143",
						"8.98157e-17"
					],
					[
						"4776.259072",
						"9.60666e-17"
					],
					[
						"4781.777",
						"9.14072e-17"
					],
					[
						"4787.294929",
						"9.58503e-17"
					],
					[
						"4792.812858",
						"1.03338e-16"
					],
					[
						"4798.330786",
						"9.66052e-17"
					],
					[
						"4803.848715",
						"1.02933e-16"
					],
					[
						"4809.366643",
						"9.55855e-17"
					],
					[
						"4814.884572",
						"1.08575e-16"
					],
					[
						"4820.402501",
						"1.01673e-16"
					],
					[
						"4825.920429",
						"9.57086e-17"
					],
					[
						"4831.438358",
						"9.80424e-17"
					],
					[
						"4836.956286",
						"9.06253e-17"
					],
					[
						"4842.474215",
						"9.10719e-17"
					],
					[
						"4847.992144",
						"9.68232e-17"
					],
					[
						"4853.510072",
						"8.21403e-17"
					],
					[
						"4859.028001",
						"8.99747e-17"
					],
					[
						"4864.545929",
						"1.01886e-16"
					],
					[
						"4870.063858",
						"9.9078e-17"
					],
					[
						"4875.581787",
						"8.93939e-17"
					],
					[
						"4881.099715",
						"1.02098e-16"
					],
					[
						"4886.617644",
						"8.67285e-17"
					],
					[
						"4892.135572",
						"9.17762e-17"
					],
					[
						"4897.653501",
						"9.67169e-17"
					],
					[
						"4903.17143",
						"9.4081e-17"
					],
					[
						"4908.689358",
						"1.10779e-16"
					],
					[
						"4914.207287",
						"1.11296e-16"
					],
					[
						"4919.725215",
						"1.07995e-16"
					],
					[
						"4925.243144",
						"1.07609e-16"
					],
					[
						"4930.761073",
						"1.18987e-16"
					],
					[
						"4936.279001",
						"1.09753e-16"
					],
					[
						"4941.79693",
						"1.0403e-16"
					],
					[
						"4947.314858",
						"1.11032e-16"
					],
					[
						"4952.832787",
						"1.06418e-16"
					],
					[
						"4958.350716",
						"9.91606e-17"
					],
					[
						"4963.868644",
						"9.81829e-17"
					],
					[
						"4969.386573",
						"1.05072e-16"
					],
					[
						"4974.904501",
						"9.55445e-17"
					],
					[
						"4980.42243",
						"9.19191e-17"
					],
					[
						"4985.940359",
						"9.73446e-17"
					],
					[
						"4991.458287",
						"1.06822e-16"
					],
					[
						"4996.976216",
						"9.51469e-17"
					],
					[
						"5002.494144",
						"1.05123e-16"
					],
					[
						"5008.012073",
						"9.82348e-17"
					],
					[
						"5013.530002",
						"1.00512e-16"
					],
					[
						"5019.04793",
						"1.11137e-16"
					],
					[
						"5024.565859",
						"1.04601e-16"
					],
					[
						"5030.083787",
						"9.61627e-17"
					],
					[
						"5035.601716",
						"1.05985e-16"
					],
					[
						"5041.119645",
						"1.09556e-16"
					],
					[
						"5046.637573",
						"1.0743e-16"
					],
					[
						"5052.155502",
						"1.05501e-16"
					],
					[
						"5057.67343",
						"1.05371e-16"
					],
					[
						"5063.191359",
						"1.07227e-16"
					],
					[
						"5068.709288",
						"1.06571e-16"
					],
					[
						"5074.227216",
						"1.09865e-16"
					],
					[
						"5079.745145",
						"8.69869e-17"
					],
					[
						"5085.263073",
						"1.05742e-16"
					],
					[
						"5090.781002",
						"9.60759e-17"
					],
					[
						"5096.298931",
						"9.52983e-17"
					],
					[
						"5101.816859",
						"9.0584e-17"
					],
					[
						"5107.334788",
						"1.01375e-16"
					],
					[
						"5112.852716",
						"1.04017e-16"
					],
					[
						"5118.370645",
						"9.5835e-17"
					],
					[
						"5123.888574",
						"9.92292e-17"
					],
					[
						"5129.406502",
						"1.01527e-16"
					],
					[
						"5134.924431",
						"8.81358e-17"
					],
					[
						"5140.442359",
						"9.15951e-17"
					],
					[
						"5145.960288",
						"9.69905e-17"
					],
					[
						"5151.478217",
						"9.95025e-17"
					],
					[
						"5156.996145",
						"9.66136e-17"
					],
					[
						"5162.514074",
						"9.21608e-17"
					],
					[
						"5168.032002",
						"9.38559e-17"
					],
					[
						"5173.549931",
						"9.53317e-17"
					],
					[
						"5179.06786",
						"1.04981e-16"
					],
					[
						"5184.585788",
						"9.62722e-17"
					],
					[
						"5190.103717",
						"9.6811e-17"
					],
					[
						"5195.621645",
						"1.05019e-16"
					],
					[
						"5201.139574",
						"1.06578e-16"
					],
					[
						"5206.657503",
						"1.0572e-16"
					],
					[
						"5212.175431",
						"9.84259e-17"
					],
					[
						"5217.69336",
						"1.08923e-16"
					],
					[
						"5223.211288",
						"1.04371e-16"
					],
					[
						"5228.729217",
						"1.05509e-16"
					],
					[
						"5234.247146",
						"1.05647e-16"
					],
					[
						"5239.765074",
						"1.07726e-16"
					],
					[
						"5245.283003",
						"1.20577e-16"
					],
					[
						"5250.800931",
						"1.11942e-16"
					],
					[
						"5256.31886",
						"9.97392e-17"
					],
					[
						"5261.836789",
						"1.04453e-16"
					],
					[
						"5267.354717",
						"9.98116e-17"
					],
					[
						"5272.872646",
						"1.14537e-16"
					],
					[
						"5278.390574",
						"1.02392e-16"
					],
					[
						"5283.908503",
						"1.05301e-16"
					],
					[
						"5289.426432",
						"9.94897e-17"
					],
					[
						"5294.94436",
						"1.05148e-16"
					],
					[
						"5300.462289",
						"1.13841e-16"
					],
					[
						"5305.980217",
						"1.14078e-16"
					],
					[
						"5311.498146",
						"9.90068e-17"
					],
					[
						"5317.016075",
						"1.17849e-16"
					],
					[
						"5322.534003",
						"1.10272e-16"
					],
					[
						"5328.051932",
						"1.14374e-16"
					],
					[
						"5333.56986",
						"1.11286e-16"
					],
					[
						"5339.087789",
						"1.12652e-16"
					],
					[
						"5344.605718",
						"1.04212e-16"
					],
					[
						"5350.123646",
						"9.96485e-17"
					],
					[
						"5355.641575",
						"1.13456e-16"
					],
					[
						"5361.159503",
						"1.10257e-16"
					],
					[
						"5366.677432",
						"1.09474e-16"
					],
					[
						"5372.195361",
						"1.14553e-16"
					],
					[
						"5377.713289",
						"1.20447e-16"
					],
					[
						"5383.231218",
						"1.09744e-16"
					],
					[
						"5388.749146",
						"1.12568e-16"
					],
					[
						"5394.267075",
						"1.15593e-16"
					],
					[
						"5399.785004",
						"1.19991e-16"
					],
					[
						"5405.302932",
						"1.25018e-16"
					],
					[
						"5410.820861",
						"1.2988e-16"
					],
					[
						"5416.338789",
						"1.30651e-16"
					],
					[
						"5421.856718",
						"1.39891e-16"
					],
					[
						"5427.374647",
						"1.44846e-16"
					],
					[
						"5432.892575",
						"1.29056e-16"
					],
					[
						"5438.410504",
						"1.28551e-16"
					],
					[
						"5443.928432",
						"1.41531e-16"
					],
					[
						"5449.446361",
						"1.26169e-16"
					],
					[
						"5454.96429",
						"1.43446e-16"
					],
					[
						"5460.482218",
						"1.35431e-16"
					],
					[
						"5466.000147",
						"1.37417e-16"
					],
					[
						"5471.518075",
						"1.52242e-16"
					],
					[
						"5477.036004",
						"1.489e-16"
					],
					[
						"5482.553933",
						"1.44978e-16"
					],
					[
						"5488.071861",
						"1.489e-16"
					],
					[
						"5493.58979",
						"1.3583e-16"
					],
					[
						"5499.107718",
						"1.59701e-16"
					],
					[
						"5504.625647",
						"1.48127e-16"
					],
					[
						"5510.143576",
						"1.43436e-16"
					],
					[
						"5515.661504",
						"1.57136e-16"
					],
					[
						"5521.179433",
						"1.47694e-16"
					],
					[
						"5526.697361",
						"1.24938e-16"
					],
					[
						"5532.21529",
						"1.3333e-16"
					],
					[
						"5537.733219",
						"1.14443e-16"
					],
					[
						"5543.251147",
						"1.24949e-16"
					],
					[
						"5548.769076",
						"1.32119e-16"
					],
					[
						"5554.287004",
						"1.28078e-16"
					],
					[
						"5559.804933",
						"1.23321e-16"
					],
					[
						"5565.322862",
						"1.34057e-16"
					],
					[
						"5570.84079",
						"1.33495e-16"
					],
					[
						"5576.358719",
						"1.17823e-16"
					],
					[
						"5581.876647",
						"1.19568e-16"
					],
					[
						"5587.394576",
						"1.19088e-16"
					],
					[
						"5592.912505",
						"1.26249e-16"
					],
					[
						"5598.430433",
						"1.40843e-16"
					],
					[
						"5603.948362",
						"1.34942e-16"
					],
					[
						"5609.46629",
						"1.38639e-16"
					],
					[
						"5614.984219",
						"1.44803e-16"
					],
					[
						"5620.502148",
						"1.43347e-16"
					],
					[
						"5626.020076",
						"1.44546e-16"
					],
					[
						"5631.538005",
						"1.35794e-16"
					],
					[
						"5637.055933",
						"1.12063e-16"
					],
					[
						"5642.573862",
						"1.36197e-16"
					],
					[
						"5648.091791",
						"1.28551e-16"
					],
					[
						"5653.609719",
						"1.10209e-16"
					],
					[
						"5659.127648",
						"1.29965e-16"
					],
					[
						"5664.645576",
						"1.19589e-16"
					],
					[
						"5670.163505",
						"1.20908e-16"
					],
					[
						"5675.681434",
						"1.49817e-16"
					],
					[
						"5681.199362",
						"1.3066e-16"
					],
					[
						"5686.717291",
						"1.30199e-16"
					],
					[
						"5692.235219",
						"1.13658e-16"
					],
					[
						"5697.753148",
						"1.02112e-16"
					],
					[
						"5703.271077",
						"1.08854e-16"
					],
					[
						"5708.789005",
						"1.04498e-16"
					],
					[
						"5714.306934",
						"9.99921e-17"
					],
					[
						"5719.824862",
						"9.62901e-17"
					],
					[
						"5725.342791",
						"9.62356e-17"
					],
					[
						"5730.86072",
						"9.36686e-17"
					],
					[
						"5736.378648",
						"9.56379e-17"
					],
					[
						"5741.896577",
						"8.9582e-17"
					],
					[
						"5747.414505",
						"9.01913e-17"
					],
					[
						"5752.932434",
						"8.95182e-17"
					],
					[
						"5758.450363",
						"9.70325e-17"
					],
					[
						"5763.968291",
						"9.84159e-17"
					],
					[
						"5769.48622",
						"8.59023e-17"
					],
					[
						"5775.004148",
						"9.85539e-17"
					],
					[
						"5780.522077",
						"9.14628e-17"
					],
					[
						"5786.040006",
						"8.46688e-17"
					],
					[
						"5791.557934",
						"9.49046e-17"
					],
					[
						"5797.075863",
						"9.29454e-17"
					],
					[
						"5802.593791",
						"9.3241e-17"
					],
					[
						"5808.11172",
						"9.61353e-17"
					],
					[
						"5813.629649",
						"9.5767e-17"
					],
					[
						"5819.147577",
						"9.61178e-17"
					],
					[
						"5824.665506",
						"8.965e-17"
					],
					[
						"5830.183434",
						"8.61588e-17"
					],
					[
						"5835.701363",
						"8.61165e-17"
					],
					[
						"5841.219292",
						"8.08231e-17"
					],
					[
						"5846.73722",
						"8.16685e-17"
					],
					[
						"5852.255149",
						"9.07323e-17"
					],
					[
						"5857.773077",
						"9.73904e-17"
					],
					[
						"5863.291006",
						"8.26295e-17"
					],
					[
						"5868.808935",
						"8.40966e-17"
					],
					[
						"5874.326863",
						"8.03584e-17"
					],
					[
						"5879.844792",
						"7.87328e-17"
					],
					[
						"5885.36272",
						"8.62512e-17"
					],
					[
						"5890.880649",
						"8.72481e-17"
					],
					[
						"5896.398578",
						"9.41543e-17"
					],
					[
						"5901.916506",
						"9.56295e-17"
					],
					[
						"5907.434435",
						"8.52546e-17"
					],
					[
						"5912.952363",
						"8.77434e-17"
					],
					[
						"5918.470292",
						"8.51268e-17"
					],
					[
						"5923.988221",
						"9.14162e-17"
					],
					[
						"5929.506149",
						"7.97497e-17"
					],
					[
						"5935.024078",
						"8.46359e-17"
					],
					[
						"5940.542006",
						"9.22929e-17"
					],
					[
						"5946.059935",
						"8.39062e-17"
					],
					[
						"5951.577864",
						"8.57469e-17"
					],
					[
						"5957.095792",
						"8.7288e-17"
					],
					[
						"5962.613721",
						"9.38241e-17"
					],
					[
						"5968.131649",
						"8.98619e-17"
					],
					[
						"5973.649578",
						"8.99221e-17"
					],
					[
						"5979.167507",
						"9.03582e-17"
					],
					[
						"5984.685435",
						"8.62763e-17"
					],
					[
						"5990.203364",
						"9.05207e-17"
					],
					[
						"5995.721293",
						"9.54378e-17"
					],
					[
						"6001.239221",
						"9.91315e-17"
					],
					[
						"6006.75715",
						"9.48384e-17"
					],
					[
						"6012.275078",
						"9.5292e-17"
					],
					[
						"6017.793007",
						"9.87136e-17"
					],
					[
						"6023.310935",
						"8.80752e-17"
					],
					[
						"6028.828864",
						"9.15627e-17"
					],
					[
						"6034.346793",
						"8.63343e-17"
					],
					[
						"6039.864721",
						"8.91652e-17"
					],
					[
						"6045.38265",
						"8.97953e-17"
					],
					[
						"6050.900578",
						"8.25113e-17"
					],
					[
						"6056.418507",
						"8.64124e-17"
					],
					[
						"6061.936436",
						"9.29015e-17"
					],
					[
						"6067.454364",
						"9.15732e-17"
					],
					[
						"6072.972293",
						"1.01996e-16"
					],
					[
						"6078.490222",
						"1.04892e-16"
					],
					[
						"6084.00815",
						"9.14434e-17"
					],
					[
						"6089.526079",
						"9.64353e-17"
					],
					[
						"6095.044007",
						"8.29613e-17"
					],
					[
						"6100.561936",
						"9.549e-17"
					],
					[
						"6106.079865",
						"9.38091e-17"
					],
					[
						"6111.597793",
						"8.96421e-17"
					],
					[
						"6117.115722",
						"9.43909e-17"
					],
					[
						"6122.63365",
						"8.70122e-17"
					],
					[
						"6128.151579",
						"1.01889e-16"
					],
					[
						"6133.669507",
						"8.61833e-17"
					],
					[
						"6139.187436",
						"8.58674e-17"
					],
					[
						"6144.705365",
						"1.02872e-16"
					],
					[
						"6150.223293",
						"9.76662e-17"
					],
					[
						"6155.741222",
						"9.46054e-17"
					],
					[
						"6161.259151",
						"8.8882e-17"
					],
					[
						"6166.777079",
						"9.26592e-17"
					],
					[
						"6172.295008",
						"9.43026e-17"
					],
					[
						"6177.812936",
						"8.61498e-17"
					],
					[
						"6183.330865",
						"1.00413e-16"
					],
					[
						"6188.848794",
						"9.31253e-17"
					],
					[
						"6194.366722",
						"1.01814e-16"
					],
					[
						"6199.884651",
						"8.16839e-17"
					],
					[
						"6205.402579",
						"9.57821e-17"
					],
					[
						"6210.920508",
						"9.42645e-17"
					],
					[
						"6216.438437",
						"8.68568e-17"
					],
					[
						"6221.956365",
						"9.53652e-17"
					],
					[
						"6227.474294",
						"9.49957e-17"
					],
					[
						"6232.992222",
						"8.96645e-17"
					],
					[
						"6238.510151",
						"8.93823e-17"
					],
					[
						"6244.02808",
						"9.34826e-17"
					],
					[
						"6249.546008",
						"9.08925e-17"
					],
					[
						"6255.063937",
						"8.63019e-17"
					],
					[
						"6260.581865",
						"9.91295e-17"
					],
					[
						"6266.099794",
						"9.34941e-17"
					],
					[
						"6271.617723",
						"8.07551e-17"
					],
					[
						"6277.135651",
						"9.21572e-17"
					],
					[
						"6282.65358",
						"8.87208e-17"
					],
					[
						"6288.171508",
						"8.14177e-17"
					],
					[
						"6293.689437",
						"9.31939e-17"
					],
					[
						"6299.207366",
						"9.51881e-17"
					],
					[
						"6304.725294",
						"9.72775e-17"
					],
					[
						"6310.243223",
						"9.57515e-17"
					],
					[
						"6315.761151",
						"9.19544e-17"
					],
					[
						"6321.27908",
						"8.16e-17"
					],
					[
						"6326.797009",
						"9.11957e-17"
					],
					[
						"6332.314937",
						"9.19702e-17"
					],
					[
						"6337.832866",
						"9.18932e-17"
					],
					[
						"6343.350794",
						"9.51315e-17"
					],
					[
						"6348.868723",
						"9.06243e-17"
					],
					[
						"6354.386652",
						"9.45683e-17"
					],
					[
						"6359.90458",
						"7.89665e-17"
					],
					[
						"6365.422509",
						"8.7999e-17"
					],
					[
						"6370.940437",
						"9.32746e-17"
					],
					[
						"6376.458366",
						"1.00203e-16"
					],
					[
						"6381.976295",
						"8.95627e-17"
					],
					[
						"6387.494223",
						"9.86528e-17"
					],
					[
						"6393.012152",
						"9.43655e-17"
					],
					[
						"6398.53008",
						"8.70863e-17"
					],
					[
						"6404.048009",
						"1.04849e-16"
					],
					[
						"6409.565938",
						"9.35976e-17"
					],
					[
						"6415.083866",
						"9.11624e-17"
					],
					[
						"6420.601795",
						"9.12997e-17"
					],
					[
						"6426.119723",
						"9.36134e-17"
					],
					[
						"6431.637652",
						"8.72378e-17"
					],
					[
						"6437.155581",
						"9.14205e-17"
					],
					[
						"6442.673509",
						"9.61448e-17"
					],
					[
						"6448.191438",
						"8.81842e-17"
					],
					[
						"6453.709366",
						"8.71905e-17"
					],
					[
						"6459.227295",
						"8.57509e-17"
					],
					[
						"6464.745224",
						"9.15479e-17"
					],
					[
						"6470.263152",
						"9.10929e-17"
					],
					[
						"6475.781081",
						"8.51706e-17"
					],
					[
						"6481.299009",
						"9.17499e-17"
					],
					[
						"6486.816938",
						"9.92336e-17"
					],
					[
						"6492.334867",
						"1.03469e-16"
					],
					[
						"6497.852795",
						"9.66358e-17"
					],
					[
						"6503.370724",
						"8.12605e-17"
					],
					[
						"6508.888652",
						"8.65545e-17"
					],
					[
						"6514.406581",
						"8.95432e-17"
					],
					[
						"6519.92451",
						"8.82242e-17"
					],
					[
						"6525.442438",
						"1.02871e-16"
					],
					[
						"6530.960367",
						"1.02306e-16"
					],
					[
						"6536.478295",
						"8.66913e-17"
					],
					[
						"6541.996224",
						"1.02213e-16"
					],
					[
						"6547.514153",
						"9.60798e-17"
					],
					[
						"6553.032081",
						"8.66344e-17"
					],
					[
						"6558.55001",
						"9.38453e-17"
					],
					[
						"6564.067938",
						"9.20701e-17"
					],
					[
						"6569.585867",
						"9.32334e-17"
					],
					[
						"6575.103796",
						"8.75753e-17"
					],
					[
						"6580.621724",
						"8.87962e-17"
					],
					[
						"6586.139653",
						"9.39838e-17"
					],
					[
						"6591.657581",
						"8.91528e-17"
					],
					[
						"6597.17551",
						"9.12687e-17"
					],
					[
						"6602.693439",
						"8.41622e-17"
					],
					[
						"6608.211367",
						"8.11565e-17"
					],
					[
						"6613.729296",
						"1.0204e-16"
					],
					[
						"6619.247224",
						"9.07987e-17"
					],
					[
						"6624.765153",
						"9.72959e-17"
					],
					[
						"6630.283082",
						"1.01324e-16"
					],
					[
						"6635.80101",
						"9.78827e-17"
					],
					[
						"6641.318939",
						"9.57054e-17"
					],
					[
						"6646.836867",
						"9.1233e-17"
					],
					[
						"6652.354796",
						"9.3507e-17"
					],
					[
						"6657.872725",
						"9.75973e-17"
					],
					[
						"6663.390653",
						"9.69908e-17"
					],
					[
						"6668.908582",
						"9.35733e-17"
					],
					[
						"6674.42651",
						"9.20576e-17"
					],
					[
						"6679.944439",
						"9.85092e-17"
					],
					[
						"6685.462368",
						"9.71539e-17"
					],
					[
						"6690.980296",
						"9.37237e-17"
					],
					[
						"6696.498225",
						"9.67455e-17"
					],
					[
						"6702.016153",
						"9.7621e-17"
					],
					[
						"6707.534082",
						"9.30824e-17"
					],
					[
						"6713.052011",
						"8.37485e-17"
					],
					[
						"6718.569939",
						"9.79478e-17"
					],
					[
						"6724.087868",
						"9.24222e-17"
					],
					[
						"6729.605796",
						"8.38923e-17"
					],
					[
						"6735.123725",
						"8.74026e-17"
					],
					[
						"6740.641654",
						"9.40307e-17"
					],
					[
						"6746.159582",
						"9.5056e-17"
					],
					[
						"6751.677511",
						"8.82808e-17"
					],
					[
						"6757.195439",
						"9.48262e-17"
					],
					[
						"6762.713368",
						"9.51506e-17"
					],
					[
						"6768.231297",
						"7.60997e-17"
					],
					[
						"6773.749225",
						"9.127e-17"
					],
					[
						"6779.267154",
						"8.26237e-17"
					],
					[
						"6784.785082",
						"9.48557e-17"
					],
					[
						"6790.303011",
						"9.98127e-17"
					],
					[
						"6795.82094",
						"8.82017e-17"
					],
					[
						"6801.338868",
						"9.34071e-17"
					],
					[
						"6806.856797",
						"8.89671e-17"
					],
					[
						"6812.374725",
						"9.34079e-17"
					],
					[
						"6817.892654",
						"8.99062e-17"
					],
					[
						"6823.410583",
						"9.18757e-17"
					],
					[
						"6828.928511",
						"9.57798e-17"
					],
					[
						"6834.44644",
						"9.94896e-17"
					],
					[
						"6839.964368",
						"9.75349e-17"
					],
					[
						"6845.482297",
						"9.60219e-17"
					],
					[
						"6851.000226",
						"9.14744e-17"
					],
					[
						"6856.518154",
						"9.9211e-17"
					],
					[
						"6862.036083",
						"9.18317e-17"
					],
					[
						"6867.554011",
						"7.16851e-17"
					],
					[
						"6873.07194",
						"7.63496e-17"
					],
					[
						"6878.589869",
						"7.86642e-17"
					],
					[
						"6884.107797",
						"8.42623e-17"
					],
					[
						"6889.625726",
						"7.58355e-17"
					],
					[
						"6895.143654",
						"7.92188e-17"
					],
					[
						"6900.661583",
						"7.99875e-17"
					],
					[
						"6906.179512",
						"8.71407e-17"
					],
					[
						"6911.69744",
						"8.71394e-17"
					],
					[
						"6917.215369",
						"8.36039e-17"
					],
					[
						"6922.733297",
						"9.84113e-17"
					],
					[
						"6928.251226",
						"8.64832e-17"
					],
					[
						"6933.769155",
						"8.97237e-17"
					],
					[
						"6939.287083",
						"9.28411e-17"
					],
					[
						"6944.805012",
						"8.68161e-17"
					],
					[
						"6950.32294",
						"8.39065e-17"
					],
					[
						"6955.840869",
						"8.75621e-17"
					],
					[
						"6961.358798",
						"8.36378e-17"
					],
					[
						"6966.876726",
						"8.87703e-17"
					],
					[
						"6972.394655",
						"9.06135e-17"
					],
					[
						"6977.912583",
						"9.42317e-17"
					],
					[
						"6983.430512",
						"8.07376e-17"
					],
					[
						"6988.948441",
						"7.79803e-17"
					],
					[
						"6994.466369",
						"7.93657e-17"
					],
					[
						"6999.984298",
						"7.02267e-17"
					],
					[
						"7005.502226",
						"8.30765e-17"
					],
					[
						"7011.020155",
						"9.33861e-17"
					],
					[
						"7016.538084",
						"9.07095e-17"
					],
					[
						"7022.056012",
						"8.3031e-17"
					],
					[
						"7027.573941",
						"8.19106e-17"
					],
					[
						"7033.091869",
						"9.04554e-17"
					],
					[
						"7038.609798",
						"9.30362e-17"
					],
					[
						"7044.127727",
						"9.08471e-17"
					],
					[
						"7049.645655",
						"8.52279e-17"
					],
					[
						"7055.163584",
						"9.31995e-17"
					],
					[
						"7060.681512",
						"8.97176e-17"
					],
					[
						"7066.199441",
						"9.06206e-17"
					],
					[
						"7071.71737",
						"9.28772e-17"
					],
					[
						"7077.235298",
						"9.39605e-17"
					],
					[
						"7082.753227",
						"8.59686e-17"
					],
					[
						"7088.271155",
						"9.55683e-17"
					],
					[
						"7093.789084",
						"8.58432e-17"
					],
					[
						"7099.307013",
						"8.6431e-17"
					],
					[
						"7104.824941",
						"9.00673e-17"
					],
					[
						"7110.34287",
						"9.84629e-17"
					],
					[
						"7115.860798",
						"1.06071e-16"
					],
					[
						"7121.378727",
						"9.49107e-17"
					],
					[
						"7126.896656",
						"9.67716e-17"
					],
					[
						"7132.414584",
						"1.01508e-16"
					],
					[
						"7137.932513",
						"1.03935e-16"
					],
					[
						"7143.450441",
						"1.18395e-16"
					],
					[
						"7148.96837",
						"1.1685e-16"
					],
					[
						"7154.486299",
						"1.10084e-16"
					],
					[
						"7160.004227",
						"1.06871e-16"
					],
					[
						"7165.522156",
						"1.03086e-16"
					],
					[
						"7171.040084",
						"9.60902e-17"
					],
					[
						"7176.558013",
						"8.46266e-17"
					],
					[
						"7182.075942",
						"7.91383e-17"
					],
					[
						"7187.59387",
						"8.37673e-17"
					],
					[
						"7193.111799",
						"9.07872e-17"
					],
					[
						"7198.629727",
						"8.26723e-17"
					],
					[
						"7204.147656",
						"8.34562e-17"
					],
					[
						"7209.665585",
						"8.9551e-17"
					],
					[
						"7215.183513",
						"9.21367e-17"
					],
					[
						"7220.701442",
						"1.03097e-16"
					],
					[
						"7226.21937",
						"9.82535e-17"
					],
					[
						"7231.737299",
						"1.01868e-16"
					],
					[
						"7237.255228",
						"1.00799e-16"
					],
					[
						"7242.773156",
						"1.06763e-16"
					],
					[
						"7248.291085",
						"1.04101e-16"
					],
					[
						"7253.809013",
						"9.91564e-17"
					],
					[
						"7259.326942",
						"1.03584e-16"
					],
					[
						"7264.844871",
						"1.15965e-16"
					],
					[
						"7270.362799",
						"1.31728e-16"
					],
					[
						"7275.880728",
						"1.17702e-16"
					],
					[
						"7281.398656",
						"1.30657e-16"
					],
					[
						"7286.916585",
						"1.27941e-16"
					],
					[
						"7292.434514",
						"1.23534e-16"
					],
					[
						"7297.952442",
						"1.37495e-16"
					],
					[
						"7303.470371",
						"1.4532e-16"
					],
					[
						"7308.988299",
						"1.51777e-16"
					],
					[
						"7314.506228",
						"1.64541e-16"
					],
					[
						"7320.024157",
						"1.6172e-16"
					],
					[
						"7325.542085",
						"1.64124e-16"
					],
					[
						"7331.060014",
						"1.88494e-16"
					],
					[
						"7336.577942",
						"2.08978e-16"
					],
					[
						"7342.095871",
						"2.07763e-16"
					],
					[
						"7347.6138",
						"2.0252e-16"
					],
					[
						"7353.131728",
						"2.15346e-16"
					],
					[
						"7358.649657",
						"2.07255e-16"
					],
					[
						"7364.167585",
						"2.40554e-16"
					],
					[
						"7369.685514",
						"2.47579e-16"
					],
					[
						"7375.203443",
						"2.26504e-16"
					],
					[
						"7380.721371",
						"2.52521e-16"
					],
					[
						"7386.2393",
						"2.67815e-16"
					],
					[
						"7391.757228",
						"2.95671e-16"
					],
					[
						"7397.275157",
						"3.20645e-16"
					],
					[
						"7402.793086",
						"3.58015e-16"
					],
					[
						"7408.311014",
						"3.65484e-16"
					],
					[
						"7413.828943",
						"3.99752e-16"
					],
					[
						"7419.346871",
						"4.00495e-16"
					],
					[
						"7424.8648",
						"4.0259e-16"
					],
					[
						"7430.382729",
						"3.92291e-16"
					],
					[
						"7435.900657",
						"3.81468e-16"
					],
					[
						"7441.418586",
						"3.91512e-16"
					],
					[
						"7446.936514",
						"3.90973e-16"
					],
					[
						"7452.454443",
						"3.64582e-16"
					],
					[
						"7457.972372",
						"3.14576e-16"
					],
					[
						"7463.4903",
						"2.77409e-16"
					],
					[
						"7469.008229",
						"2.75004e-16"
					],
					[
						"7474.526157",
						"2.6315e-16"
					],
					[
						"7480.044086",
						"2.46552e-16"
					],
					[
						"7485.562015",
						"2.47371e-16"
					],
					[
						"7491.079943",
						"2.2625e-16"
					],
					[
						"7496.597872",
						"2.20038e-16"
					],
					[
						"7502.1158",
						"2.40855e-16"
					],
					[
						"7507.633729",
						"2.41406e-16"
					],
					[
						"7513.151658",
						"2.36708e-16"
					],
					[
						"7518.669586",
						"2.54016e-16"
					],
					[
						"7524.187515",
						"2.58189e-16"
					],
					[
						"7529.705443",
						"2.4475e-16"
					],
					[
						"7535.223372",
						"2.4565e-16"
					],
					[
						"7540.741301",
						"2.32921e-16"
					],
					[
						"7546.259229",
						"2.28198e-16"
					],
					[
						"7551.777158",
						"2.38043e-16"
					],
					[
						"7557.295086",
						"2.41684e-16"
					],
					[
						"7562.813015",
						"2.35177e-16"
					],
					[
						"7568.330944",
						"2.25283e-16"
					],
					[
						"7573.848872",
						"2.09287e-16"
					],
					[
						"7579.366801",
						"2.02434e-16"
					],
					[
						"7584.884729",
						"2.09464e-16"
					],
					[
						"7590.402658",
						"1.90541e-16"
					],
					[
						"7595.920587",
						"1.35359e-16"
					],
					[
						"7601.438515",
						"7.47892e-17"
					],
					[
						"7606.956444",
						"5.30255e-17"
					],
					[
						"7612.474372",
						"6.18802e-17"
					],
					[
						"7617.992301",
						"7.74886e-17"
					],
					[
						"7623.51023",
						"9.78081e-17"
					],
					[
						"7629.028158",
						"9.92747e-17"
					],
					[
						"7634.546087",
						"9.02129e-17"
					],
					[
						"7640.064015",
						"8.53701e-17"
					],
					[
						"7645.581944",
						"1.00064e-16"
					],
					[
						"7651.099873",
						"1.01588e-16"
					],
					[
						"7656.617801",
						"1.32556e-16"
					],
					[
						"7662.13573",
						"1.39704e-16"
					],
					[
						"7667.653658",
						"1.25739e-16"
					],
					[
						"7673.171587",
						"1.3746e-16"
					],
					[
						"7678.689516",
						"1.30401e-16"
					],
					[
						"7684.207444",
						"1.32717e-16"
					],
					[
						"7689.725373",
						"1.32503e-16"
					],
					[
						"7695.243301",
						"1.28099e-16"
					],
					[
						"7700.76123",
						"1.08554e-16"
					],
					[
						"7706.279159",
						"1.18041e-16"
					],
					[
						"7711.797087",
						"9.34155e-17"
					],
					[
						"7717.315016",
						"1.10077e-16"
					],
					[
						"7722.832944",
						"1.10613e-16"
					],
					[
						"7728.350873",
						"1.0152e-16"
					],
					[
						"7733.868802",
						"1.06085e-16"
					],
					[
						"7739.38673",
						"9.07406e-17"
					],
					[
						"7744.904659",
						"8.50528e-17"
					],
					[
						"7750.422587",
						"9.85218e-17"
					],
					[
						"7755.940516",
						"1.0541e-16"
					],
					[
						"7761.458445",
						"1.0912e-16"
					],
					[
						"7766.976373",
						"9.78647e-17"
					],
					[
						"7772.494302",
						"9.04295e-17"
					],
					[
						"7778.01223",
						"9.11556e-17"
					],
					[
						"7783.530159",
						"8.00252e-17"
					],
					[
						"7789.048088",
						"1.03835e-16"
					],
					[
						"7794.566016",
						"9.87989e-17"
					],
					[
						"7800.083945",
						"9.77292e-17"
					],
					[
						"7805.601873",
						"9.17563e-17"
					],
					[
						"7811.119802",
						"8.57513e-17"
					],
					[
						"7816.637731",
						"8.3587e-17"
					],
					[
						"7822.155659",
						"8.84733e-17"
					],
					[
						"7827.673588",
						"9.96698e-17"
					],
					[
						"7833.191516",
						"9.20516e-17"
					],
					[
						"7838.709445",
						"9.63491e-17"
					],
					[
						"7844.227374",
						"9.76312e-17"
					],
					[
						"7849.745302",
						"8.47595e-17"
					],
					[
						"7855.263231",
						"8.23958e-17"
					],
					[
						"7860.781159",
						"8.96617e-17"
					],
					[
						"7866.299088",
						"1.14894e-16"
					],
					[
						"7871.817017",
						"1.0041e-16"
					],
					[
						"7877.334945",
						"8.61735e-17"
					],
					[
						"7882.852874",
						"7.84643e-17"
					],
					[
						"7888.370802",
						"8.77978e-17"
					],
					[
						"7893.888731",
						"8.38477e-17"
					],
					[
						"7899.40666",
						"7.65118e-17"
					],
					[
						"7904.924588",
						"9.95951e-17"
					],
					[
						"7910.442517",
						"8.52903e-17"
					],
					[
						"7915.960445",
						"8.39465e-17"
					],
					[
						"7921.478374",
						"6.75594e-17"
					],
					[
						"7926.996303",
						"7.55669e-17"
					],
					[
						"7932.514231",
						"9.10752e-17"
					],
					[
						"7938.03216",
						"8.22313e-17"
					],
					[
						"7943.550088",
						"9.2377e-17"
					],
					[
						"7949.068017",
						"7.62476e-17"
					],
					[
						"7954.585946",
						"8.47869e-17"
					],
					[
						"7960.103874",
						"9.63816e-17"
					],
					[
						"7965.621803",
						"9.81318e-17"
					],
					[
						"7971.139731",
						"9.57991e-17"
					],
					[
						"7976.65766",
						"8.06982e-17"
					],
					[
						"7982.175589",
						"7.8056e-17"
					],
					[
						"7987.693517",
						"8.30008e-17"
					],
					[
						"7993.211446",
						"7.46662e-17"
					],
					[
						"7998.729374",
						"8.44339e-17"
					],
					[
						"8004.247303",
						"8.41112e-17"
					],
					[
						"8009.765232",
						"8.9138e-17"
					],
					[
						"8015.28316",
						"8.39371e-17"
					],
					[
						"8020.801089",
						"7.26607e-17"
					],
					[
						"8026.319017",
						"9.3879e-17"
					],
					[
						"8031.836946",
						"1.06268e-16"
					],
					[
						"8037.354875",
						"8.50007e-17"
					],
					[
						"8042.872803",
						"8.20227e-17"
					],
					[
						"8048.390732",
						"9.49641e-17"
					],
					[
						"8053.90866",
						"8.47195e-17"
					],
					[
						"8059.426589",
						"7.45152e-17"
					],
					[
						"8064.944518",
						"8.6043e-17"
					],
					[
						"8070.462446",
						"9.91285e-17"
					],
					[
						"8075.980375",
						"8.07496e-17"
					],
					[
						"8081.498303",
						"9.33506e-17"
					],
					[
						"8087.016232",
						"7.75686e-17"
					],
					[
						"8092.534161",
						"7.58473e-17"
					],
					[
						"8098.052089",
						"7.98249e-17"
					],
					[
						"8103.570018",
						"7.78677e-17"
					],
					[
						"8109.087946",
						"7.77151e-17"
					],
					[
						"8114.605875",
						"7.57851e-17"
					],
					[
						"8120.123804",
						"8.42016e-17"
					],
					[
						"8125.641732",
						"9.18008e-17"
					],
					[
						"8131.159661",
						"7.17673e-17"
					],
					[
						"8136.677589",
						"7.35175e-17"
					],
					[
						"8142.195518",
						"7.70795e-17"
					],
					[
						"8147.713447",
						"7.76936e-17"
					],
					[
						"8153.231375",
						"7.02007e-17"
					],
					[
						"8158.749304",
						"6.42889e-17"
					],
					[
						"8164.267232",
						"5.99312e-17"
					],
					[
						"8169.785161",
						"5.84341e-17"
					],
					[
						"8175.30309",
						"6.20105e-17"
					],
					[
						"8180.821018",
						"8.32134e-17"
					],
					[
						"8186.338947",
						"7.81712e-17"
					],
					[
						"8191.856875",
						"6.73848e-17"
					],
					[
						"8197.374804",
						"9.04459e-17"
					],
					[
						"8202.892733",
						"8.44635e-17"
					],
					[
						"8208.410661",
						"7.64898e-17"
					],
					[
						"8213.92859",
						"7.27197e-17"
					],
					[
						"8219.446518",
						"7.73272e-17"
					],
					[
						"8224.964447",
						"6.01934e-17"
					],
					[
						"8230.482376",
						"7.78261e-17"
					],
					[
						"8236.000304",
						"6.58144e-17"
					],
					[
						"8241.518233",
						"6.44215e-17"
					],
					[
						"8247.036161",
						"6.96991e-17"
					],
					[
						"8252.55409",
						"8.39614e-17"
					],
					[
						"8258.072019",
						"7.43626e-17"
					],
					[
						"8263.589947",
						"8.41429e-17"
					],
					[
						"8269.107876",
						"8.6193e-17"
					],
					[
						"8274.625804",
						"7.14768e-17"
					],
					[
						"8280.143733",
						"6.86032e-17"
					],
					[
						"8285.661662",
						"8.22929e-17"
					],
					[
						"8291.17959",
						"8.80937e-17"
					],
					[
						"8296.697519",
						"7.74196e-17"
					],
					[
						"8302.215447",
						"8.40832e-17"
					],
					[
						"8307.733376",
						"9.38301e-17"
					],
					[
						"8313.251305",
						"6.80979e-17"
					],
					[
						"8318.769233",
						"5.95748e-17"
					],
					[
						"8324.287162",
						"7.65834e-17"
					],
					[
						"8329.80509",
						"8.46772e-17"
					],
					[
						"8335.323019",
						"8.96513e-17"
					],
					[
						"8340.840948",
						"9.39691e-17"
					],
					[
						"8346.358876",
						"7.85836e-17"
					],
					[
						"8351.876805",
						"4.76312e-17"
					],
					[
						"8357.394733",
						"6.65183e-17"
					],
					[
						"8362.912662",
						"8.52924e-17"
					],
					[
						"8368.430591",
						"7.79527e-17"
					],
					[
						"8373.948519",
						"9.13904e-17"
					],
					[
						"8379.466448",
						"8.73827e-17"
					],
					[
						"8384.984376",
						"7.07447e-17"
					],
					[
						"8390.502305",
						"7.65346e-17"
					],
					[
						"8396.020234",
						"9.57323e-17"
					],
					[
						"8401.538162",
						"8.77429e-17"
					],
					[
						"8407.056091",
						"8.37402e-17"
					],
					[
						"8412.574019",
						"9.61103e-17"
					],
					[
						"8418.091948",
						"8.82331e-17"
					],
					[
						"8423.609877",
						"9.18705e-17"
					],
					[
						"8429.127805",
						"8.73844e-17"
					],
					[
						"8434.645734",
						"9.37245e-17"
					],
					[
						"8440.163662",
						"7.02657e-17"
					],
					[
						"8445.681591",
						"7.3297e-17"
					],
					[
						"8451.19952",
						"7.35161e-17"
					],
					[
						"8456.717448",
						"8.05947e-17"
					],
					[
						"8462.235377",
						"7.81766e-17"
					],
					[
						"8467.753305",
						"6.7884e-17"
					],
					[
						"8473.271234",
						"8.85602e-17"
					],
					[
						"8478.789163",
						"8.81746e-17"
					],
					[
						"8484.307091",
						"7.62973e-17"
					],
					[
						"8489.82502",
						"8.12222e-17"
					],
					[
						"8495.342948",
						"7.30596e-17"
					],
					[
						"8500.860877",
						"9.26235e-17"
					],
					[
						"8506.378806",
						"8.84973e-17"
					],
					[
						"8511.896734",
						"9.21758e-17"
					],
					[
						"8517.414663",
						"8.27793e-17"
					],
					[
						"8522.932591",
						"9.87687e-17"
					],
					[
						"8528.45052",
						"8.82949e-17"
					],
					[
						"8533.968449",
						"8.18583e-17"
					],
					[
						"8539.486377",
						"7.5476e-17"
					],
					[
						"8545.004306",
						"7.40722e-17"
					],
					[
						"8550.522234",
						"8.03672e-17"
					],
					[
						"8556.040163",
						"7.35904e-17"
					],
					[
						"8561.558092",
						"8.48503e-17"
					],
					[
						"8567.07602",
						"7.82741e-17"
					],
					[
						"8572.593949",
						"7.75754e-17"
					],
					[
						"8578.111877",
						"7.97525e-17"
					],
					[
						"8583.629806",
						"8.95337e-17"
					],
					[
						"8589.147735",
						"9.8293e-17"
					],
					[
						"8594.665663",
						"8.437e-17"
					],
					[
						"8600.183592",
						"8.43225e-17"
					],
					[
						"8605.70152",
						"9.63801e-17"
					],
					[
						"8611.219449",
						"8.54583e-17"
					],
					[
						"8616.737378",
						"7.59199e-17"
					],
					[
						"8622.255306",
						"7.70027e-17"
					],
					[
						"8627.773235",
						"8.17811e-17"
					],
					[
						"8633.291163",
						"1.05896e-16"
					],
					[
						"8638.809092",
						"9.51832e-17"
					],
					[
						"8644.327021",
						"8.21668e-17"
					],
					[
						"8649.844949",
						"9.36467e-17"
					],
					[
						"8655.362878",
						"6.6732e-17"
					],
					[
						"8660.880806",
						"7.08912e-17"
					],
					[
						"8666.398735",
						"8.03338e-17"
					],
					[
						"8671.916664",
						"6.33381e-17"
					],
					[
						"8677.434592",
						"7.18449e-17"
					],
					[
						"8682.952521",
						"9.05267e-17"
					],
					[
						"8688.470449",
						"7.00119e-17"
					],
					[
						"8693.988378",
						"6.36907e-17"
					],
					[
						"8699.506307",
						"6.8692e-17"
					],
					[
						"8705.024235",
						"8.16487e-17"
					],
					[
						"8710.542164",
						"8.67522e-17"
					],
					[
						"8716.060092",
						"9.58841e-17"
					],
					[
						"8721.578021",
						"5.72166e-17"
					],
					[
						"8727.09595",
						"5.34726e-17"
					],
					[
						"8732.613878",
						"7.5523e-17"
					],
					[
						"8738.131807",
						"5.82846e-17"
					],
					[
						"8743.649735",
						"6.55962e-17"
					],
					[
						"8749.167664",
						"9.32059e-17"
					],
					[
						"8754.685593",
						"8.27293e-17"
					],
					[
						"8760.203521",
						"9.23036e-17"
					],
					[
						"8765.72145",
						"6.11461e-17"
					],
					[
						"8771.239378",
						"5.17175e-17"
					],
					[
						"8776.757307",
						"5.44862e-17"
					],
					[
						"8782.275236",
						"7.84795e-17"
					],
					[
						"8787.793164",
						"9.56573e-17"
					],
					[
						"8793.311093",
						"8.24672e-17"
					],
					[
						"8798.829021",
						"8.2128e-17"
					],
					[
						"8804.34695",
						"8.11715e-17"
					],
					[
						"8809.864879",
						"6.70026e-17"
					],
					[
						"8815.382807",
						"1.03655e-16"
					],
					[
						"8820.900736",
						"1.25168e-16"
					],
					[
						"8826.418664",
						"9.49618e-17"
					],
					[
						"8831.936593",
						"9.73239e-17"
					],
					[
						"8837.454522",
						"9.21944e-17"
					],
					[
						"8842.97245",
						"6.58968e-17"
					],
					[
						"8848.490379",
						"8.16962e-17"
					],
					[
						"8854.008307",
						"9.15589e-17"
					],
					[
						"8859.526236",
						"7.99912e-17"
					],
					[
						"8865.044165",
						"8.63088e-17"
					],
					[
						"8870.562093",
						"7.71922e-17"
					],
					[
						"8876.080022",
						"7.65301e-17"
					],
					[
						"8881.59795",
						"6.75349e-17"
					],
					[
						"8887.115879",
						"9.3571e-17"
					],
					[
						"8892.633808",
						"6.99726e-17"
					],
					[
						"8898.151736",
						"8.57881e-17"
					],
					[
						"8903.669665",
						"8.42895e-17"
					],
					[
						"8909.187593",
						"7.64455e-17"
					],
					[
						"8914.705522",
						"8.29087e-17"
					],
					[
						"8920.223451",
						"8.0155e-17"
					],
					[
						"8925.741379",
						"9.1341e-17"
					],
					[
						"8931.259308",
						"8.84815e-17"
					],
					[
						"8936.777236",
						"8.3497e-17"
					],
					[
						"8942.295165",
						"8.78737e-17"
					],
					[
						"8947.813094",
						"6.13634e-17"
					],
					[
						"8953.331022",
						"8.48815e-17"
					],
					[
						"8958.848951",
						"8.82582e-17"
					],
					[
						"8964.366879",
						"7.72173e-17"
					],
					[
						"8969.884808",
						"7.7137e-17"
					],
					[
						"8975.402737",
						"3.1583e-17"
					],
					[
						"8980.920665",
						"4.638e-17"
					],
					[
						"8986.438594",
						"6.18485e-17"
					],
					[
						"8991.956522",
						"5.58718e-17"
					],
					[
						"8997.474451",
						"8.85643e-17"
					],
					[
						"9002.99238",
						"6.70877e-17"
					],
					[
						"9008.510308",
						"4.19417e-17"
					],
					[
						"9014.028237",
						"6.28036e-17"
					],
					[
						"9019.546165",
						"6.25893e-17"
					],
					[
						"9025.064094",
						"6.12872e-17"
					],
					[
						"9030.582023",
						"5.62622e-17"
					],
					[
						"9036.099951",
						"6.88626e-17"
					],
					[
						"9041.61788",
						"4.51448e-17"
					],
					[
						"9047.135808",
						"7.20737e-17"
					],
					[
						"9052.653737",
						"5.25862e-17"
					],
					[
						"9058.171666",
						"7.71098e-17"
					],
					[
						"9063.689594",
						"6.15162e-17"
					],
					[
						"9069.207523",
						"6.53673e-17"
					],
					[
						"9074.725451",
						"7.21972e-17"
					],
					[
						"9080.24338",
						"4.18148e-17"
					],
					[
						"9085.761309",
						"5.47118e-17"
					],
					[
						"9091.279237",
						"6.81035e-17"
					],
					[
						"9096.797166",
						"6.51719e-17"
					],
					[
						"9102.315094",
						"7.3498e-17"
					],
					[
						"9107.833023",
						"5.2075e-17"
					],
					[
						"9113.350952",
						"5.8557e-17"
					],
					[
						"9118.86888",
						"6.7634e-17"
					],
					[
						"9124.386809",
						"5.60551e-17"
					],
					[
						"9129.904737",
						"3.63559e-17"
					],
					[
						"9135.422666",
						"4.63759e-17"
					],
					[
						"9140.940595",
						"5.7152e-17"
					],
					[
						"9146.458523",
						"6.70967e-17"
					],
					[
						"9151.976452",
						"5.21035e-17"
					],
					[
						"9157.49438",
						"3.60651e-17"
					],
					[
						"9163.012309",
						"5.20724e-17"
					],
					[
						"9168.530238",
						"5.42121e-17"
					],
					[
						"9174.048166",
						"5.76934e-18"
					],
					[
						"9179.566095",
						"2.51446e-17"
					],
					[
						"9185.084023",
						"5.88447e-17"
					],
					[
						"9190.601952",
						"3.62557e-17"
					],
					[
						"9196.119881",
						"7.4778e-17"
					],
					[
						"9201.637809",
						"8.79657e-17"
					],
					[
						"9207.155738",
						"4.83254e-17"
					],
					[
						"9212.673666",
						"6.64593e-17"
					],
					[
						"9218.191595",
						"6.18043e-17"
					],
					[
						"9223.709524",
						"6.18607e-17"
					],
					[
						"9229.227452",
						"6.3023e-17"
					]
				],
				"source":"3"
			}
		]
	}
}