{"Swift J1644+57": {"hostdec": [{"source": "1", "u_value": "degrees", "value": "+57:34:51.00"}], "lumdist": [{"u_value": "Mpc", "derived": true, "value": "1942", "source": "1,2,3,6"}], "photometry": [{"u_energy": "keV", "telescope": "ROSAT", "instrument": "PSPC", "source": "1", "luminosity": "4.28E+43", "energy": ["0.3", "2.0"], "u_countrate": "s^-1", "photonindex": "4.5", "countrate": "0.0308041", "flux": "8.75E-14", "nhmw": "0.0198", "u_flux": "ergs/cm^2/s", "u_time": "MJD", "time": ["48000", "48000.010"], "upperlimit": true}, {"u_energy": "keV", "telescope": "ROSAT", "instrument": "PSPC", "source": "1", "luminosity": "8.13E+43", "energy": ["0.3", "2.0"], "u_countrate": "s^-1", "photonindex": "4.5", "countrate": "0.0993732", "flux": "1.66E-13", "nhmw": "0.0198", "u_flux": "ergs/cm^2/s", "u_time": "MJD", "time": ["48094.1", "48094.100"], "upperlimit": true}, {"u_energy": "keV", "telescope": "ROSAT", "instrument": "PSPC", "source": "1", "luminosity": "3.69E+43", "energy": ["0.3", "2.0"], "u_countrate": "s^-1", "photonindex": "4.5", "countrate": "0.0450751", "flux": "7.53E-14", "nhmw": "0.0198", "u_flux": "ergs/cm^2/s", "u_time": "MJD", "time": ["48370", "48370.006"], "upperlimit": true}, {"u_energy": "keV", "telescope": "ROSAT", "instrument": "PSPC", "source": "1", "luminosity": "3.53E+43", "energy": ["0.3", "2.0"], "u_countrate": "s^-1", "photonindex": "4.5", "countrate": "0.043094", "flux": "7.20E-14", "nhmw": "0.0198", "u_flux": "ergs/cm^2/s", "u_time": "MJD", "time": ["48715.6", "48715.637"], "upperlimit": true}, {"e_upper_luminosity": "4.30E+45", "u_energy": "keV", "telescope": "Swift", "instrument": "XRT", "source": "1", "luminosity": "4.28E+45", "energy": ["0.3", "2.0"], "e_lower_luminosity": "4.25E+45", "u_countrate": "s^-1", "photonindex": "1.93", "countrate": "1.0482", "e_lower_flux": "8.69E-12", "flux": "8.74E-12", "u_flux": "ergs/cm^2/s", "mode": "PC", "e_upper_flux": "8.79E-12", "time": ["55649.6", "55650.177"], "e_countrate": "0.00487032", "u_time": "MJD"}, {"u_energy": "keV", "telescope": "XMM", "instrument": "PN", "source": "1", "luminosity": "9.25E+42", "energy": ["0.3", "2.0"], "u_countrate": "s^-1", "photonindex": "1.51375", "countrate": "0.0319464", "flux": "1.89E-14", "nhmw": "1.0475", "u_flux": "ergs/cm^2/s", "u_time": "MJD", "time": ["55651.4", "55651.423"], "upperlimit": true}, {"e_upper_luminosity": "4.44E+45", "u_energy": "keV", "telescope": "XMM", "instrument": "PN", "luminosity": "4.42E+45", "energy": ["0.3", "2.0"], "e_lower_luminosity": "4.41E+45", "u_countrate": "s^-1", "photonindex": "1.71", "countrate": "11.3004", "e_lower_flux": "9.00E-12", "flux": "9.03E-12", "u_flux": "ergs/cm^2/s", "u_time": "MJD", "e_upper_flux": "9.06E-12", "time": ["55667.4", "55667.648"], "e_countrate": "0.0258635", "source": "1"}, {"e_upper_luminosity": "2.71E+45", "u_energy": "keV", "telescope": "Swift", "instrument": "XRT", "source": "1", "luminosity": "2.71E+45", "energy": ["0.3", "2.0"], "e_lower_luminosity": "2.70E+45", "u_countrate": "s^-1", "photonindex": "1.65", "countrate": "0.6817", "e_lower_flux": "5.51E-12", "flux": "5.53E-12", "u_flux": "ergs/cm^2/s", "mode": "PC", "e_upper_flux": "5.54E-12", "time": ["55675.6", "55679.268"], "e_countrate": "0.0015564", "u_time": "MJD"}, {"e_upper_luminosity": "2.53E+45", "u_energy": "keV", "telescope": "XMM", "instrument": "PN", "luminosity": "2.52E+45", "energy": ["0.3", "2.0"], "e_lower_luminosity": "2.50E+45", "u_countrate": "s^-1", "photonindex": "1.54", "countrate": "7.93976", "e_lower_flux": "5.11E-12", "flux": "5.14E-12", "u_flux": "ergs/cm^2/s", "u_time": "MJD", "e_upper_flux": "5.16E-12", "time": ["55681.3", "55681.558"], "e_countrate": "0.021316", "source": "1"}, {"e_upper_luminosity": "3.44E+44", "u_energy": "keV", "telescope": "XMM", "instrument": "PN", "luminosity": "3.39E+44", "energy": ["0.3", "2.0"], "e_lower_luminosity": "3.37E+44", "u_countrate": "s^-1", "photonindex": "1.87", "countrate": "0.928866", "e_lower_flux": "6.88E-13", "flux": "6.93E-13", "u_flux": "ergs/cm^2/s", "u_time": "MJD", "e_upper_flux": "7.02E-13", "time": ["55697.3", "55697.561"], "e_countrate": "0.00748087", "source": "1"}, {"u_energy": "keV", "telescope": "XMM", "instrument": "PN", "source": "1", "luminosity": "1.47E+46", "energy": ["0.3", "2.0"], "u_countrate": "s^-1", "photonindex": "1.51375", "countrate": "17.5", "flux": "3.01E-11", "nhmw": "1.0475", "u_flux": "ergs/cm^2/s", "u_time": "MJD", "time": ["55697.6", "55697.600"], "upperlimit": true}, {"e_upper_luminosity": "7.69E+43", "u_energy": "keV", "telescope": "XMM", "instrument": "PN", "luminosity": "7.49E+43", "energy": ["0.3", "2.0"], "e_lower_luminosity": "7.30E+43", "u_countrate": "s^-1", "photonindex": "1.56", "countrate": "0.241757", "e_lower_flux": "1.49E-13", "flux": "1.53E-13", "u_flux": "ergs/cm^2/s", "u_time": "MJD", "e_upper_flux": "1.57E-13", "time": ["55745.3", "55745.491"], "e_countrate": "0.00438875", "source": "1"}, {"e_upper_luminosity": "4.38E+44", "u_energy": "keV", "telescope": "Swift", "instrument": "XRT", "source": "1", "luminosity": "4.36E+44", "energy": ["0.3", "2.0"], "e_lower_luminosity": "4.34E+44", "u_countrate": "s^-1", "photonindex": "1.59", "countrate": "0.101597", "e_lower_flux": "8.86E-13", "flux": "8.91E-13", "u_flux": "ergs/cm^2/s", "mode": "PC", "e_upper_flux": "8.95E-13", "time": ["55749.3", "55756.546"], "e_countrate": "0.000429141", "u_time": "MJD"}, {"e_upper_luminosity": "3.90E+44", "u_energy": "keV", "telescope": "XMM", "instrument": "PN", "luminosity": "3.85E+44", "energy": ["0.3", "2.0"], "e_lower_luminosity": "3.82E+44", "u_countrate": "s^-1", "photonindex": "1.35", "countrate": "1.72019", "e_lower_flux": "7.80E-13", "flux": "7.87E-13", "u_flux": "ergs/cm^2/s", "u_time": "MJD", "e_upper_flux": "7.96E-13", "time": ["55757.1", "55757.364"], "e_countrate": "0.00979123", "source": "1"}, {"u_energy": "keV", "telescope": "XMM", "instrument": "PN", "source": "1", "luminosity": "2.38E+45", "energy": ["0.3", "2.0"], "u_countrate": "s^-1", "photonindex": "1.51375", "countrate": "2.83", "flux": "4.86E-12", "nhmw": "1.0475", "u_flux": "ergs/cm^2/s", "u_time": "MJD", "time": ["55757.4", "55757.400"], "upperlimit": true}, {"e_upper_luminosity": "6.02E+43", "u_energy": "keV", "telescope": "XMM", "instrument": "PN", "luminosity": "5.83E+43", "energy": ["0.3", "2.0"], "e_lower_luminosity": "5.39E+43", "u_countrate": "s^-1", "photonindex": "1.48", "countrate": "1.45692", "e_lower_flux": "1.10E-13", "flux": "1.19E-13", "u_flux": "ergs/cm^2/s", "u_time": "MJD", "e_upper_flux": "1.23E-13", "time": ["55769.1", "55769.261"], "e_countrate": "0.0115511", "source": "1"}, {"e_upper_luminosity": "2.02E+44", "u_energy": "keV", "telescope": "XMM", "instrument": "PN", "luminosity": "1.99E+44", "energy": ["0.3", "2.0"], "e_lower_luminosity": "1.96E+44", "u_countrate": "s^-1", "photonindex": "1.31", "countrate": "1.51279", "e_lower_flux": "4.01E-13", "flux": "4.07E-13", "u_flux": "ergs/cm^2/s", "u_time": "MJD", "e_upper_flux": "4.12E-13", "time": ["55787.1", "55787.414"], "e_countrate": "0.00842348", "source": "1"}, {"e_upper_luminosity": "7.30E+43", "u_energy": "keV", "telescope": "XMM", "instrument": "PN", "luminosity": "7.15E+43", "energy": ["0.3", "2.0"], "e_lower_luminosity": "7.05E+43", "u_countrate": "s^-1", "photonindex": "1.29", "countrate": "0.348197", "e_lower_flux": "1.44E-13", "flux": "1.46E-13", "u_flux": "ergs/cm^2/s", "u_time": "MJD", "e_upper_flux": "1.49E-13", "time": ["55801", "55801.307"], "e_countrate": "0.00412581", "source": "1"}, {"e_upper_luminosity": "1.79E+44", "u_energy": "keV", "telescope": "XMM", "instrument": "PN", "luminosity": "1.78E+44", "energy": ["0.3", "2.0"], "e_lower_luminosity": "1.76E+44", "u_countrate": "s^-1", "photonindex": "1.51375", "countrate": "0.614621", "e_lower_flux": "3.60E-13", "flux": "3.64E-13", "nhmw": "1.0475", "u_flux": "ergs/cm^2/s", "u_time": "MJD", "e_upper_flux": "3.66E-13", "time": ["55811", "55811.285"], "e_countrate": "0.00567061", "source": "1"}, {"e_upper_luminosity": "2.51E+44", "u_energy": "keV", "telescope": "XMM", "instrument": "PN", "luminosity": "2.49E+44", "energy": ["0.3", "2.0"], "e_lower_luminosity": "2.47E+44", "u_countrate": "s^-1", "photonindex": "1.51375", "countrate": "0.860492", "e_lower_flux": "5.04E-13", "flux": "5.08E-13", "nhmw": "1.0475", "u_flux": "ergs/cm^2/s", "u_time": "MJD", "e_upper_flux": "5.13E-13", "time": ["55836.9", "55837.155"], "e_countrate": "0.00719005", "source": "1"}, {"e_upper_luminosity": "1.51E+44", "u_energy": "keV", "telescope": "Swift", "instrument": "XRT", "source": "1", "luminosity": "1.49E+44", "energy": ["0.3", "2.0"], "e_lower_luminosity": "1.47E+44", "u_countrate": "s^-1", "photonindex": "1.44", "countrate": "0.0362351", "e_lower_flux": "3.00E-13", "flux": "3.04E-13", "u_flux": "ergs/cm^2/s", "mode": "PC", "e_upper_flux": "3.09E-13", "time": ["55850.3", "55853.619"], "e_countrate": "0.000384475", "u_time": "MJD"}, {"e_upper_luminosity": "1.14E+44", "u_energy": "keV", "telescope": "Swift", "instrument": "XRT", "source": "1", "luminosity": "1.11E+44", "energy": ["0.3", "2.0"], "e_lower_luminosity": "1.09E+44", "u_countrate": "s^-1", "photonindex": "1.48", "countrate": "0.0225792", "e_lower_flux": "2.23E-13", "flux": "2.27E-13", "u_flux": "ergs/cm^2/s", "mode": "PC", "e_upper_flux": "2.33E-13", "time": ["55947.6", "55950.474"], "e_countrate": "0.00032643", "u_time": "MJD"}, {"e_upper_luminosity": "4.86E+43", "u_energy": "keV", "telescope": "Swift", "instrument": "XRT", "source": "1", "luminosity": "4.63E+43", "energy": ["0.3", "2.0"], "e_lower_luminosity": "4.37E+43", "u_countrate": "s^-1", "photonindex": "1.5011", "countrate": "0.0122362", "e_lower_flux": "8.92E-14", "flux": "9.46E-14", "u_flux": "ergs/cm^2/s", "mode": "PC", "e_upper_flux": "9.93E-14", "time": ["56048.1", "56049.562"], "e_countrate": "0.000341996", "u_time": "MJD"}, {"e_upper_luminosity": "1.17E+43", "u_energy": "keV", "telescope": "Swift", "instrument": "XRT", "source": "1", "luminosity": "1.11E+43", "energy": ["0.3", "2.0"], "e_lower_luminosity": "9.60E+42", "u_countrate": "s^-1", "photonindex": "1.165", "countrate": "0.00300771", "e_lower_flux": "1.96E-14", "flux": "2.26E-14", "u_flux": "ergs/cm^2/s", "mode": "PC", "e_upper_flux": "2.39E-14", "time": ["56153.6", "56155.232"], "e_countrate": "0.000176039", "u_time": "MJD"}, {"u_energy": "keV", "telescope": "XMM", "instrument": "PN", "source": "1", "luminosity": "4.02E+42", "energy": ["0.3", "2.0"], "u_countrate": "s^-1", "photonindex": "1.51375", "countrate": "0.0138642", "flux": "8.22E-15", "nhmw": "1.0475", "u_flux": "ergs/cm^2/s", "u_time": "MJD", "time": ["56197.8", "56198.120"], "upperlimit": true}, {"u_energy": "keV", "telescope": "XMM", "instrument": "PN", "source": "1", "luminosity": "3.12E+42", "energy": ["0.3", "2.0"], "u_countrate": "s^-1", "photonindex": "1.51375", "countrate": "1.08E-02", "flux": "6.38E-15", "nhmw": "1.0475", "u_flux": "ergs/cm^2/s", "u_time": "MJD", "time": ["56205.8", "56206.154"], "upperlimit": true}, {"u_energy": "keV", "telescope": "Swift", "instrument": "XRT", "source": "1", "luminosity": "1.08E+43", "energy": ["0.3", "2.0"], "u_countrate": "s^-1", "photonindex": "1.53659", "countrate": "0.00126983", "flux": "2.21E-14", "nhmw": "0.891071", "u_flux": "ergs/cm^2/s", "mode": "PC", "time": ["56242.9", "56243.809"], "upperlimit": true, "u_time": "MJD"}, {"u_energy": "keV", "telescope": "Chandra", "instrument": "ACIS-S", "source": "1", "luminosity": "1.49E+42", "energy": ["0.3", "2.0"], "u_countrate": "s^-1", "photonindex": "4.5", "countrate": "0.000427131", "flux": "3.05E-15", "nhmw": "0.0198", "u_flux": "ergs/cm^2/s", "u_time": "MJD", "time": ["56257.4", "56257.685"], "upperlimit": true}, {"u_energy": "keV", "telescope": "XMM", "instrument": "PN", "source": "1", "luminosity": "1.51E+45", "energy": ["0.3", "2.0"], "u_countrate": "s^-1", "photonindex": "1.51375", "countrate": "1.8", "flux": "3.09E-12", "nhmw": "1.0475", "u_flux": "ergs/cm^2/s", "u_time": "MJD", "time": ["56296.3", "56296.300"], "upperlimit": true}, {"u_energy": "keV", "telescope": "Swift", "instrument": "XRT", "source": "1", "luminosity": "1.33E+43", "energy": ["0.3", "2.0"], "u_countrate": "s^-1", "photonindex": "1.54", "countrate": "0.00156039", "flux": "2.71E-14", "nhmw": "0.89", "u_flux": "ergs/cm^2/s", "mode": "PC", "time": ["56335.7", "56336.009"], "upperlimit": true, "u_time": "MJD"}, {"u_energy": "keV", "telescope": "Swift", "instrument": "XRT", "source": "1", "luminosity": "1.47E+43", "energy": ["0.3", "2.0"], "u_countrate": "s^-1", "photonindex": "1.54", "countrate": "0.00173297", "flux": "3.00E-14", "nhmw": "0.89", "u_flux": "ergs/cm^2/s", "mode": "PC", "time": ["56457", "56457.213"], "upperlimit": true, "u_time": "MJD"}, {"u_energy": "keV", "telescope": "Swift", "instrument": "XRT", "source": "1", "luminosity": "1.66E+43", "energy": ["0.3", "2.0"], "u_countrate": "s^-1", "photonindex": "1.54", "countrate": "1.95E-03", "flux": "3.39E-14", "nhmw": "0.89", "u_flux": "ergs/cm^2/s", "mode": "PC", "time": ["56551.70", "56551.951"], "upperlimit": true, "u_time": "MJD"}, {"u_energy": "keV", "telescope": "Swift", "instrument": "XRT", "source": "1", "luminosity": "1.58E+43", "energy": ["0.3", "2.0"], "u_countrate": "s^-1", "photonindex": "1.54", "countrate": "1.86E-03", "flux": "3.23E-14", "nhmw": "0.89", "u_flux": "ergs/cm^2/s", "mode": "PC", "time": ["56649.30", "56649.561"], "upperlimit": true, "u_time": "MJD"}, {"u_energy": "keV", "telescope": "Swift", "instrument": "XRT", "source": "1", "luminosity": "1.78E+43", "energy": ["0.3", "2.0"], "u_countrate": "s^-1", "photonindex": "1.54", "countrate": "2.09E-03", "flux": "3.63E-14", "nhmw": "0.89", "u_flux": "ergs/cm^2/s", "mode": "PC", "time": ["56751.40", "56751.644"], "upperlimit": true, "u_time": "MJD"}, {"u_energy": "keV", "telescope": "Swift", "instrument": "XRT", "source": "1", "luminosity": "1.67E+43", "energy": ["0.3", "2.0"], "u_countrate": "s^-1", "photonindex": "1.54", "countrate": "1.97E-03", "flux": "3.42E-14", "nhmw": "0.89", "u_flux": "ergs/cm^2/s", "mode": "PC", "time": ["56848.30", "56848.568"], "upperlimit": true, "u_time": "MJD"}, {"u_energy": "keV", "telescope": "Swift", "instrument": "XRT", "source": "1", "luminosity": "1.70E+43", "energy": ["0.3", "2.0"], "u_countrate": "s^-1", "photonindex": "1.54", "countrate": "0.0019953", "flux": "3.47E-14", "nhmw": "0.89", "u_flux": "ergs/cm^2/s", "mode": "PC", "time": ["56945.1", "56945.368"], "upperlimit": true, "u_time": "MJD"}, {"u_energy": "keV", "telescope": "Swift", "instrument": "XRT", "source": "1", "luminosity": "1.46E+43", "energy": ["0.3", "2.0"], "u_countrate": "s^-1", "photonindex": "1.54", "countrate": "0.00171713", "flux": "2.99E-14", "nhmw": "0.89", "u_flux": "ergs/cm^2/s", "mode": "PC", "time": ["57049", "57049.286"], "upperlimit": true, "u_time": "MJD"}, {"u_energy": "keV", "telescope": "Chandra", "instrument": "ACIS-S", "source": "1", "luminosity": "1.40E+42", "energy": ["0.3", "2.0"], "u_countrate": "s^-1", "photonindex": "4.5", "countrate": "0.000399543", "flux": "2.86E-15", "nhmw": "0.0198", "u_flux": "ergs/cm^2/s", "u_time": "MJD", "time": ["57070.2", "57070.521"], "upperlimit": true}, {"u_energy": "keV", "telescope": "Swift", "instrument": "XRT", "source": "1", "luminosity": "1.57E+43", "energy": ["0.3", "2.0"], "u_countrate": "s^-1", "photonindex": "1.54", "countrate": "0.00184643", "flux": "3.21E-14", "nhmw": "0.89", "u_flux": "ergs/cm^2/s", "mode": "PC", "time": ["57151.3", "57151.583"], "upperlimit": true, "u_time": "MJD"}, {"u_energy": "keV", "telescope": "XMM", "instrument": "PN", "source": "1", "luminosity": "4.50E+44", "energy": ["0.3", "2.0"], "u_countrate": "s^-1", "photonindex": "1.51375", "countrate": "5.35E-01", "flux": "9.19E-13", "nhmw": "1.0475", "u_flux": "ergs/cm^2/s", "u_time": "MJD", "time": ["57231.4", "57231.400"], "upperlimit": true}, {"u_energy": "keV", "telescope": "Swift", "instrument": "XRT", "source": "1", "luminosity": "2.14E+43", "energy": ["0.3", "2.0"], "u_countrate": "s^-1", "photonindex": "1.54", "countrate": "0.00252298", "flux": "4.38E-14", "nhmw": "0.89", "u_flux": "ergs/cm^2/s", "mode": "PC", "time": ["57253.9", "57254.108"], "upperlimit": true, "u_time": "MJD"}, {"u_energy": "keV", "telescope": "Swift", "instrument": "XRT", "source": "1", "luminosity": "2.01E+43", "energy": ["0.3", "2.0"], "u_countrate": "s^-1", "photonindex": "1.54", "countrate": "0.00236432", "flux": "4.10E-14", "nhmw": "0.89", "u_flux": "ergs/cm^2/s", "mode": "PC", "time": ["57318.4", "57318.481"], "upperlimit": true, "u_time": "MJD"}], "comovingdist": [{"u_value": "Mpc", "derived": true, "value": "1434", "source": "1,2,3,6"}], "name": "Swift J1644+57", "alias": [{"source": "1,3", "value": "Swift J1644+57"}, {"source": "3", "value": "Swift J164449.3+573451"}, {"source": "3", "value": "GRB 110328A"}], "redshift": [{"source": "1,3", "value": "0.3543"}], "claimedtype": [{"source": "3", "value": "MS + SMBH"}], "host": [{"source": "1,3", "value": "Swift J164449.3+573451"}], "hostoffsetdist": [{"source": "1,2,3,5,6", "value": "62.32"}], "sources": [{"alias": "1", "bibcode": "2017ApJ...838..149A", "name": "2017ApJ...838..149A", "reference": "Auchettl, Guillochon, & Ramirez-Ruiz (2017)"}, {"alias": "2", "bibcode": "2016A&A...594A..13P", "name": "2016A&A...594A..13P", "reference": "Planck Collaboration et al. (2016)"}, {"alias": "3", "bibcode": "2011Sci...333..203B", "name": "2011Sci...333..203B", "reference": "Bloom et al. (2011)"}, {"alias": "4", "bibcode": "2011ApJ...737..103S", "name": "2011ApJ...737..103S", "reference": "Schlafly & Finkbeiner (2011)"}, {"url": "https://www.swift.psu.edu/secure/toop/summary.php", "alias": "5", "name": "Swift TOOs"}, {"bibcode": "2017ApJ...835...64G", "name": "The Open TDE Catalog", "reference": "Guillochon et al. (2017)", "url": "https://tde.space", "alias": "6", "secondary": true}], "ebv": [{"e_value": "0.0005", "derived": true, "value": "0.0165", "source": "4,6"}], "citations": [{"source": "3", "value": "<a href='http://adsabs.harvard.edu/abs/2011Sci...333..203B'>Bloom et al. 2011</a>*&Dagger;"}], "discoverdate": [{"source": "1,6", "derived": true, "value": "2011/03/29"}], "ra": [{"source": "5", "u_value": "hours", "value": "16:44:49.92"}], "hostra": [{"source": "1", "u_value": "hours", "value": "16:44:49.30"}], "velocity": [{"u_value": "km/s", "derived": true, "value": "88230", "source": "6"}], "dec": [{"source": "5", "u_value": "degrees", "value": "+57:34:58.8"}], "hostoffsetang": [{"u_value": "arcseconds", "derived": true, "value": "12.14", "source": "1,5,6"}], "schema": "https://github.com/astrocatalogs/tidaldisruptions/blob/f405406/SCHEMA.md"}}