{
	"Swift J2058+05": {
		"hostdec": [
				{
					"source": "1", 
					"u_value": "degrees", 
					"value": "+05:13:33.00"
				}
		], 
		"comovingdist": [
				{
					"u_value": "Mpc", 
					"derived": true, 
					"value": "3833.1", 
					"source": "1,2,3,4"
				}
		], 
		"name": "Swift J2058+05", 
		"alias": [
				{
					"source": "1", 
					"value": "Swift J2058+05"
				}
		], 
		"redshift": [
				{
					"source": "1,3", 
					"value": "1.1853"
				}
		], 
		"lumdist": [
				{
					"u_value": "Mpc", 
					"derived": true, 
					"value": "8376.4", 
					"source": "1,2,3,4"
				}
		], 
		"sources": [
				{
					"alias": "1", 
					"bibcode": "2017ApJ...838..149A", 
					"name": "2017ApJ...838..149A", 
					"reference": "Auchettl, Guillochon, & Ramirez-Ruiz (2017)"
				}, 
				{
					"alias": "2", 
					"bibcode": "2016A&A...594A..13P", 
					"name": "2016A&A...594A..13P", 
					"reference": "Planck Collaboration et al. (2016)"
				}, 
				{
					"alias": "3", 
					"bibcode": "2012ApJ...753...77C", 
					"name": "2012ApJ...753...77C", 
					"reference": "Cenko et al. (2012)"
				}, 
				{
					"bibcode": "2017ApJ...835...64G", 
					"name": "The Open TDE Catalog", 
					"reference": "Guillochon et al. (2017)", 
					"url": "https://tde.space", 
					"alias": "4", 
					"secondary": true
				}
		], 
		"host": [
				{
					"source": "1,3", 
					"value": "Swift J205819.7+051329"
				}
		], 
		"citations": [
				{
					"source": "3", 
					"value": "<a href='http://adsabs.harvard.edu/abs/2012ApJ...753...77C'>Cenko et al. 2012</a>*&Dagger;"
				}
		], 
		"discoverdate": [
				{
					"source": "1,4", 
					"derived": true, 
					"value": "2011/05/27"
				}
		], 
		"hostra": [
				{
					"source": "1", 
					"u_value": "hours", 
					"value": "20:58:19.85"
				}
		], 
		"velocity": [
				{
					"u_value": "km/s", 
					"derived": true, 
					"value": "195980", 
					"source": "4"
				}
		], 
		"photometry": [
				{
					"u_energy": "keV", 
					"telescope": "ROSAT", 
					"instrument": "PSPC", 
					"source": "1", 
					"luminosity": "5.48E+45", 
					"energy": [
						"0.3", 
						"2.0"
					], 
					"u_countrate": "s^-1", 
					"photonindex": "4.5", 
					"countrate": "0.0282693", 
					"flux": "4.22E-13", 
					"nhmw": "0.0697", 
					"u_flux": "ergs/cm^2/s", 
					"u_time": "MJD", 
					"time": [
						"48188.9", 
						"48188.905"
					], 
					"upperlimit": true
				}, 
				{
					"u_energy": "keV", 
					"telescope": "XMM", 
					"instrument": "PN", 
					"source": "1", 
					"luminosity": "5.74E+46", 
					"energy": [
						"0.3", 
						"2.0"
					], 
					"u_countrate": "s^-1", 
					"photonindex": "1.885", 
					"countrate": "1.29E+00", 
					"flux": "4.42E-12", 
					"nhmw": "0.16", 
					"u_flux": "ergs/cm^2/s", 
					"u_time": "MJD", 
					"time": [
						"54598.6", 
						"54598.600"
					], 
					"upperlimit": true
				}, 
				{
					"e_upper_luminosity": "1.45E+47", 
					"u_energy": "keV", 
					"telescope": "Swift", 
					"instrument": "XRT", 
					"source": "1", 
					"luminosity": "1.43E+47", 
					"energy": [
						"0.3", 
						"2.0"
					], 
					"e_lower_luminosity": "1.38E+47", 
					"u_countrate": "s^-1", 
					"photonindex": "1.3698", 
					"countrate": "0.999299", 
					"e_lower_flux": "1.06E-11", 
					"flux": "1.10E-11", 
					"u_flux": "ergs/cm^2/s", 
					"mode": "PC", 
					"e_upper_flux": "1.12E-11", 
					"time": [
						"55708.9", 
						"55708.934"
					], 
					"e_countrate": "0.0195121", 
					"u_time": "MJD"
				}, 
				{
					"e_upper_luminosity": "4.04E+45", 
					"u_energy": "keV", 
					"telescope": "Swift", 
					"instrument": "XRT", 
					"source": "1", 
					"luminosity": "3.84E+45", 
					"energy": [
						"0.3", 
						"2.0"
					], 
					"e_lower_luminosity": "3.65E+45", 
					"u_countrate": "s^-1", 
					"photonindex": "1.59", 
					"countrate": "0.02422", 
					"e_lower_flux": "2.81E-13", 
					"flux": "2.96E-13", 
					"u_flux": "ergs/cm^2/s", 
					"mode": "PC", 
					"e_upper_flux": "3.11E-13", 
					"time": [
						"55773.5", 
						"55773.735"
					], 
					"e_countrate": "0.00118726", 
					"u_time": "MJD"
				}, 
				{
					"e_upper_luminosity": "1.18E+45", 
					"u_energy": "keV", 
					"telescope": "Swift", 
					"instrument": "XRT", 
					"source": "1", 
					"luminosity": "1.08E+45", 
					"energy": [
						"0.3", 
						"2.0"
					], 
					"e_lower_luminosity": "9.70E+44", 
					"u_countrate": "s^-1", 
					"photonindex": "1.5", 
					"countrate": "0.00725647", 
					"e_lower_flux": "7.47E-14", 
					"flux": "8.33E-14", 
					"u_flux": "ergs/cm^2/s", 
					"mode": "PC", 
					"e_upper_flux": "9.12E-14", 
					"time": [
						"55867.5", 
						"55867.789"
					], 
					"e_countrate": "0.000643452", 
					"u_time": "MJD"
				}, 
				{
					"e_upper_luminosity": "5.79E+44", 
					"u_energy": "keV", 
					"telescope": "XMM", 
					"instrument": "PN", 
					"luminosity": "5.39E+44", 
					"energy": [
						"0.3", 
						"2.0"
					], 
					"e_lower_luminosity": "5.06E+44", 
					"u_countrate": "s^-1", 
					"photonindex": "1.98", 
					"countrate": "4.17E-02", 
					"e_lower_flux": "3.90E-14", 
					"flux": "4.15E-14", 
					"u_flux": "ergs/cm^2/s", 
					"u_time": "MJD", 
					"e_upper_flux": "4.46E-14", 
					"time": [
						"55886.6", 
						"55887.016"
					], 
					"e_countrate": "0.00136646", 
					"source": "1"
				}, 
				{
					"u_energy": "keV", 
					"telescope": "XMM", 
					"instrument": "PN", 
					"source": "1", 
					"luminosity": "2.43E+46", 
					"energy": [
						"0.3", 
						"2.0"
					], 
					"u_countrate": "s^-1", 
					"photonindex": "1.885", 
					"countrate": "0.546", 
					"flux": "1.87E-12", 
					"nhmw": "0.16", 
					"u_flux": "ergs/cm^2/s", 
					"u_time": "MJD", 
					"time": [
						"55888", 
						"55888.000"
					], 
					"upperlimit": true
				}, 
				{
					"e_upper_luminosity": "6.04E+44", 
					"u_energy": "keV", 
					"telescope": "Swift", 
					"instrument": "XRT", 
					"source": "1", 
					"luminosity": "4.01E+44", 
					"energy": [
						"0.3", 
						"2.0"
					], 
					"e_lower_luminosity": "1.97E+44", 
					"u_countrate": "s^-1", 
					"photonindex": "1.59745", 
					"countrate": "0.0026471", 
					"e_lower_flux": "1.52E-14", 
					"flux": "3.09E-14", 
					"nhmw": "0.3395", 
					"u_flux": "ergs/cm^2/s", 
					"mode": "PC", 
					"e_upper_flux": "4.65E-14", 
					"time": [
						"55902.3", 
						"55902.338"
					], 
					"e_countrate": "0.00134011", 
					"u_time": "MJD"
				}, 
				{
					"e_upper_luminosity": "5.67E+44", 
					"u_energy": "keV", 
					"telescope": "XMM", 
					"instrument": "PN", 
					"luminosity": "5.40E+44", 
					"energy": [
						"0.3", 
						"2.0"
					], 
					"e_lower_luminosity": "5.13E+44", 
					"u_countrate": "s^-1", 
					"photonindex": "1.51", 
					"countrate": "0.0359805", 
					"e_lower_flux": "3.95E-14", 
					"flux": "4.16E-14", 
					"u_flux": "ergs/cm^2/s", 
					"u_time": "MJD", 
					"e_upper_flux": "4.37E-14", 
					"time": [
						"56048.7", 
						"56049.254"
					], 
					"e_countrate": "0.00114275", 
					"source": "1"
				}, 
				{
					"u_energy": "keV", 
					"telescope": "XMM", 
					"instrument": "PN", 
					"source": "1", 
					"luminosity": "7.43E+46", 
					"energy": [
						"0.3", 
						"2.0"
					], 
					"u_countrate": "s^-1", 
					"photonindex": "1.885", 
					"countrate": "1.67", 
					"flux": "5.72E-12", 
					"nhmw": "0.16", 
					"u_flux": "ergs/cm^2/s", 
					"u_time": "MJD", 
					"time": [
						"56052.7", 
						"56052.700"
					], 
					"upperlimit": true
				}, 
				{
					"e_upper_luminosity": "4.36E+44", 
					"u_energy": "keV", 
					"telescope": "Swift", 
					"instrument": "XRT", 
					"source": "1", 
					"luminosity": "3.41E+44", 
					"energy": [
						"0.3", 
						"2.0"
					], 
					"e_lower_luminosity": "2.47E+44", 
					"u_countrate": "s^-1", 
					"photonindex": "1.6", 
					"countrate": "0.00225235", 
					"e_lower_flux": "1.90E-14", 
					"flux": "2.63E-14", 
					"nhmw": "0.34", 
					"u_flux": "ergs/cm^2/s", 
					"mode": "PC", 
					"e_upper_flux": "3.36E-14", 
					"time": [
						"56126.6", 
						"56126.703"
					], 
					"e_countrate": "0.000627106", 
					"u_time": "MJD"
				}, 
				{
					"u_energy": "keV", 
					"telescope": "Chandra", 
					"instrument": "ACIS-S", 
					"source": "1", 
					"luminosity": "7.11E+43", 
					"energy": [
						"0.3", 
						"2.0"
					], 
					"u_countrate": "s^-1", 
					"photonindex": "4.5", 
					"countrate": "0.000431662", 
					"flux": "5.48E-15", 
					"nhmw": "0.0697", 
					"u_flux": "ergs/cm^2/s", 
					"u_time": "MJD", 
					"time": [
						"56383.8", 
						"56384.142"
					], 
					"upperlimit": true
				}, 
				{
					"u_energy": "keV", 
					"telescope": "Chandra", 
					"instrument": "ACIS-S", 
					"source": "1", 
					"luminosity": "5.83E+43", 
					"energy": [
						"0.3", 
						"2.0"
					], 
					"u_countrate": "s^-1", 
					"photonindex": "4.5", 
					"countrate": "0.000353764", 
					"flux": "4.49E-15", 
					"nhmw": "0.0697", 
					"u_flux": "ergs/cm^2/s", 
					"u_time": "MJD", 
					"time": [
						"56596.3", 
						"56596.870"
					], 
					"upperlimit": true
				}, 
				{
					"u_energy": "keV", 
					"telescope": "XMM", 
					"instrument": "PN", 
					"source": "1", 
					"luminosity": "3.97E+46", 
					"energy": [
						"0.3", 
						"2.0"
					], 
					"u_countrate": "s^-1", 
					"photonindex": "1.885", 
					"countrate": "0.893", 
					"flux": "3.06E-12", 
					"nhmw": "0.16", 
					"u_flux": "ergs/cm^2/s", 
					"u_time": "MJD", 
					"time": [
						"56976.1", 
						"56976.100"
					], 
					"upperlimit": true
				}
		], 
		"schema": "https://github.com/astrocatalogs/tidaldisruptions/blob/f405406/SCHEMA.md"
	}
}