{
	"Swift J2058+05":{
		"schema":"https://github.com/astrocatalogs/tidaldisruptions/blob/f405406/SCHEMA.md",
		"name":"Swift J2058+05",
		"sources":[
			{
				"name":"2017ApJ...838..149A",
				"bibcode":"2017ApJ...838..149A",
				"reference":"Auchettl, Guillochon, & Ramirez-Ruiz (2017)",
				"alias":"1"
			},
			{
				"name":"2016A&A...594A..13P",
				"bibcode":"2016A&A...594A..13P",
				"reference":"Planck Collaboration et al. (2016)",
				"alias":"2"
			},
			{
				"name":"2012ApJ...753...77C",
				"bibcode":"2012ApJ...753...77C",
				"reference":"Cenko et al. (2012)",
				"alias":"3"
			},
			{
				"name":"The Open TDE Catalog",
				"bibcode":"2017ApJ...835...64G",
				"reference":"Guillochon et al. (2017)",
				"secondary":true,
				"url":"https://tde.space",
				"alias":"4"
			}
		],
		"alias":[
			{
				"value":"Swift J2058+05",
				"source":"1"
			}
		],
		"citations":[
			{
				"value":"<a href='http://adsabs.harvard.edu/abs/2012ApJ...753...77C'>Cenko et al. 2012</a>*&Dagger;",
				"source":"3"
			}
		],
		"comovingdist":[
			{
				"value":"3833.1",
				"derived":true,
				"u_value":"Mpc",
				"source":"1,2,3,4"
			}
		],
		"discoverdate":[
			{
				"value":"2011/05/27",
				"derived":true,
				"source":"1,4"
			}
		],
		"host":[
			{
				"value":"Swift J205819.7+051329",
				"source":"1,3"
			}
		],
		"hostdec":[
			{
				"value":"+05:13:33.00",
				"u_value":"degrees",
				"source":"1"
			}
		],
		"hostra":[
			{
				"value":"20:58:19.85",
				"u_value":"hours",
				"source":"1"
			}
		],
		"lumdist":[
			{
				"value":"8376.4",
				"derived":true,
				"u_value":"Mpc",
				"source":"1,2,3,4"
			}
		],
		"redshift":[
			{
				"value":"1.1853",
				"source":"1,3"
			}
		],
		"velocity":[
			{
				"value":"195980",
				"derived":true,
				"u_value":"km/s",
				"source":"4"
			}
		],
		"photometry":[
			{
				"time":[
					"48188.9",
					"48188.905"
				],
				"countrate":"0.0282693",
				"energy":[
					"0.3",
					"2.0"
				],
				"flux":"4.22E-13",
				"instrument":"PSPC",
				"luminosity":"5.48E+45",
				"nhmw":"0.0697",
				"photonindex":"4.5",
				"telescope":"ROSAT",
				"u_countrate":"s^-1",
				"u_energy":"keV",
				"u_flux":"ergs/cm^2/s",
				"u_time":"MJD",
				"upperlimit":true,
				"source":"1"
			},
			{
				"time":[
					"54598.6",
					"54598.600"
				],
				"countrate":"1.29E+00",
				"energy":[
					"0.3",
					"2.0"
				],
				"flux":"4.42E-12",
				"instrument":"PN",
				"luminosity":"5.74E+46",
				"nhmw":"0.16",
				"photonindex":"1.885",
				"telescope":"XMM",
				"u_countrate":"s^-1",
				"u_energy":"keV",
				"u_flux":"ergs/cm^2/s",
				"u_time":"MJD",
				"upperlimit":true,
				"source":"1"
			},
			{
				"time":[
					"55708.9",
					"55708.934"
				],
				"countrate":"0.999299",
				"e_countrate":"0.0195121",
				"e_lower_flux":"1.06E-11",
				"e_lower_luminosity":"1.38E+47",
				"e_upper_flux":"1.12E-11",
				"e_upper_luminosity":"1.45E+47",
				"energy":[
					"0.3",
					"2.0"
				],
				"flux":"1.10E-11",
				"instrument":"XRT",
				"luminosity":"1.43E+47",
				"mode":"PC",
				"photonindex":"1.3698",
				"telescope":"Swift",
				"u_countrate":"s^-1",
				"u_energy":"keV",
				"u_flux":"ergs/cm^2/s",
				"u_time":"MJD",
				"source":"1"
			},
			{
				"time":[
					"55773.5",
					"55773.735"
				],
				"countrate":"0.02422",
				"e_countrate":"0.00118726",
				"e_lower_flux":"2.81E-13",
				"e_lower_luminosity":"3.65E+45",
				"e_upper_flux":"3.11E-13",
				"e_upper_luminosity":"4.04E+45",
				"energy":[
					"0.3",
					"2.0"
				],
				"flux":"2.96E-13",
				"instrument":"XRT",
				"luminosity":"3.84E+45",
				"mode":"PC",
				"photonindex":"1.59",
				"telescope":"Swift",
				"u_countrate":"s^-1",
				"u_energy":"keV",
				"u_flux":"ergs/cm^2/s",
				"u_time":"MJD",
				"source":"1"
			},
			{
				"time":[
					"55867.5",
					"55867.789"
				],
				"countrate":"0.00725647",
				"e_countrate":"0.000643452",
				"e_lower_flux":"7.47E-14",
				"e_lower_luminosity":"9.70E+44",
				"e_upper_flux":"9.12E-14",
				"e_upper_luminosity":"1.18E+45",
				"energy":[
					"0.3",
					"2.0"
				],
				"flux":"8.33E-14",
				"instrument":"XRT",
				"luminosity":"1.08E+45",
				"mode":"PC",
				"photonindex":"1.5",
				"telescope":"Swift",
				"u_countrate":"s^-1",
				"u_energy":"keV",
				"u_flux":"ergs/cm^2/s",
				"u_time":"MJD",
				"source":"1"
			},
			{
				"time":[
					"55886.6",
					"55887.016"
				],
				"countrate":"4.17E-02",
				"e_countrate":"0.00136646",
				"e_lower_flux":"3.90E-14",
				"e_lower_luminosity":"5.06E+44",
				"e_upper_flux":"4.46E-14",
				"e_upper_luminosity":"5.79E+44",
				"energy":[
					"0.3",
					"2.0"
				],
				"flux":"4.15E-14",
				"instrument":"PN",
				"luminosity":"5.39E+44",
				"photonindex":"1.98",
				"telescope":"XMM",
				"u_countrate":"s^-1",
				"u_energy":"keV",
				"u_flux":"ergs/cm^2/s",
				"u_time":"MJD",
				"source":"1"
			},
			{
				"time":[
					"55888",
					"55888.000"
				],
				"countrate":"0.546",
				"energy":[
					"0.3",
					"2.0"
				],
				"flux":"1.87E-12",
				"instrument":"PN",
				"luminosity":"2.43E+46",
				"nhmw":"0.16",
				"photonindex":"1.885",
				"telescope":"XMM",
				"u_countrate":"s^-1",
				"u_energy":"keV",
				"u_flux":"ergs/cm^2/s",
				"u_time":"MJD",
				"upperlimit":true,
				"source":"1"
			},
			{
				"time":[
					"55902.3",
					"55902.338"
				],
				"countrate":"0.0026471",
				"e_countrate":"0.00134011",
				"e_lower_flux":"1.52E-14",
				"e_lower_luminosity":"1.97E+44",
				"e_upper_flux":"4.65E-14",
				"e_upper_luminosity":"6.04E+44",
				"energy":[
					"0.3",
					"2.0"
				],
				"flux":"3.09E-14",
				"instrument":"XRT",
				"luminosity":"4.01E+44",
				"mode":"PC",
				"nhmw":"0.3395",
				"photonindex":"1.59745",
				"telescope":"Swift",
				"u_countrate":"s^-1",
				"u_energy":"keV",
				"u_flux":"ergs/cm^2/s",
				"u_time":"MJD",
				"source":"1"
			},
			{
				"time":[
					"56048.7",
					"56049.254"
				],
				"countrate":"0.0359805",
				"e_countrate":"0.00114275",
				"e_lower_flux":"3.95E-14",
				"e_lower_luminosity":"5.13E+44",
				"e_upper_flux":"4.37E-14",
				"e_upper_luminosity":"5.67E+44",
				"energy":[
					"0.3",
					"2.0"
				],
				"flux":"4.16E-14",
				"instrument":"PN",
				"luminosity":"5.40E+44",
				"photonindex":"1.51",
				"telescope":"XMM",
				"u_countrate":"s^-1",
				"u_energy":"keV",
				"u_flux":"ergs/cm^2/s",
				"u_time":"MJD",
				"source":"1"
			},
			{
				"time":[
					"56052.7",
					"56052.700"
				],
				"countrate":"1.67",
				"energy":[
					"0.3",
					"2.0"
				],
				"flux":"5.72E-12",
				"instrument":"PN",
				"luminosity":"7.43E+46",
				"nhmw":"0.16",
				"photonindex":"1.885",
				"telescope":"XMM",
				"u_countrate":"s^-1",
				"u_energy":"keV",
				"u_flux":"ergs/cm^2/s",
				"u_time":"MJD",
				"upperlimit":true,
				"source":"1"
			},
			{
				"time":[
					"56126.6",
					"56126.703"
				],
				"countrate":"0.00225235",
				"e_countrate":"0.000627106",
				"e_lower_flux":"1.90E-14",
				"e_lower_luminosity":"2.47E+44",
				"e_upper_flux":"3.36E-14",
				"e_upper_luminosity":"4.36E+44",
				"energy":[
					"0.3",
					"2.0"
				],
				"flux":"2.63E-14",
				"instrument":"XRT",
				"luminosity":"3.41E+44",
				"mode":"PC",
				"nhmw":"0.34",
				"photonindex":"1.6",
				"telescope":"Swift",
				"u_countrate":"s^-1",
				"u_energy":"keV",
				"u_flux":"ergs/cm^2/s",
				"u_time":"MJD",
				"source":"1"
			},
			{
				"time":[
					"56383.8",
					"56384.142"
				],
				"countrate":"0.000431662",
				"energy":[
					"0.3",
					"2.0"
				],
				"flux":"5.48E-15",
				"instrument":"ACIS-S",
				"luminosity":"7.11E+43",
				"nhmw":"0.0697",
				"photonindex":"4.5",
				"telescope":"Chandra",
				"u_countrate":"s^-1",
				"u_energy":"keV",
				"u_flux":"ergs/cm^2/s",
				"u_time":"MJD",
				"upperlimit":true,
				"source":"1"
			},
			{
				"time":[
					"56596.3",
					"56596.870"
				],
				"countrate":"0.000353764",
				"energy":[
					"0.3",
					"2.0"
				],
				"flux":"4.49E-15",
				"instrument":"ACIS-S",
				"luminosity":"5.83E+43",
				"nhmw":"0.0697",
				"photonindex":"4.5",
				"telescope":"Chandra",
				"u_countrate":"s^-1",
				"u_energy":"keV",
				"u_flux":"ergs/cm^2/s",
				"u_time":"MJD",
				"upperlimit":true,
				"source":"1"
			},
			{
				"time":[
					"56976.1",
					"56976.100"
				],
				"countrate":"0.893",
				"energy":[
					"0.3",
					"2.0"
				],
				"flux":"3.06E-12",
				"instrument":"PN",
				"luminosity":"3.97E+46",
				"nhmw":"0.16",
				"photonindex":"1.885",
				"telescope":"XMM",
				"u_countrate":"s^-1",
				"u_energy":"keV",
				"u_flux":"ergs/cm^2/s",
				"u_time":"MJD",
				"upperlimit":true,
				"source":"1"
			}
		]
	}
}