{
	"Swift J1112-82":{
		"schema":"https://github.com/astrocatalogs/tidaldisruptions/blob/f405406/SCHEMA.md",
		"name":"Swift J1112-82",
		"sources":[
			{
				"name":"2017ApJ...838..149A",
				"bibcode":"2017ApJ...838..149A",
				"reference":"Auchettl, Guillochon, & Ramirez-Ruiz (2017)",
				"alias":"1"
			},
			{
				"name":"2016A&A...594A..13P",
				"bibcode":"2016A&A...594A..13P",
				"reference":"Planck Collaboration et al. (2016)",
				"alias":"2"
			},
			{
				"name":"2015arXiv150703582B",
				"bibcode":"2015arXiv150703582B",
				"reference":"Brown et al. (2015)",
				"alias":"3"
			},
			{
				"name":"2011ApJ...737..103S",
				"bibcode":"2011ApJ...737..103S",
				"reference":"Schlafly & Finkbeiner (2011)",
				"alias":"4"
			},
			{
				"name":"The Open TDE Catalog",
				"bibcode":"2017ApJ...835...64G",
				"reference":"Guillochon et al. (2017)",
				"secondary":true,
				"url":"https://tde.space",
				"alias":"5"
			}
		],
		"alias":[
			{
				"value":"Swift J1112-82",
				"source":"1,5"
			},
			{
				"value":"Swift J1112.2-8238",
				"source":"1,5"
			}
		],
		"citations":[
			{
				"value":"<a href='http://adsabs.harvard.edu/abs/2015arXiv150703582B'>Brown et al. 2015</a>*&Dagger;",
				"source":"3"
			}
		],
		"comovingdist":[
			{
				"value":"3100",
				"derived":true,
				"u_value":"Mpc",
				"source":"1,2,3,5"
			}
		],
		"dec":[
			{
				"value":"-82:38:44.20",
				"u_value":"degrees",
				"source":"1"
			}
		],
		"discoverdate":[
			{
				"value":"2011/12/27",
				"derived":true,
				"source":"1,5"
			}
		],
		"ebv":[
			{
				"value":"0.2527",
				"derived":true,
				"e_value":"0.0088",
				"source":"4,5"
			}
		],
		"host":[
			{
				"value":"Swift J1112.2-8238",
				"source":"1,3"
			}
		],
		"hostdec":[
			{
				"value":"-82:38:44.71",
				"u_value":"degrees",
				"source":"1"
			}
		],
		"hostoffsetang":[
			{
				"value":"7.218",
				"derived":true,
				"u_value":"arcseconds",
				"source":"1,5"
			}
		],
		"hostoffsetdist":[
			{
				"value":"57.4",
				"source":"1,2,3,5"
			}
		],
		"hostra":[
			{
				"value":"11:11:47.80",
				"u_value":"hours",
				"source":"1"
			}
		],
		"lumdist":[
			{
				"value":"5900",
				"derived":true,
				"u_value":"Mpc",
				"source":"1,2,3,5"
			}
		],
		"ra":[
			{
				"value":"11:11:47.32",
				"u_value":"hours",
				"source":"1"
			}
		],
		"redshift":[
			{
				"value":"0.89",
				"source":"1,3"
			}
		],
		"velocity":[
			{
				"value":"170000",
				"derived":true,
				"u_value":"km/s",
				"source":"5"
			}
		],
		"photometry":[
			{
				"time":[
					"48100",
					"48100.003"
				],
				"countrate":"0.0335",
				"energy":[
					"0.3",
					"2.0"
				],
				"flux":"3.91E-13",
				"instrument":"PSPC",
				"luminosity":"2.26E+45",
				"nhmw":"0.0909",
				"photonindex":"4.5",
				"telescope":"ROSAT",
				"u_countrate":"s^-1",
				"u_energy":"keV",
				"u_flux":"ergs/cm^2/s",
				"u_time":"MJD",
				"upperlimit":true,
				"source":"1"
			},
			{
				"time":[
					"54946.4",
					"54946.400"
				],
				"countrate":"1.21",
				"energy":[
					"0.3",
					"2.0"
				],
				"flux":"6.64E-12",
				"instrument":"PN",
				"luminosity":"3.83E+46",
				"nhmw":"0.0909",
				"photonindex":"4.5",
				"telescope":"XMM",
				"u_countrate":"s^-1",
				"u_energy":"keV",
				"u_flux":"ergs/cm^2/s",
				"u_time":"MJD",
				"upperlimit":true,
				"source":"1"
			},
			{
				"time":[
					"55922.7",
					"55923.120"
				],
				"countrate":"0.0681",
				"e_countrate":"0.00147",
				"e_lower_flux":"6.81E-13",
				"e_lower_luminosity":"3.93E+45",
				"e_upper_flux":"7.19E-13",
				"e_upper_luminosity":"4.15E+45",
				"energy":[
					"0.3",
					"2.0"
				],
				"flux":"7.03E-13",
				"instrument":"XRT",
				"luminosity":"4.06E+45",
				"mode":"PC",
				"photonindex":"1.314",
				"telescope":"Swift",
				"u_countrate":"s^-1",
				"u_energy":"keV",
				"u_flux":"ergs/cm^2/s",
				"u_time":"MJD",
				"source":"1"
			},
			{
				"time":[
					"56140.8",
					"56140.800"
				],
				"countrate":"0.514",
				"energy":[
					"0.3",
					"2.0"
				],
				"flux":"8.20E-13",
				"instrument":"PN",
				"luminosity":"4.73E+45",
				"nhmw":"0.0909",
				"photonindex":"4.5",
				"telescope":"XMM",
				"u_countrate":"s^-1",
				"u_energy":"keV",
				"u_flux":"ergs/cm^2/s",
				"u_time":"MJD",
				"upperlimit":true,
				"source":"1"
			},
			{
				"time":[
					"56356.1",
					"56356.100"
				],
				"countrate":"0.308",
				"energy":[
					"0.3",
					"2.0"
				],
				"flux":"1.69E-12",
				"instrument":"PN",
				"luminosity":"9.75E+45",
				"nhmw":"0.0909",
				"photonindex":"4.5",
				"telescope":"XMM",
				"u_countrate":"s^-1",
				"u_energy":"keV",
				"u_flux":"ergs/cm^2/s",
				"u_time":"MJD",
				"upperlimit":true,
				"source":"1"
			}
		]
	}
}