{
	"Swift J1112-82": {
		"hostdec": [
				{
					"source": "1", 
					"u_value": "degrees", 
					"value": "-82:38:44.71"
				}
		], 
		"lumdist": [
				{
					"u_value": "Mpc", 
					"derived": true, 
					"value": "5900", 
					"source": "1,2,3,5"
				}
		], 
		"photometry": [
				{
					"u_energy": "keV", 
					"telescope": "ROSAT", 
					"instrument": "PSPC", 
					"source": "1", 
					"luminosity": "2.26E+45", 
					"energy": [
						"0.3", 
						"2.0"
					], 
					"u_countrate": "s^-1", 
					"photonindex": "4.5", 
					"countrate": "0.0335", 
					"flux": "3.91E-13", 
					"nhmw": "0.0909", 
					"u_flux": "ergs/cm^2/s", 
					"u_time": "MJD", 
					"time": [
						"48100", 
						"48100.003"
					], 
					"upperlimit": true
				}, 
				{
					"u_energy": "keV", 
					"telescope": "XMM", 
					"instrument": "PN", 
					"source": "1", 
					"luminosity": "3.83E+46", 
					"energy": [
						"0.3", 
						"2.0"
					], 
					"u_countrate": "s^-1", 
					"photonindex": "4.5", 
					"countrate": "1.21", 
					"flux": "6.64E-12", 
					"nhmw": "0.0909", 
					"u_flux": "ergs/cm^2/s", 
					"u_time": "MJD", 
					"time": [
						"54946.4", 
						"54946.400"
					], 
					"upperlimit": true
				}, 
				{
					"e_upper_luminosity": "4.15E+45", 
					"u_energy": "keV", 
					"telescope": "Swift", 
					"instrument": "XRT", 
					"source": "1", 
					"luminosity": "4.06E+45", 
					"energy": [
						"0.3", 
						"2.0"
					], 
					"e_lower_luminosity": "3.93E+45", 
					"u_countrate": "s^-1", 
					"photonindex": "1.314", 
					"countrate": "0.0681", 
					"e_lower_flux": "6.81E-13", 
					"flux": "7.03E-13", 
					"u_flux": "ergs/cm^2/s", 
					"mode": "PC", 
					"e_upper_flux": "7.19E-13", 
					"time": [
						"55922.7", 
						"55923.120"
					], 
					"e_countrate": "0.00147", 
					"u_time": "MJD"
				}, 
				{
					"u_energy": "keV", 
					"telescope": "XMM", 
					"instrument": "PN", 
					"source": "1", 
					"luminosity": "4.73E+45", 
					"energy": [
						"0.3", 
						"2.0"
					], 
					"u_countrate": "s^-1", 
					"photonindex": "4.5", 
					"countrate": "0.514", 
					"flux": "8.20E-13", 
					"nhmw": "0.0909", 
					"u_flux": "ergs/cm^2/s", 
					"u_time": "MJD", 
					"time": [
						"56140.8", 
						"56140.800"
					], 
					"upperlimit": true
				}, 
				{
					"u_energy": "keV", 
					"telescope": "XMM", 
					"instrument": "PN", 
					"source": "1", 
					"luminosity": "9.75E+45", 
					"energy": [
						"0.3", 
						"2.0"
					], 
					"u_countrate": "s^-1", 
					"photonindex": "4.5", 
					"countrate": "0.308", 
					"flux": "1.69E-12", 
					"nhmw": "0.0909", 
					"u_flux": "ergs/cm^2/s", 
					"u_time": "MJD", 
					"time": [
						"56356.1", 
						"56356.100"
					], 
					"upperlimit": true
				}
		], 
		"comovingdist": [
				{
					"u_value": "Mpc", 
					"derived": true, 
					"value": "3100", 
					"source": "1,2,3,5"
				}
		], 
		"name": "Swift J1112-82", 
		"alias": [
				{
					"source": "1,5", 
					"value": "Swift J1112-82"
				}, 
				{
					"source": "1,5", 
					"value": "Swift J1112.2-8238"
				}
		], 
		"redshift": [
				{
					"source": "1,3", 
					"value": "0.89"
				}
		], 
		"host": [
				{
					"source": "1,3", 
					"value": "Swift J1112.2-8238"
				}
		], 
		"hostoffsetdist": [
				{
					"source": "1,2,3,5", 
					"value": "57.4"
				}
		], 
		"sources": [
				{
					"alias": "1", 
					"bibcode": "2017ApJ...838..149A", 
					"name": "2017ApJ...838..149A", 
					"reference": "Auchettl, Guillochon, & Ramirez-Ruiz (2017)"
				}, 
				{
					"alias": "2", 
					"bibcode": "2016A&A...594A..13P", 
					"name": "2016A&A...594A..13P", 
					"reference": "Planck Collaboration et al. (2016)"
				}, 
				{
					"alias": "3", 
					"bibcode": "2015arXiv150703582B", 
					"name": "2015arXiv150703582B", 
					"reference": "Brown et al. (2015)"
				}, 
				{
					"alias": "4", 
					"bibcode": "2011ApJ...737..103S", 
					"name": "2011ApJ...737..103S", 
					"reference": "Schlafly & Finkbeiner (2011)"
				}, 
				{
					"bibcode": "2017ApJ...835...64G", 
					"name": "The Open TDE Catalog", 
					"reference": "Guillochon et al. (2017)", 
					"url": "https://tde.space", 
					"alias": "5", 
					"secondary": true
				}
		], 
		"ebv": [
				{
					"e_value": "0.0088", 
					"derived": true, 
					"value": "0.2527", 
					"source": "4,5"
				}
		], 
		"citations": [
				{
					"source": "3", 
					"value": "<a href='http://adsabs.harvard.edu/abs/2015arXiv150703582B'>Brown et al. 2015</a>*&Dagger;"
				}
		], 
		"discoverdate": [
				{
					"source": "1,5", 
					"derived": true, 
					"value": "2011/12/27"
				}
		], 
		"ra": [
				{
					"source": "1", 
					"u_value": "hours", 
					"value": "11:11:47.32"
				}
		], 
		"hostra": [
				{
					"source": "1", 
					"u_value": "hours", 
					"value": "11:11:47.80"
				}
		], 
		"velocity": [
				{
					"u_value": "km/s", 
					"derived": true, 
					"value": "170000", 
					"source": "5"
				}
		], 
		"dec": [
				{
					"source": "1", 
					"u_value": "degrees", 
					"value": "-82:38:44.20"
				}
		], 
		"hostoffsetang": [
				{
					"u_value": "arcseconds", 
					"derived": true, 
					"value": "7.218", 
					"source": "1,5"
				}
		], 
		"schema": "https://github.com/astrocatalogs/tidaldisruptions/blob/f405406/SCHEMA.md"
	}
}