{
	"TDE1": {
		"ebv": [
				{
					"e_value": "0.0011", 
					"derived": true, 
					"value": "0.0338", 
					"source": "4,5"
				}
		], 
		"redshift": [
				{
					"source": "1", 
					"value": "0.136"
				}
		], 
		"maxvisualdate": [
				{
					"source": "3,5", 
					"derived": true, 
					"value": "2006/10/03"
				}
		], 
		"sources": [
				{
					"alias": "1", 
					"bibcode": "2017ApJ...838..149A", 
					"name": "2017ApJ...838..149A", 
					"reference": "Auchettl, Guillochon, & Ramirez-Ruiz (2017)"
				}, 
				{
					"alias": "2", 
					"bibcode": "2016A&A...594A..13P", 
					"name": "2016A&A...594A..13P", 
					"reference": "Planck Collaboration et al. (2016)"
				}, 
				{
					"alias": "3", 
					"bibcode": "2011ApJ...741...73V", 
					"name": "2011ApJ...741...73V", 
					"reference": "van Velzen et al. (2011)"
				}, 
				{
					"alias": "4", 
					"bibcode": "2011ApJ...737..103S", 
					"name": "2011ApJ...737..103S", 
					"reference": "Schlafly & Finkbeiner (2011)"
				}, 
				{
					"bibcode": "2017ApJ...835...64G", 
					"name": "The Open TDE Catalog", 
					"reference": "Guillochon et al. (2017)", 
					"url": "https://tde.space", 
					"alias": "5", 
					"secondary": true
				}, 
				{
					"bibcode": "2000A&AS..143....9W", 
					"name": "SIMBAD astronomical database", 
					"reference": "Wenger et al. (2000)", 
					"url": "http://simbad.u-strasbg.fr/", 
					"alias": "6", 
					"secondary": true
				}
		], 
		"maxabsmag": [
				{
					"source": "1,2,5", 
					"derived": true, 
					"value": "-18.96"
				}
		], 
		"hostdec": [
				{
					"source": "1", 
					"u_value": "degrees", 
					"value": "+01:06:29.30"
				}
		], 
		"comovingdist": [
				{
					"u_value": "Mpc", 
					"derived": true, 
					"value": "582", 
					"source": "1,2,5"
				}
		], 
		"maxappmag": [
				{
					"source": "3,5", 
					"derived": true, 
					"value": "20"
				}
		], 
		"maxdate": [
				{
					"source": "3,5", 
					"derived": true, 
					"value": "2006/10/03"
				}
		], 
		"maxvisualband": [
				{
					"source": "3,5", 
					"derived": true, 
					"value": "g"
				}
		], 
		"ra": [
				{
					"source": "3", 
					"u_value": "hours", 
					"value": "23:42:01.44"
				}, 
				{
					"source": "3,6", 
					"u_value": "hours", 
					"value": "23:42:01.406"
				}
		], 
		"maxvisualappmag": [
				{
					"source": "3,5", 
					"derived": true, 
					"value": "20"
				}
		], 
		"schema": "https://github.com/astrocatalogs/tidaldisruptions/blob/f405406/SCHEMA.md", 
		"hostra": [
				{
					"source": "1", 
					"u_value": "hours", 
					"value": "23:42:01.41"
				}
		], 
		"lumdist": [
				{
					"u_value": "Mpc", 
					"derived": true, 
					"value": "662", 
					"source": "1,2,5"
				}
		], 
		"maxband": [
				{
					"source": "3,5", 
					"derived": true, 
					"value": "g"
				}
		], 
		"host": [
				{
					"source": "1", 
					"value": "SDSS J234201.40+010629.2"
				}
		], 
		"discoverdate": [
				{
					"source": "3,5", 
					"derived": true, 
					"value": "2006/08/27"
				}
		], 
		"photometry": [
				{
					"zeropoint": "22.5", 
					"telescope": "SDSS", 
					"instrument": "SDSS", 
					"source": "3", 
					"upperlimitsigma": "3.0", 
					"u_countrate": "s^-1", 
					"countrate": "0.22", 
					"band": "g", 
					"e_upper_magnitude": "0.42", 
					"magnitude": "23", 
					"u_time": "MJD", 
					"time": "53693.21599", 
					"e_countrate": "0.30", 
					"upperlimit": true
				}, 
				{
					"zeropoint": "22.5", 
					"telescope": "SDSS", 
					"instrument": "SDSS", 
					"source": "3", 
					"upperlimitsigma": "3.0", 
					"u_countrate": "s^-1", 
					"countrate": "-2.01", 
					"band": "i", 
					"e_upper_magnitude": "0.3120", 
					"magnitude": "22.08", 
					"u_time": "MJD", 
					"time": "53693.21599", 
					"e_countrate": "0.49", 
					"upperlimit": true
				}, 
				{
					"zeropoint": "22.5", 
					"telescope": "SDSS", 
					"instrument": "SDSS", 
					"source": "3", 
					"upperlimitsigma": "3.0", 
					"u_countrate": "s^-1", 
					"countrate": "-0.29", 
					"band": "r", 
					"e_upper_magnitude": "0.3122", 
					"magnitude": "22.51", 
					"u_time": "MJD", 
					"time": "53693.21599", 
					"e_countrate": "0.33", 
					"upperlimit": true
				}, 
				{
					"zeropoint": "22.5", 
					"telescope": "SDSS", 
					"instrument": "SDSS", 
					"source": "3", 
					"upperlimitsigma": "3.0", 
					"u_countrate": "s^-1", 
					"countrate": "0.68", 
					"band": "u", 
					"e_upper_magnitude": "0.40", 
					"magnitude": "22", 
					"u_time": "MJD", 
					"time": "53693.21599", 
					"e_countrate": "0.71", 
					"upperlimit": true
				}, 
				{
					"zeropoint": "22.5", 
					"telescope": "SDSS", 
					"instrument": "SDSS", 
					"source": "3", 
					"upperlimitsigma": "3.0", 
					"u_countrate": "s^-1", 
					"countrate": "-0.24", 
					"band": "g", 
					"e_upper_magnitude": "0.3118", 
					"magnitude": "23.52", 
					"u_time": "MJD", 
					"time": "53704.19931", 
					"e_countrate": "0.13", 
					"upperlimit": true
				}, 
				{
					"zeropoint": "22.5", 
					"telescope": "SDSS", 
					"instrument": "SDSS", 
					"source": "3", 
					"upperlimitsigma": "3.0", 
					"u_countrate": "s^-1", 
					"countrate": "0.22", 
					"band": "i", 
					"e_upper_magnitude": "0.25", 
					"magnitude": "22", 
					"u_time": "MJD", 
					"time": "53704.19931", 
					"e_countrate": "0.43", 
					"upperlimit": true
				}, 
				{
					"zeropoint": "22.5", 
					"telescope": "SDSS", 
					"instrument": "SDSS", 
					"source": "3", 
					"upperlimitsigma": "3.0", 
					"u_countrate": "s^-1", 
					"countrate": "0.10", 
					"band": "r", 
					"e_upper_magnitude": "0.32", 
					"magnitude": "23", 
					"u_time": "MJD", 
					"time": "53704.19931", 
					"e_countrate": "0.23", 
					"upperlimit": true
				}, 
				{
					"zeropoint": "22.5", 
					"telescope": "SDSS", 
					"instrument": "SDSS", 
					"source": "3", 
					"upperlimitsigma": "3.0", 
					"u_countrate": "s^-1", 
					"countrate": "-0.29", 
					"band": "u", 
					"e_upper_magnitude": "0.3120", 
					"magnitude": "22.30", 
					"u_time": "MJD", 
					"time": "53704.19931", 
					"e_countrate": "0.40", 
					"upperlimit": true
				}, 
				{
					"telescope": "SDSS", 
					"instrument": "SDSS", 
					"source": "3", 
					"u_countrate": "s^-1", 
					"countrate": "5.03", 
					"band": "g", 
					"e_upper_magnitude": "0.0400", 
					"magnitude": "20.7", 
					"u_time": "MJD", 
					"time": "53974.29195", 
					"e_lower_magnitude": "0.0425", 
					"e_countrate": "0.19", 
					"zeropoint": "22.5"
				}, 
				{
					"telescope": "SDSS", 
					"instrument": "SDSS", 
					"source": "3", 
					"u_countrate": "s^-1", 
					"countrate": "2.90", 
					"band": "i", 
					"e_upper_magnitude": "0.15", 
					"magnitude": "21", 
					"u_time": "MJD", 
					"time": "53974.29195", 
					"e_lower_magnitude": "0.15", 
					"e_countrate": "0.37", 
					"zeropoint": "22.5"
				}, 
				{
					"telescope": "SDSS", 
					"instrument": "SDSS", 
					"source": "3", 
					"u_countrate": "s^-1", 
					"countrate": "3.83", 
					"band": "r", 
					"e_upper_magnitude": "0.0775", 
					"magnitude": "21.0", 
					"u_time": "MJD", 
					"time": "53974.29195", 
					"e_lower_magnitude": "0.0825", 
					"e_countrate": "0.28", 
					"zeropoint": "22.5"
				}, 
				{
					"telescope": "SDSS", 
					"instrument": "SDSS", 
					"source": "3", 
					"u_countrate": "s^-1", 
					"countrate": "6.59", 
					"band": "u", 
					"e_upper_magnitude": "0.0800", 
					"magnitude": "20.4", 
					"u_time": "MJD", 
					"time": "53974.29195", 
					"e_lower_magnitude": "0.0850", 
					"e_countrate": "0.50", 
					"zeropoint": "22.5"
				}, 
				{
					"telescope": "SDSS", 
					"instrument": "SDSS", 
					"source": "3", 
					"u_countrate": "s^-1", 
					"countrate": "5.81", 
					"band": "g", 
					"e_upper_magnitude": "0.0625", 
					"magnitude": "20.6", 
					"u_time": "MJD", 
					"time": "53989.29534", 
					"e_lower_magnitude": "0.0650", 
					"e_countrate": "0.34", 
					"zeropoint": "22.5"
				}, 
				{
					"telescope": "SDSS", 
					"instrument": "SDSS", 
					"source": "3", 
					"u_countrate": "s^-1", 
					"countrate": "1.63", 
					"band": "i", 
					"e_upper_magnitude": "0.310", 
					"magnitude": "22.0", 
					"u_time": "MJD", 
					"time": "53989.29534", 
					"e_lower_magnitude": "0.438", 
					"e_countrate": "0.54", 
					"zeropoint": "22.5"
				}, 
				{
					"telescope": "SDSS", 
					"instrument": "SDSS", 
					"source": "3", 
					"u_countrate": "s^-1", 
					"countrate": "2.82", 
					"band": "r", 
					"e_upper_magnitude": "0.135", 
					"magnitude": "21.4", 
					"u_time": "MJD", 
					"time": "53989.29534", 
					"e_lower_magnitude": "0.152", 
					"e_countrate": "0.37", 
					"zeropoint": "22.5"
				}, 
				{
					"telescope": "SDSS", 
					"instrument": "SDSS", 
					"source": "3", 
					"u_countrate": "s^-1", 
					"countrate": "7.96", 
					"band": "u", 
					"e_upper_magnitude": "0.0975", 
					"magnitude": "20.2", 
					"u_time": "MJD", 
					"time": "53989.29534", 
					"e_lower_magnitude": "0.108", 
					"e_countrate": "0.75", 
					"zeropoint": "22.5"
				}, 
				{
					"telescope": "SDSS", 
					"instrument": "SDSS", 
					"source": "3", 
					"u_countrate": "s^-1", 
					"countrate": "4.37", 
					"band": "g", 
					"e_upper_magnitude": "0.0475", 
					"magnitude": "20.9", 
					"u_time": "MJD", 
					"time": "53997.39098", 
					"e_lower_magnitude": "0.0475", 
					"e_countrate": "0.19", 
					"zeropoint": "22.5"
				}, 
				{
					"telescope": "SDSS", 
					"instrument": "SDSS", 
					"source": "3", 
					"u_countrate": "s^-1", 
					"countrate": "1.94", 
					"band": "i", 
					"e_upper_magnitude": "0.252", 
					"magnitude": "21.8", 
					"u_time": "MJD", 
					"time": "53997.39098", 
					"e_lower_magnitude": "0.332", 
					"e_countrate": "0.51", 
					"zeropoint": "22.5"
				}, 
				{
					"telescope": "SDSS", 
					"instrument": "SDSS", 
					"source": "3", 
					"u_countrate": "s^-1", 
					"countrate": "1.79", 
					"band": "r", 
					"e_upper_magnitude": "0.148", 
					"magnitude": "21.9", 
					"u_time": "MJD", 
					"time": "53997.39098", 
					"e_lower_magnitude": "0.170", 
					"e_countrate": "0.26", 
					"zeropoint": "22.5"
				}, 
				{
					"telescope": "SDSS", 
					"instrument": "SDSS", 
					"source": "3", 
					"u_countrate": "s^-1", 
					"countrate": "2.84", 
					"band": "u", 
					"e_upper_magnitude": "0.170", 
					"magnitude": "21.4", 
					"u_time": "MJD", 
					"time": "53997.39098", 
					"e_lower_magnitude": "0.200", 
					"e_countrate": "0.48", 
					"zeropoint": "22.5"
				}, 
				{
					"telescope": "SDSS", 
					"instrument": "SDSS", 
					"source": "3", 
					"u_countrate": "s^-1", 
					"countrate": "3.68", 
					"band": "g", 
					"e_upper_magnitude": "0.0600", 
					"magnitude": "21.1", 
					"u_time": "MJD", 
					"time": "54000.27076", 
					"e_lower_magnitude": "0.0650", 
					"e_countrate": "0.21", 
					"zeropoint": "22.5"
				}, 
				{
					"telescope": "SDSS", 
					"instrument": "SDSS", 
					"source": "3", 
					"u_countrate": "s^-1", 
					"countrate": "2.34", 
					"band": "i", 
					"e_upper_magnitude": "0.195", 
					"magnitude": "21.6", 
					"u_time": "MJD", 
					"time": "54000.27076", 
					"e_lower_magnitude": "0.238", 
					"e_countrate": "0.46", 
					"zeropoint": "22.5"
				}, 
				{
					"telescope": "SDSS", 
					"instrument": "SDSS", 
					"source": "3", 
					"u_countrate": "s^-1", 
					"countrate": "2.21", 
					"band": "r", 
					"e_upper_magnitude": "0.130", 
					"magnitude": "21.6", 
					"u_time": "MJD", 
					"time": "54000.27076", 
					"e_lower_magnitude": "0.145", 
					"e_countrate": "0.28", 
					"zeropoint": "22.5"
				}, 
				{
					"telescope": "SDSS", 
					"instrument": "SDSS", 
					"source": "3", 
					"u_countrate": "s^-1", 
					"countrate": "5.12", 
					"band": "u", 
					"e_upper_magnitude": "0.0975", 
					"magnitude": "20.7", 
					"u_time": "MJD", 
					"time": "54000.27076", 
					"e_lower_magnitude": "0.105", 
					"e_countrate": "0.48", 
					"zeropoint": "22.5"
				}, 
				{
					"telescope": "SDSS", 
					"instrument": "SDSS", 
					"source": "3", 
					"u_countrate": "s^-1", 
					"countrate": "4.20", 
					"band": "g", 
					"e_upper_magnitude": "0.050", 
					"magnitude": "21", 
					"u_time": "MJD", 
					"time": "54007.32090", 
					"e_lower_magnitude": "0.050", 
					"e_countrate": "0.19", 
					"zeropoint": "22.5"
				}, 
				{
					"telescope": "SDSS", 
					"instrument": "SDSS", 
					"source": "3", 
					"u_countrate": "s^-1", 
					"countrate": "1.64", 
					"band": "i", 
					"e_upper_magnitude": "0.268", 
					"magnitude": "22.0", 
					"u_time": "MJD", 
					"time": "54007.32090", 
					"e_lower_magnitude": "0.358", 
					"e_countrate": "0.46", 
					"zeropoint": "22.5"
				}, 
				{
					"telescope": "SDSS", 
					"instrument": "SDSS", 
					"source": "3", 
					"u_countrate": "s^-1", 
					"countrate": "2.82", 
					"band": "r", 
					"e_upper_magnitude": "0.100", 
					"magnitude": "21.4", 
					"u_time": "MJD", 
					"time": "54007.32090", 
					"e_lower_magnitude": "0.108", 
					"e_countrate": "0.27", 
					"zeropoint": "22.5"
				}, 
				{
					"telescope": "SDSS", 
					"instrument": "SDSS", 
					"source": "3", 
					"u_countrate": "s^-1", 
					"countrate": "4.85", 
					"band": "u", 
					"e_upper_magnitude": "0.112", 
					"magnitude": "20.8", 
					"u_time": "MJD", 
					"time": "54007.32090", 
					"e_lower_magnitude": "0.128", 
					"e_countrate": "0.53", 
					"zeropoint": "22.5"
				}, 
				{
					"telescope": "SDSS", 
					"instrument": "SDSS", 
					"source": "3", 
					"u_countrate": "s^-1", 
					"countrate": "3.06", 
					"band": "g", 
					"e_upper_magnitude": "0.0675", 
					"magnitude": "21.3", 
					"u_time": "MJD", 
					"time": "54009.24468", 
					"e_lower_magnitude": "0.0750", 
					"e_countrate": "0.20", 
					"zeropoint": "22.5"
				}, 
				{
					"zeropoint": "22.5", 
					"telescope": "SDSS", 
					"instrument": "SDSS", 
					"source": "3", 
					"upperlimitsigma": "3.0", 
					"u_countrate": "s^-1", 
					"countrate": "0.79", 
					"band": "i", 
					"e_upper_magnitude": "0.30", 
					"magnitude": "22", 
					"u_time": "MJD", 
					"time": "54009.24468", 
					"e_lower_magnitude": "0.295", 
					"e_countrate": "0.46", 
					"upperlimit": true
				}, 
				{
					"telescope": "SDSS", 
					"instrument": "SDSS", 
					"source": "3", 
					"u_countrate": "s^-1", 
					"countrate": "1.26", 
					"band": "r", 
					"e_upper_magnitude": "0.232", 
					"magnitude": "22.2", 
					"u_time": "MJD", 
					"time": "54009.24468", 
					"e_lower_magnitude": "0.295", 
					"e_countrate": "0.30", 
					"zeropoint": "22.5"
				}, 
				{
					"telescope": "SDSS", 
					"instrument": "SDSS", 
					"source": "3", 
					"u_countrate": "s^-1", 
					"countrate": "3.33", 
					"band": "u", 
					"e_upper_magnitude": "0.155", 
					"magnitude": "21.2", 
					"u_time": "MJD", 
					"time": "54009.24468", 
					"e_lower_magnitude": "0.180", 
					"e_countrate": "0.51", 
					"zeropoint": "22.5"
				}, 
				{
					"telescope": "SDSS", 
					"instrument": "SDSS", 
					"source": "3", 
					"u_countrate": "s^-1", 
					"countrate": "4.00", 
					"band": "g", 
					"e_upper_magnitude": "0.00", 
					"magnitude": "2E+1", 
					"u_time": "MJD", 
					"time": "54011.30916", 
					"e_lower_magnitude": "0.00", 
					"e_countrate": "0.30", 
					"zeropoint": "22.5"
				}, 
				{
					"telescope": "SDSS", 
					"instrument": "SDSS", 
					"source": "3", 
					"u_countrate": "s^-1", 
					"countrate": "4.38", 
					"band": "g", 
					"e_upper_magnitude": "0.0750", 
					"magnitude": "20.9", 
					"u_time": "MJD", 
					"time": "54011.30916", 
					"e_lower_magnitude": "0.0775", 
					"e_countrate": "0.31", 
					"zeropoint": "22.5"
				}, 
				{
					"telescope": "SDSS", 
					"instrument": "SDSS", 
					"source": "3", 
					"u_countrate": "s^-1", 
					"countrate": "2.35", 
					"band": "i", 
					"e_upper_magnitude": "0.212", 
					"magnitude": "21.6", 
					"u_time": "MJD", 
					"time": "54011.30916", 
					"e_lower_magnitude": "0.265", 
					"e_countrate": "0.51", 
					"zeropoint": "22.5"
				}, 
				{
					"telescope": "SDSS", 
					"instrument": "SDSS", 
					"source": "3", 
					"u_countrate": "s^-1", 
					"countrate": "2.25", 
					"band": "i", 
					"e_upper_magnitude": "0.252", 
					"magnitude": "21.6", 
					"u_time": "MJD", 
					"time": "54011.30916", 
					"e_lower_magnitude": "0.330", 
					"e_countrate": "0.59", 
					"zeropoint": "22.5"
				}, 
				{
					"telescope": "SDSS", 
					"instrument": "SDSS", 
					"source": "3", 
					"u_countrate": "s^-1", 
					"countrate": "3.35", 
					"band": "r", 
					"e_upper_magnitude": "0.108", 
					"magnitude": "21.2", 
					"u_time": "MJD", 
					"time": "54011.30916", 
					"e_lower_magnitude": "0.120", 
					"e_countrate": "0.35", 
					"zeropoint": "22.5"
				}, 
				{
					"telescope": "SDSS", 
					"instrument": "SDSS", 
					"source": "3", 
					"u_countrate": "s^-1", 
					"countrate": "3.34", 
					"band": "r", 
					"e_upper_magnitude": "0.105", 
					"magnitude": "21.2", 
					"u_time": "MJD", 
					"time": "54011.30916", 
					"e_lower_magnitude": "0.118", 
					"e_countrate": "0.34", 
					"zeropoint": "22.5"
				}, 
				{
					"telescope": "SDSS", 
					"instrument": "SDSS", 
					"source": "3", 
					"u_countrate": "s^-1", 
					"countrate": "4.33", 
					"band": "u", 
					"e_upper_magnitude": "0.135", 
					"magnitude": "20.9", 
					"u_time": "MJD", 
					"time": "54011.30916", 
					"e_lower_magnitude": "0.152", 
					"e_countrate": "0.57", 
					"zeropoint": "22.5"
				}, 
				{
					"telescope": "SDSS", 
					"instrument": "SDSS", 
					"source": "3", 
					"u_countrate": "s^-1", 
					"countrate": "3.53", 
					"band": "u", 
					"e_upper_magnitude": "0.158", 
					"magnitude": "21.1", 
					"u_time": "MJD", 
					"time": "54011.30916", 
					"e_lower_magnitude": "0.185", 
					"e_countrate": "0.55", 
					"zeropoint": "22.5"
				}, 
				{
					"telescope": "SDSS", 
					"instrument": "SDSS", 
					"source": "3", 
					"u_countrate": "s^-1", 
					"countrate": "2.32", 
					"band": "g", 
					"e_upper_magnitude": "0.105", 
					"magnitude": "21.6", 
					"u_time": "MJD", 
					"time": "54019.25938", 
					"e_lower_magnitude": "0.112", 
					"e_countrate": "0.23", 
					"zeropoint": "22.5"
				}, 
				{
					"telescope": "SDSS", 
					"instrument": "SDSS", 
					"source": "3", 
					"u_countrate": "s^-1", 
					"countrate": "3.23", 
					"band": "i", 
					"e_upper_magnitude": "0.188", 
					"magnitude": "21.2", 
					"u_time": "MJD", 
					"time": "54019.25938", 
					"e_lower_magnitude": "0.228", 
					"e_countrate": "0.61", 
					"zeropoint": "22.5"
				}, 
				{
					"telescope": "SDSS", 
					"instrument": "SDSS", 
					"source": "3", 
					"u_countrate": "s^-1", 
					"countrate": "2.09", 
					"band": "r", 
					"e_upper_magnitude": "0.150", 
					"magnitude": "21.7", 
					"u_time": "MJD", 
					"time": "54019.25938", 
					"e_lower_magnitude": "0.175", 
					"e_countrate": "0.31", 
					"zeropoint": "22.5"
				}, 
				{
					"telescope": "SDSS", 
					"instrument": "SDSS", 
					"source": "3", 
					"u_countrate": "s^-1", 
					"countrate": "3.60", 
					"band": "u", 
					"e_upper_magnitude": "0.15", 
					"magnitude": "21", 
					"u_time": "MJD", 
					"time": "54019.25938", 
					"e_lower_magnitude": "0.20", 
					"e_countrate": "0.57", 
					"zeropoint": "22.5"
				}, 
				{
					"zeropoint": "22.5", 
					"telescope": "SDSS", 
					"instrument": "SDSS", 
					"source": "3", 
					"upperlimitsigma": "3.0", 
					"u_countrate": "s^-1", 
					"countrate": "3.12", 
					"band": "g", 
					"e_upper_magnitude": "0.0650", 
					"magnitude": "21.3", 
					"u_time": "MJD", 
					"time": "54025.30818", 
					"e_lower_magnitude": "0.0675", 
					"e_countrate": "0.19", 
					"upperlimit": true
				}, 
				{
					"telescope": "SDSS", 
					"instrument": "SDSS", 
					"source": "3", 
					"u_countrate": "s^-1", 
					"countrate": "2.86", 
					"band": "g", 
					"e_upper_magnitude": "0.0625", 
					"magnitude": "21.4", 
					"u_time": "MJD", 
					"time": "54025.30818", 
					"e_lower_magnitude": "0.0650", 
					"e_countrate": "0.17", 
					"zeropoint": "22.5"
				}, 
				{
					"zeropoint": "22.5", 
					"telescope": "SDSS", 
					"instrument": "SDSS", 
					"source": "3", 
					"upperlimitsigma": "3.0", 
					"u_countrate": "s^-1", 
					"countrate": "-1.39", 
					"band": "i", 
					"e_upper_magnitude": "0.3128", 
					"magnitude": "21.90", 
					"u_time": "MJD", 
					"time": "54025.30818", 
					"e_lower_magnitude": "0.0650", 
					"e_countrate": "0.58", 
					"upperlimit": true
				}, 
				{
					"zeropoint": "22.5", 
					"telescope": "SDSS", 
					"instrument": "SDSS", 
					"source": "3", 
					"upperlimitsigma": "3.0", 
					"u_countrate": "s^-1", 
					"countrate": "-1.00", 
					"band": "i", 
					"e_upper_magnitude": "0.35", 
					"magnitude": "22", 
					"u_time": "MJD", 
					"time": "54025.30818", 
					"e_lower_magnitude": "0.0675", 
					"e_countrate": "0.60", 
					"upperlimit": true
				}, 
				{
					"zeropoint": "22.5", 
					"telescope": "SDSS", 
					"instrument": "SDSS", 
					"source": "3", 
					"upperlimitsigma": "3.0", 
					"u_countrate": "s^-1", 
					"countrate": "-0.09", 
					"band": "r", 
					"e_upper_magnitude": "0.3128", 
					"magnitude": "22.25", 
					"u_time": "MJD", 
					"time": "54025.30818", 
					"e_lower_magnitude": "0.0650", 
					"e_countrate": "0.42", 
					"upperlimit": true
				}, 
				{
					"zeropoint": "22.5", 
					"telescope": "SDSS", 
					"instrument": "SDSS", 
					"source": "3", 
					"upperlimitsigma": "3.0", 
					"u_countrate": "s^-1", 
					"countrate": "-0.02", 
					"band": "r", 
					"e_upper_magnitude": "0.3135", 
					"magnitude": "22.28", 
					"u_time": "MJD", 
					"time": "54025.30818", 
					"e_lower_magnitude": "0.0675", 
					"e_countrate": "0.41", 
					"upperlimit": true
				}, 
				{
					"zeropoint": "22.5", 
					"telescope": "SDSS", 
					"instrument": "SDSS", 
					"source": "3", 
					"upperlimitsigma": "3.0", 
					"u_countrate": "s^-1", 
					"countrate": "0.47", 
					"band": "u", 
					"e_upper_magnitude": "0.38", 
					"magnitude": "21", 
					"u_time": "MJD", 
					"time": "54025.30818", 
					"e_countrate": "1.60", 
					"upperlimit": true
				}, 
				{
					"telescope": "SDSS", 
					"instrument": "SDSS", 
					"source": "3", 
					"u_countrate": "s^-1", 
					"countrate": "1.79", 
					"band": "u", 
					"e_upper_magnitude": "0.198", 
					"magnitude": "21.9", 
					"u_time": "MJD", 
					"time": "54025.30818", 
					"e_lower_magnitude": "0.245", 
					"e_countrate": "0.36", 
					"zeropoint": "22.5"
				}, 
				{
					"telescope": "SDSS", 
					"instrument": "SDSS", 
					"source": "3", 
					"u_countrate": "s^-1", 
					"countrate": "2.65", 
					"band": "g", 
					"e_upper_magnitude": "0.0600", 
					"magnitude": "21.4", 
					"u_time": "MJD", 
					"time": "54029.23852", 
					"e_lower_magnitude": "0.0625", 
					"e_countrate": "0.15", 
					"zeropoint": "22.5"
				}, 
				{
					"telescope": "SDSS", 
					"instrument": "SDSS", 
					"source": "3", 
					"u_countrate": "s^-1", 
					"countrate": "1.62", 
					"band": "i", 
					"e_upper_magnitude": "0.310", 
					"magnitude": "22.0", 
					"u_time": "MJD", 
					"time": "54029.23852", 
					"e_lower_magnitude": "0.442", 
					"e_countrate": "0.54", 
					"zeropoint": "22.5"
				}, 
				{
					"telescope": "SDSS", 
					"instrument": "SDSS", 
					"source": "3", 
					"u_countrate": "s^-1", 
					"countrate": "2.42", 
					"band": "r", 
					"e_upper_magnitude": "0.118", 
					"magnitude": "21.5", 
					"u_time": "MJD", 
					"time": "54029.23852", 
					"e_lower_magnitude": "0.135", 
					"e_countrate": "0.28", 
					"zeropoint": "22.5"
				}, 
				{
					"telescope": "SDSS", 
					"instrument": "SDSS", 
					"source": "3", 
					"u_countrate": "s^-1", 
					"countrate": "3.89", 
					"band": "u", 
					"e_upper_magnitude": "0.132", 
					"magnitude": "21.0", 
					"u_time": "MJD", 
					"time": "54029.23852", 
					"e_lower_magnitude": "0.152", 
					"e_countrate": "0.51", 
					"zeropoint": "22.5"
				}, 
				{
					"telescope": "SDSS", 
					"instrument": "SDSS", 
					"source": "3", 
					"u_countrate": "s^-1", 
					"countrate": "2.55", 
					"band": "g", 
					"e_upper_magnitude": "0.0650", 
					"magnitude": "21.5", 
					"u_time": "MJD", 
					"time": "54031.22545", 
					"e_lower_magnitude": "0.0725", 
					"e_countrate": "0.16", 
					"zeropoint": "22.5"
				}, 
				{
					"telescope": "SDSS", 
					"instrument": "SDSS", 
					"source": "3", 
					"u_countrate": "s^-1", 
					"countrate": "1.44", 
					"band": "i", 
					"e_upper_magnitude": "0.312", 
					"magnitude": "22.1", 
					"u_time": "MJD", 
					"time": "54031.22545", 
					"e_lower_magnitude": "0.440", 
					"e_countrate": "0.48", 
					"zeropoint": "22.5"
				}, 
				{
					"telescope": "SDSS", 
					"instrument": "SDSS", 
					"source": "3", 
					"u_countrate": "s^-1", 
					"countrate": "1.64", 
					"band": "r", 
					"e_upper_magnitude": "0.170", 
					"magnitude": "22.0", 
					"u_time": "MJD", 
					"time": "54031.22545", 
					"e_lower_magnitude": "0.202", 
					"e_countrate": "0.28", 
					"zeropoint": "22.5"
				}, 
				{
					"telescope": "SDSS", 
					"instrument": "SDSS", 
					"source": "3", 
					"u_countrate": "s^-1", 
					"countrate": "2.71", 
					"band": "u", 
					"e_upper_magnitude": "0.180", 
					"magnitude": "21.4", 
					"u_time": "MJD", 
					"time": "54031.22545", 
					"e_lower_magnitude": "0.218", 
					"e_countrate": "0.49", 
					"zeropoint": "22.5"
				}, 
				{
					"telescope": "SDSS", 
					"instrument": "SDSS", 
					"source": "3", 
					"u_countrate": "s^-1", 
					"countrate": "1.64", 
					"band": "g", 
					"e_upper_magnitude": "0.0950", 
					"magnitude": "22.0", 
					"u_time": "MJD", 
					"time": "54036.23021", 
					"e_lower_magnitude": "0.105", 
					"e_countrate": "0.15", 
					"zeropoint": "22.5"
				}, 
				{
					"zeropoint": "22.5", 
					"telescope": "SDSS", 
					"instrument": "SDSS", 
					"source": "3", 
					"upperlimitsigma": "3.0", 
					"u_countrate": "s^-1", 
					"countrate": "0.68", 
					"band": "i", 
					"e_upper_magnitude": "0.30", 
					"magnitude": "22", 
					"u_time": "MJD", 
					"time": "54036.23021", 
					"e_lower_magnitude": "0.175", 
					"e_countrate": "0.47", 
					"upperlimit": true
				}, 
				{
					"telescope": "SDSS", 
					"instrument": "SDSS", 
					"source": "3", 
					"u_countrate": "s^-1", 
					"countrate": "1.88", 
					"band": "r", 
					"e_upper_magnitude": "0.150", 
					"magnitude": "21.8", 
					"u_time": "MJD", 
					"time": "54036.23021", 
					"e_lower_magnitude": "0.175", 
					"e_countrate": "0.28", 
					"zeropoint": "22.5"
				}, 
				{
					"telescope": "SDSS", 
					"instrument": "SDSS", 
					"source": "3", 
					"u_countrate": "s^-1", 
					"countrate": "3.87", 
					"band": "u", 
					"e_upper_magnitude": "0.132", 
					"magnitude": "21.0", 
					"u_time": "MJD", 
					"time": "54036.23021", 
					"e_lower_magnitude": "0.155", 
					"e_countrate": "0.51", 
					"zeropoint": "22.5"
				}, 
				{
					"telescope": "SDSS", 
					"instrument": "SDSS", 
					"source": "3", 
					"u_countrate": "s^-1", 
					"countrate": "2.30", 
					"band": "g", 
					"e_upper_magnitude": "0.12", 
					"magnitude": "22", 
					"u_time": "MJD", 
					"time": "54039.22836", 
					"e_lower_magnitude": "0.15", 
					"e_countrate": "0.27", 
					"zeropoint": "22.5"
				}, 
				{
					"zeropoint": "22.5", 
					"telescope": "SDSS", 
					"instrument": "SDSS", 
					"source": "3", 
					"upperlimitsigma": "3.0", 
					"u_countrate": "s^-1", 
					"countrate": "1.07", 
					"band": "i", 
					"e_upper_magnitude": "0.312", 
					"magnitude": "22.0", 
					"u_time": "MJD", 
					"time": "54039.22836", 
					"e_lower_magnitude": "0.198", 
					"e_countrate": "0.53", 
					"upperlimit": true
				}, 
				{
					"telescope": "SDSS", 
					"instrument": "SDSS", 
					"source": "3", 
					"u_countrate": "s^-1", 
					"countrate": "1.93", 
					"band": "r", 
					"e_upper_magnitude": "0.165", 
					"magnitude": "21.8", 
					"u_time": "MJD", 
					"time": "54039.22836", 
					"e_lower_magnitude": "0.198", 
					"e_countrate": "0.32", 
					"zeropoint": "22.5"
				}, 
				{
					"telescope": "SDSS", 
					"instrument": "SDSS", 
					"source": "3", 
					"u_countrate": "s^-1", 
					"countrate": "3.40", 
					"band": "u", 
					"e_upper_magnitude": "0.18", 
					"magnitude": "21", 
					"u_time": "MJD", 
					"time": "54039.22836", 
					"e_lower_magnitude": "0.20", 
					"e_countrate": "0.59", 
					"zeropoint": "22.5"
				}, 
				{
					"telescope": "SDSS", 
					"instrument": "SDSS", 
					"source": "3", 
					"u_countrate": "s^-1", 
					"countrate": "3.14", 
					"band": "g", 
					"e_upper_magnitude": "0.0825", 
					"magnitude": "21.3", 
					"u_time": "MJD", 
					"time": "54048.22297", 
					"e_lower_magnitude": "0.0900", 
					"e_countrate": "0.25", 
					"zeropoint": "22.5"
				}, 
				{
					"telescope": "SDSS", 
					"instrument": "SDSS", 
					"source": "3", 
					"u_countrate": "s^-1", 
					"countrate": "2.66", 
					"band": "i", 
					"e_upper_magnitude": "0.215", 
					"magnitude": "21.4", 
					"u_time": "MJD", 
					"time": "54048.22297", 
					"e_lower_magnitude": "0.268", 
					"e_countrate": "0.58", 
					"zeropoint": "22.5"
				}, 
				{
					"telescope": "SDSS", 
					"instrument": "SDSS", 
					"source": "3", 
					"u_countrate": "s^-1", 
					"countrate": "2.01", 
					"band": "r", 
					"e_upper_magnitude": "0.155", 
					"magnitude": "21.7", 
					"u_time": "MJD", 
					"time": "54048.22297", 
					"e_lower_magnitude": "0.182", 
					"e_countrate": "0.31", 
					"zeropoint": "22.5"
				}, 
				{
					"telescope": "SDSS", 
					"instrument": "SDSS", 
					"source": "3", 
					"u_countrate": "s^-1", 
					"countrate": "2.86", 
					"band": "u", 
					"e_upper_magnitude": "0.192", 
					"magnitude": "21.4", 
					"u_time": "MJD", 
					"time": "54048.22297", 
					"e_lower_magnitude": "0.230", 
					"e_countrate": "0.55", 
					"zeropoint": "22.5"
				}, 
				{
					"zeropoint": "22.5", 
					"telescope": "SDSS", 
					"instrument": "SDSS", 
					"source": "3", 
					"upperlimitsigma": "3.0", 
					"u_countrate": "s^-1", 
					"countrate": "1.09", 
					"band": "g", 
					"e_upper_magnitude": "0.310", 
					"magnitude": "22.4", 
					"u_time": "MJD", 
					"time": "54052.22710", 
					"e_lower_magnitude": "0.435", 
					"e_countrate": "0.36", 
					"upperlimit": true
				}, 
				{
					"zeropoint": "22.5", 
					"telescope": "SDSS", 
					"instrument": "SDSS", 
					"source": "3", 
					"upperlimitsigma": "3.0", 
					"u_countrate": "s^-1", 
					"countrate": "-1.49", 
					"band": "i", 
					"e_upper_magnitude": "0.3122", 
					"magnitude": "21.88", 
					"u_time": "MJD", 
					"time": "54052.22710", 
					"e_lower_magnitude": "0.435", 
					"e_countrate": "0.59", 
					"upperlimit": true
				}, 
				{
					"zeropoint": "22.5", 
					"telescope": "SDSS", 
					"instrument": "SDSS", 
					"source": "3", 
					"upperlimitsigma": "3.0", 
					"u_countrate": "s^-1", 
					"countrate": "-0.21", 
					"band": "r", 
					"e_upper_magnitude": "0.3115", 
					"magnitude": "22.54", 
					"u_time": "MJD", 
					"time": "54052.22710", 
					"e_lower_magnitude": "0.435", 
					"e_countrate": "0.32", 
					"upperlimit": true
				}, 
				{
					"zeropoint": "22.5", 
					"telescope": "SDSS", 
					"instrument": "SDSS", 
					"source": "3", 
					"upperlimitsigma": "3.0", 
					"u_countrate": "s^-1", 
					"countrate": "2.79", 
					"band": "u", 
					"e_upper_magnitude": "0.312", 
					"magnitude": "20.4", 
					"u_time": "MJD", 
					"time": "54052.22710", 
					"e_countrate": "2.30", 
					"upperlimit": true
				}, 
				{
					"telescope": "SDSS", 
					"instrument": "SDSS", 
					"source": "3", 
					"u_countrate": "s^-1", 
					"countrate": "2.03", 
					"band": "g", 
					"e_upper_magnitude": "0.145", 
					"magnitude": "21.7", 
					"u_time": "MJD", 
					"time": "54054.24582", 
					"e_lower_magnitude": "0.165", 
					"e_countrate": "0.29", 
					"zeropoint": "22.5"
				}, 
				{
					"zeropoint": "22.5", 
					"telescope": "SDSS", 
					"instrument": "SDSS", 
					"source": "3", 
					"upperlimitsigma": "3.0", 
					"u_countrate": "s^-1", 
					"countrate": "0.02", 
					"band": "i", 
					"e_upper_magnitude": "0.00", 
					"magnitude": "2E+1", 
					"u_time": "MJD", 
					"time": "54054.24582", 
					"e_lower_magnitude": "0.368", 
					"e_countrate": "0.70", 
					"upperlimit": true
				}, 
				{
					"telescope": "SDSS", 
					"instrument": "SDSS", 
					"source": "3", 
					"u_countrate": "s^-1", 
					"countrate": "1.54", 
					"band": "r", 
					"e_upper_magnitude": "0.272", 
					"magnitude": "22.0", 
					"u_time": "MJD", 
					"time": "54054.24582", 
					"e_lower_magnitude": "0.368", 
					"e_countrate": "0.44", 
					"zeropoint": "22.5"
				}, 
				{
					"telescope": "SDSS", 
					"instrument": "SDSS", 
					"source": "3", 
					"u_countrate": "s^-1", 
					"countrate": "3.52", 
					"band": "u", 
					"e_upper_magnitude": "0.230", 
					"magnitude": "21.1", 
					"u_time": "MJD", 
					"time": "54054.24582", 
					"e_lower_magnitude": "0.298", 
					"e_countrate": "0.84", 
					"zeropoint": "22.5"
				}
		], 
		"name": "TDE1", 
		"hostoffsetdist": [
				{
					"source": "1,2,3,5", 
					"value": "1.12"
				}
		], 
		"alias": [
				{
					"source": "1,3,6", 
					"value": "TDE1"
				}
		], 
		"velocity": [
				{
					"u_value": "km/s", 
					"derived": true, 
					"value": "38000", 
					"source": "5"
				}
		], 
		"dec": [
				{
					"source": "3", 
					"u_value": "degrees", 
					"value": "+01:06:29.268"
				}, 
				{
					"source": "3,6", 
					"u_value": "degrees", 
					"value": "+01:06:29.30"
				}
		], 
		"hostoffsetang": [
				{
					"u_value": "arcseconds", 
					"derived": true, 
					"value": "0.4511", 
					"source": "1,3,5"
				}
		]
	}
}