{
	"TDE2":{
		"schema":"https://github.com/astrocatalogs/tidaldisruptions/blob/f405406/SCHEMA.md",
		"name":"TDE2",
		"sources":[
			{
				"name":"2017ApJ...838..149A",
				"bibcode":"2017ApJ...838..149A",
				"reference":"Auchettl, Guillochon, & Ramirez-Ruiz (2017)",
				"alias":"1"
			},
			{
				"name":"2016A&A...594A..13P",
				"bibcode":"2016A&A...594A..13P",
				"reference":"Planck Collaboration et al. (2016)",
				"alias":"2"
			},
			{
				"name":"2011ApJ...741...73V",
				"bibcode":"2011ApJ...741...73V",
				"reference":"van Velzen et al. (2011)",
				"alias":"3"
			},
			{
				"name":"2011ApJ...737..103S",
				"bibcode":"2011ApJ...737..103S",
				"reference":"Schlafly & Finkbeiner (2011)",
				"alias":"4"
			},
			{
				"name":"The Open TDE Catalog",
				"bibcode":"2017ApJ...835...64G",
				"reference":"Guillochon et al. (2017)",
				"secondary":true,
				"url":"https://tde.space",
				"alias":"5"
			},
			{
				"name":"SIMBAD astronomical database",
				"bibcode":"2000A&AS..143....9W",
				"reference":"Wenger et al. (2000)",
				"secondary":true,
				"url":"http://simbad.u-strasbg.fr/",
				"alias":"6"
			}
		],
		"alias":[
			{
				"value":"TDE2",
				"source":"1,3,6"
			}
		],
		"citations":[
			{
				"value":"<a href='http://adsabs.harvard.edu/abs/2011ApJ...741...73V'>Van Velzen et al. 2011</a>*&Dagger;",
				"source":"3"
			}
		],
		"comovingdist":[
			{
				"value":"1046",
				"derived":true,
				"u_value":"Mpc",
				"source":"1,2,3,5"
			}
		],
		"dec":[
			{
				"value":"-01:08:10.284",
				"u_value":"degrees",
				"source":"3"
			},
			{
				"value":"-01:08:10.34",
				"u_value":"degrees",
				"source":"3,6"
			}
		],
		"discoverdate":[
			{
				"value":"2006/11/20",
				"derived":true,
				"source":"3,5"
			}
		],
		"ebv":[
			{
				"value":"0.0245",
				"derived":true,
				"e_value":"0.0009",
				"source":"4,5"
			}
		],
		"host":[
			{
				"value":"SDSS J232348.61-010810.3",
				"source":"1,3"
			}
		],
		"hostdec":[
			{
				"value":"-01:08:10.34",
				"u_value":"degrees",
				"source":"1"
			}
		],
		"hostoffsetang":[
			{
				"value":"1.501",
				"derived":true,
				"u_value":"arcseconds",
				"source":"1,3,5"
			}
		],
		"hostoffsetdist":[
			{
				"value":"6.082",
				"source":"1,2,3,5"
			}
		],
		"hostra":[
			{
				"value":"23:23:48.62",
				"u_value":"hours",
				"source":"1"
			}
		],
		"lumdist":[
			{
				"value":"1309",
				"derived":true,
				"u_value":"Mpc",
				"source":"1,2,3,5"
			}
		],
		"maxabsmag":[
			{
				"value":"-20.271",
				"derived":true,
				"source":"1,2,3,5"
			}
		],
		"maxappmag":[
			{
				"value":"20.07",
				"derived":true,
				"source":"3,5"
			}
		],
		"maxband":[
			{
				"value":"U",
				"derived":true,
				"source":"3,5"
			}
		],
		"maxdate":[
			{
				"value":"2007/09/19",
				"derived":true,
				"source":"3,5"
			}
		],
		"maxvisualappmag":[
			{
				"value":"20.2",
				"derived":true,
				"source":"3,5"
			}
		],
		"maxvisualband":[
			{
				"value":"G",
				"derived":true,
				"source":"3,5"
			}
		],
		"maxvisualdate":[
			{
				"value":"2007/09/14",
				"derived":true,
				"source":"3,5"
			}
		],
		"nhhost":[
			{
				"value":"1.6e+20",
				"source":"3"
			}
		],
		"ra":[
			{
				"value":"23:23:48.72",
				"u_value":"hours",
				"source":"3"
			},
			{
				"value":"23:23:48.615",
				"u_value":"hours",
				"source":"3,6"
			}
		],
		"redshift":[
			{
				"value":"0.2515",
				"source":"1,3"
			}
		],
		"velocity":[
			{
				"value":"66150",
				"derived":true,
				"u_value":"km/s",
				"source":"5"
			}
		],
		"photometry":[
			{
				"time":[
					"48200",
					"48200.004"
				],
				"countrate":"0.024",
				"energy":[
					"0.3",
					"2.0"
				],
				"flux":"1.06E-13",
				"instrument":"PSPC",
				"luminosity":"2.24E+43",
				"nhmw":"0.0423",
				"photonindex":"4.5",
				"telescope":"ROSAT",
				"u_countrate":"s^-1",
				"u_energy":"keV",
				"u_flux":"ergs/cm^2/s",
				"u_time":"MJD",
				"upperlimit":true,
				"source":"1"
			},
			{
				"time":"54059.20845",
				"band":"G",
				"e_magnitude":"1.26",
				"instrument":"Astrometric",
				"magnitude":"24.13",
				"telescope":"Gaia",
				"u_time":"MJD",
				"source":"3"
			},
			{
				"time":"54059.20845",
				"band":"I",
				"e_magnitude":"0.48",
				"magnitude":"22.11",
				"u_time":"MJD",
				"source":"3"
			},
			{
				"time":"54059.20845",
				"band":"R",
				"magnitude":"23",
				"u_time":"MJD",
				"upperlimit":true,
				"source":"3"
			},
			{
				"time":"54059.20845",
				"band":"U",
				"e_magnitude":"0.41",
				"magnitude":"22.94",
				"u_time":"MJD",
				"source":"3"
			},
			{
				"time":"54062.21334",
				"band":"G",
				"instrument":"Astrometric",
				"magnitude":"22",
				"telescope":"Gaia",
				"u_time":"MJD",
				"upperlimit":true,
				"source":"3"
			},
			{
				"time":"54062.21334",
				"band":"I",
				"magnitude":"24",
				"u_time":"MJD",
				"upperlimit":true,
				"source":"3"
			},
			{
				"time":"54062.21334",
				"band":"R",
				"e_magnitude":"1.47",
				"magnitude":"23.99",
				"u_time":"MJD",
				"source":"3"
			},
			{
				"time":"54062.21334",
				"band":"U",
				"e_magnitude":"0.28",
				"magnitude":"22.14",
				"u_time":"MJD",
				"source":"3"
			},
			{
				"time":"54357.25164",
				"band":"G",
				"e_magnitude":"0.04",
				"instrument":"Astrometric",
				"magnitude":"20.20",
				"telescope":"Gaia",
				"u_time":"MJD",
				"source":"3"
			},
			{
				"time":"54357.25164",
				"band":"I",
				"e_magnitude":"0.09",
				"magnitude":"20.67",
				"u_time":"MJD",
				"source":"3"
			},
			{
				"time":"54357.25164",
				"band":"R",
				"e_magnitude":"0.05",
				"magnitude":"20.48",
				"u_time":"MJD",
				"source":"3"
			},
			{
				"time":"54357.25164",
				"band":"U",
				"e_magnitude":"0.06",
				"magnitude":"20.12",
				"u_time":"MJD",
				"source":"3"
			},
			{
				"time":"54362.30145",
				"band":"G",
				"e_magnitude":"0.04",
				"instrument":"Astrometric",
				"magnitude":"20.24",
				"telescope":"Gaia",
				"u_time":"MJD",
				"source":"3"
			},
			{
				"time":"54362.30145",
				"band":"I",
				"e_magnitude":"0.09",
				"magnitude":"20.63",
				"u_time":"MJD",
				"source":"3"
			},
			{
				"time":"54362.30145",
				"band":"R",
				"e_magnitude":"0.06",
				"magnitude":"20.61",
				"u_time":"MJD",
				"source":"3"
			},
			{
				"time":"54362.30145",
				"band":"U",
				"e_magnitude":"0.05",
				"magnitude":"20.07",
				"u_time":"MJD",
				"source":"3"
			},
			{
				"time":"54379.29168",
				"band":"G",
				"e_magnitude":"0.04",
				"instrument":"Astrometric",
				"magnitude":"20.35",
				"telescope":"Gaia",
				"u_time":"MJD",
				"source":"3"
			},
			{
				"time":"54379.29168",
				"band":"I",
				"e_magnitude":"0.09",
				"magnitude":"20.75",
				"u_time":"MJD",
				"source":"3"
			},
			{
				"time":"54379.29168",
				"band":"R",
				"e_magnitude":"0.06",
				"magnitude":"20.69",
				"u_time":"MJD",
				"source":"3"
			},
			{
				"time":"54379.29168",
				"band":"U",
				"e_magnitude":"0.09",
				"magnitude":"20.26",
				"u_time":"MJD",
				"source":"3"
			},
			{
				"time":"54385.29947",
				"band":"G",
				"e_magnitude":"0.04",
				"instrument":"Astrometric",
				"magnitude":"20.38",
				"telescope":"Gaia",
				"u_time":"MJD",
				"source":"3"
			},
			{
				"time":"54385.29947",
				"band":"I",
				"e_magnitude":"0.11",
				"magnitude":"20.97",
				"u_time":"MJD",
				"source":"3"
			},
			{
				"time":"54385.29947",
				"band":"R",
				"e_magnitude":"0.05",
				"magnitude":"20.59",
				"u_time":"MJD",
				"source":"3"
			},
			{
				"time":"54385.29947",
				"band":"U",
				"e_magnitude":"0.08",
				"magnitude":"20.48",
				"u_time":"MJD",
				"source":"3"
			},
			{
				"time":"54387.29997",
				"band":"G",
				"e_magnitude":"0.05",
				"instrument":"Astrometric",
				"magnitude":"20.55",
				"telescope":"Gaia",
				"u_time":"MJD",
				"source":"3"
			},
			{
				"time":"54387.29997",
				"band":"I",
				"e_magnitude":"0.12",
				"magnitude":"21.00",
				"u_time":"MJD",
				"source":"3"
			},
			{
				"time":"54387.29997",
				"band":"R",
				"e_magnitude":"0.06",
				"magnitude":"20.57",
				"u_time":"MJD",
				"source":"3"
			},
			{
				"time":"54387.29997",
				"band":"U",
				"e_magnitude":"0.04",
				"magnitude":"20.31",
				"u_time":"MJD",
				"source":"3"
			},
			{
				"time":"54394.28270",
				"band":"G",
				"e_magnitude":"0.08",
				"instrument":"Astrometric",
				"magnitude":"20.69",
				"telescope":"Gaia",
				"u_time":"MJD",
				"source":"3"
			},
			{
				"time":"54394.28270",
				"band":"I",
				"magnitude":"24",
				"u_time":"MJD",
				"upperlimit":true,
				"source":"3"
			},
			{
				"time":"54394.28270",
				"band":"R",
				"e_magnitude":"0.12",
				"magnitude":"20.96",
				"u_time":"MJD",
				"source":"3"
			},
			{
				"time":"54394.28270",
				"band":"U",
				"e_magnitude":"0.06",
				"magnitude":"20.61",
				"u_time":"MJD",
				"source":"3"
			},
			{
				"time":"54402.29314",
				"band":"G",
				"e_magnitude":"0.08",
				"instrument":"Astrometric",
				"magnitude":"20.54",
				"telescope":"Gaia",
				"u_time":"MJD",
				"source":"3"
			},
			{
				"time":"54402.29314",
				"band":"I",
				"e_magnitude":"0.20",
				"magnitude":"21.16",
				"u_time":"MJD",
				"source":"3"
			},
			{
				"time":"54402.29314",
				"band":"R",
				"e_magnitude":"0.11",
				"magnitude":"20.83",
				"u_time":"MJD",
				"source":"3"
			},
			{
				"time":"54402.29314",
				"band":"U",
				"magnitude":"21",
				"u_time":"MJD",
				"upperlimit":true,
				"source":"3"
			},
			{
				"time":"54407.21047",
				"band":"G",
				"e_magnitude":"0.32",
				"instrument":"Astrometric",
				"magnitude":"22.35",
				"telescope":"Gaia",
				"u_time":"MJD",
				"source":"3"
			},
			{
				"time":"54407.21047",
				"band":"I",
				"magnitude":"24",
				"u_time":"MJD",
				"upperlimit":true,
				"source":"3"
			},
			{
				"time":"54407.21047",
				"band":"R",
				"magnitude":"23",
				"u_time":"MJD",
				"upperlimit":true,
				"source":"3"
			},
			{
				"time":"54407.21047",
				"band":"U",
				"e_magnitude":"0.87",
				"magnitude":"22.47",
				"u_time":"MJD",
				"source":"3"
			},
			{
				"time":"54411.16537",
				"band":"G",
				"e_magnitude":"0.04",
				"instrument":"Astrometric",
				"magnitude":"20.55",
				"telescope":"Gaia",
				"u_time":"MJD",
				"source":"3"
			},
			{
				"time":"54411.16537",
				"band":"I",
				"e_magnitude":"0.10",
				"magnitude":"20.70",
				"u_time":"MJD",
				"source":"3"
			},
			{
				"time":"54411.16537",
				"band":"R",
				"e_magnitude":"0.06",
				"magnitude":"20.76",
				"u_time":"MJD",
				"source":"3"
			},
			{
				"time":"54411.16537",
				"band":"U",
				"e_magnitude":"0.06",
				"magnitude":"20.33",
				"u_time":"MJD",
				"source":"3"
			},
			{
				"time":"54413.20612",
				"band":"G",
				"e_magnitude":"0.06",
				"instrument":"Astrometric",
				"magnitude":"20.64",
				"telescope":"Gaia",
				"u_time":"MJD",
				"source":"3"
			},
			{
				"time":"54413.20612",
				"band":"I",
				"e_magnitude":"0.12",
				"magnitude":"20.97",
				"u_time":"MJD",
				"source":"3"
			},
			{
				"time":"54413.20612",
				"band":"R",
				"e_magnitude":"0.07",
				"magnitude":"20.93",
				"u_time":"MJD",
				"source":"3"
			},
			{
				"time":"54413.20612",
				"band":"U",
				"e_magnitude":"0.07",
				"magnitude":"20.94",
				"u_time":"MJD",
				"source":"3"
			},
			{
				"time":"54415.20260",
				"band":"G",
				"e_magnitude":"0.05",
				"instrument":"Astrometric",
				"magnitude":"20.64",
				"telescope":"Gaia",
				"u_time":"MJD",
				"source":"3"
			},
			{
				"time":"54415.20260",
				"band":"I",
				"e_magnitude":"0.08",
				"magnitude":"20.76",
				"u_time":"MJD",
				"source":"3"
			},
			{
				"time":"54415.20260",
				"band":"R",
				"e_magnitude":"0.06",
				"magnitude":"20.74",
				"u_time":"MJD",
				"source":"3"
			},
			{
				"time":"54415.20260",
				"band":"U",
				"e_magnitude":"0.07",
				"magnitude":"20.70",
				"u_time":"MJD",
				"source":"3"
			},
			{
				"time":"54418.20620",
				"band":"G",
				"e_magnitude":"0.05",
				"instrument":"Astrometric",
				"magnitude":"20.57",
				"telescope":"Gaia",
				"u_time":"MJD",
				"source":"3"
			},
			{
				"time":"54418.20620",
				"band":"I",
				"e_magnitude":"0.12",
				"magnitude":"21.07",
				"u_time":"MJD",
				"source":"3"
			},
			{
				"time":"54418.20620",
				"band":"R",
				"e_magnitude":"0.06",
				"magnitude":"20.82",
				"u_time":"MJD",
				"source":"3"
			},
			{
				"time":"54418.20620",
				"band":"U",
				"e_magnitude":"0.05",
				"magnitude":"20.56",
				"u_time":"MJD",
				"source":"3"
			},
			{
				"time":"54422.21078",
				"band":"G",
				"e_magnitude":"0.06",
				"instrument":"Astrometric",
				"magnitude":"20.61",
				"telescope":"Gaia",
				"u_time":"MJD",
				"source":"3"
			},
			{
				"time":"54422.21078",
				"band":"I",
				"e_magnitude":"0.11",
				"magnitude":"20.79",
				"u_time":"MJD",
				"source":"3"
			},
			{
				"time":"54422.21078",
				"band":"R",
				"e_magnitude":"0.08",
				"magnitude":"20.88",
				"u_time":"MJD",
				"source":"3"
			},
			{
				"time":"54422.21078",
				"band":"U",
				"e_magnitude":"0.11",
				"magnitude":"20.59",
				"u_time":"MJD",
				"source":"3"
			},
			{
				"time":[
					"56995.9",
					"56995.900"
				],
				"countrate":"0.563",
				"energy":[
					"0.3",
					"2.0"
				],
				"flux":"2.82E-12",
				"instrument":"PN",
				"luminosity":"5.95E+44",
				"nhmw":"0.0423",
				"photonindex":"4.5",
				"telescope":"XMM",
				"u_countrate":"s^-1",
				"u_energy":"keV",
				"u_flux":"ergs/cm^2/s",
				"u_time":"MJD",
				"upperlimit":true,
				"source":"1"
			}
		]
	}
}