{
	"WINGS J1348":{
		"schema":"https://github.com/astrocatalogs/tidaldisruptions/blob/f405406/SCHEMA.md",
		"name":"WINGS J1348",
		"sources":[
			{
				"name":"2017ApJ...838..149A",
				"bibcode":"2017ApJ...838..149A",
				"reference":"Auchettl, Guillochon, & Ramirez-Ruiz (2017)",
				"alias":"1"
			},
			{
				"name":"2016A&A...594A..13P",
				"bibcode":"2016A&A...594A..13P",
				"reference":"Planck Collaboration et al. (2016)",
				"alias":"2"
			},
			{
				"name":"2013MNRAS.435.1904M",
				"bibcode":"2013MNRAS.435.1904M",
				"reference":"Maksym et al. (2013)",
				"alias":"3"
			},
			{
				"name":"2011ApJ...737..103S",
				"bibcode":"2011ApJ...737..103S",
				"reference":"Schlafly & Finkbeiner (2011)",
				"alias":"4"
			},
			{
				"name":"The Open TDE Catalog",
				"bibcode":"2017ApJ...835...64G",
				"reference":"Guillochon et al. (2017)",
				"secondary":true,
				"url":"https://tde.space",
				"alias":"5"
			}
		],
		"alias":[
			{
				"value":"WINGS J1348",
				"source":"1"
			}
		],
		"citations":[
			{
				"value":"<a href='http://adsabs.harvard.edu/abs/2013MNRAS.435.1904M'>Maksym et al. 2013</a>*&Dagger;",
				"source":"3"
			}
		],
		"claimedtype":[
			{
				"value":"AGN?",
				"source":"1"
			}
		],
		"comovingdist":[
			{
				"value":"270",
				"derived":true,
				"u_value":"Mpc",
				"source":"1,2,3,5"
			}
		],
		"dec":[
			{
				"value":"+26:35:57.49",
				"u_value":"degrees",
				"source":"1"
			}
		],
		"discoverdate":[
			{
				"value":"1999/12/20",
				"derived":true,
				"source":"1,5"
			}
		],
		"ebv":[
			{
				"value":"0.0416",
				"derived":true,
				"e_value":"0.0009",
				"source":"4,5"
			}
		],
		"host":[
			{
				"value":"WINGS J134849.88+263557.5",
				"source":"1,3"
			}
		],
		"hostdec":[
			{
				"value":"+26:35:57.50",
				"u_value":"degrees",
				"source":"1"
			}
		],
		"hostoffsetang":[
			{
				"value":"0.01",
				"derived":true,
				"u_value":"arcseconds",
				"source":"1,5"
			}
		],
		"hostoffsetdist":[
			{
				"value":"0.01",
				"source":"1,2,3,5"
			}
		],
		"hostra":[
			{
				"value":"13:48:49.9",
				"u_value":"hours",
				"source":"1"
			}
		],
		"lumdist":[
			{
				"value":"290",
				"derived":true,
				"u_value":"Mpc",
				"source":"1,2,3,5"
			}
		],
		"ra":[
			{
				"value":"13:48:49.9",
				"u_value":"hours",
				"source":"1"
			}
		],
		"redshift":[
			{
				"value":"0.062",
				"source":"1,3"
			}
		],
		"velocity":[
			{
				"value":"18000",
				"derived":true,
				"u_value":"km/s",
				"source":"5"
			}
		],
		"photometry":[
			{
				"time":[
					"48083.6",
					"48083.605"
				],
				"countrate":"0.146",
				"energy":[
					"0.3",
					"2.0"
				],
				"flux":"1.44E-13",
				"instrument":"PSPC",
				"luminosity":"1.33E+42",
				"nhmw":"0.0119",
				"photonindex":"4.5",
				"telescope":"ROSAT",
				"u_countrate":"s^-1",
				"u_energy":"keV",
				"u_flux":"ergs/cm^2/s",
				"u_time":"MJD",
				"upperlimit":true,
				"source":"1"
			},
			{
				"time":[
					"48438",
					"48438.501"
				],
				"countrate":"1.54E-01",
				"energy":[
					"0.3",
					"2.0"
				],
				"flux":"1.52E-13",
				"instrument":"PSPC",
				"luminosity":"1.41E+42",
				"nhmw":"0.0119",
				"photonindex":"4.5",
				"telescope":"ROSAT",
				"u_countrate":"s^-1",
				"u_energy":"keV",
				"u_flux":"ergs/cm^2/s",
				"u_time":"MJD",
				"upperlimit":true,
				"source":"1"
			},
			{
				"time":[
					"48625.7",
					"48626.121"
				],
				"countrate":"0.15",
				"energy":[
					"0.3",
					"2.0"
				],
				"flux":"1.48E-13",
				"instrument":"PSPC",
				"luminosity":"1.37E+42",
				"nhmw":"0.0119",
				"photonindex":"4.5",
				"telescope":"ROSAT",
				"u_countrate":"s^-1",
				"u_energy":"keV",
				"u_flux":"ergs/cm^2/s",
				"u_time":"MJD",
				"upperlimit":true,
				"source":"1"
			},
			{
				"time":[
					"51532.2",
					"51532.425"
				],
				"countrate":"0.0356183",
				"e_countrate":"0.00152305",
				"e_lower_flux":"5.91E-14",
				"e_lower_luminosity":"5.47E+41",
				"e_upper_flux":"6.86E-14",
				"e_upper_luminosity":"6.34E+41",
				"energy":[
					"0.3",
					"2.0"
				],
				"flux":"6.63E-14",
				"instrument":"ACIS-S",
				"luminosity":"6.13E+41",
				"photonindex":"4.46",
				"telescope":"Chandra",
				"u_countrate":"s^-1",
				"u_energy":"keV",
				"u_flux":"ergs/cm^2/s",
				"u_time":"MJD",
				"source":"1"
			},
			{
				"time":[
					"51624.3",
					"51624.527"
				],
				"countrate":"0.0260077",
				"e_countrate":"0.00132497",
				"e_lower_flux":"4.54E-14",
				"e_lower_luminosity":"4.20E+41",
				"e_upper_flux":"5.38E-14",
				"e_upper_luminosity":"4.98E+41",
				"energy":[
					"0.3",
					"2.0"
				],
				"flux":"4.90E-14",
				"instrument":"ACIS-S",
				"luminosity":"4.53E+41",
				"photonindex":"5.37",
				"telescope":"Chandra",
				"u_countrate":"s^-1",
				"u_energy":"keV",
				"u_flux":"ergs/cm^2/s",
				"u_time":"MJD",
				"source":"1"
			},
			{
				"time":[
					"51721.1",
					"51721.652"
				],
				"countrate":"0.474527",
				"energy":[
					"0.3",
					"2.0"
				],
				"flux":"1.99E-13",
				"instrument":"PN",
				"luminosity":"1.84E+42",
				"nhmw":"0.0119",
				"photonindex":"4.5",
				"telescope":"XMM",
				"u_countrate":"s^-1",
				"u_energy":"keV",
				"u_flux":"ergs/cm^2/s",
				"u_time":"MJD",
				"upperlimit":true,
				"source":"1"
			},
			{
				"time":[
					"52435.7",
					"52435.866"
				],
				"countrate":"0.0059217",
				"energy":[
					"0.3",
					"2.0"
				],
				"flux":"8.38E-14",
				"instrument":"ACIS-S",
				"luminosity":"7.75E+41",
				"nhmw":"0.05675",
				"photonindex":"4.915",
				"telescope":"Chandra",
				"u_countrate":"s^-1",
				"u_energy":"keV",
				"u_flux":"ergs/cm^2/s",
				"u_time":"MJD",
				"upperlimit":true,
				"source":"1"
			},
			{
				"time":[
					"52459.6",
					"52459.600"
				],
				"countrate":"1.48",
				"energy":[
					"0.3",
					"2.0"
				],
				"flux":"6.22E-13",
				"instrument":"PN",
				"luminosity":"5.75E+42",
				"nhmw":"0.0119",
				"photonindex":"4.5",
				"telescope":"XMM",
				"u_countrate":"s^-1",
				"u_energy":"keV",
				"u_flux":"ergs/cm^2/s",
				"u_time":"MJD",
				"upperlimit":true,
				"source":"1"
			},
			{
				"time":[
					"53262.5",
					"53264.010"
				],
				"countrate":"0.00314091",
				"energy":[
					"0.3",
					"2.0"
				],
				"flux":"4.45E-14",
				"instrument":"ACIS-S",
				"luminosity":"4.12E+41",
				"nhmw":"0.0568",
				"photonindex":"4.915",
				"telescope":"Chandra",
				"u_countrate":"s^-1",
				"u_energy":"keV",
				"u_flux":"ergs/cm^2/s",
				"u_time":"MJD",
				"upperlimit":true,
				"source":"1"
			},
			{
				"time":[
					"53685.9",
					"53686.135"
				],
				"countrate":"0.0118",
				"energy":[
					"0.3",
					"2.0"
				],
				"flux":"1.23E-13",
				"instrument":"XRT",
				"luminosity":"1.14E+42",
				"mode":"PC",
				"nhmw":"0.012",
				"photonindex":"4.5",
				"telescope":"Swift",
				"u_countrate":"s^-1",
				"u_energy":"keV",
				"u_flux":"ergs/cm^2/s",
				"u_time":"MJD",
				"upperlimit":true,
				"source":"1"
			},
			{
				"time":[
					"54941.9",
					"54942.617"
				],
				"countrate":"0.00298883",
				"energy":[
					"0.3",
					"2.0"
				],
				"flux":"4.23E-14",
				"instrument":"ACIS-S",
				"luminosity":"3.91E+41",
				"nhmw":"0.0568",
				"photonindex":"4.915",
				"telescope":"Chandra",
				"u_countrate":"s^-1",
				"u_energy":"keV",
				"u_flux":"ergs/cm^2/s",
				"u_time":"MJD",
				"upperlimit":true,
				"source":"1"
			},
			{
				"time":[
					"55309.9",
					"55310.532"
				],
				"countrate":"0.00371796",
				"energy":[
					"0.3",
					"2.0"
				],
				"flux":"5.26E-14",
				"instrument":"ACIS-S",
				"luminosity":"4.86E+41",
				"nhmw":"0.0568",
				"photonindex":"4.915",
				"telescope":"Chandra",
				"u_countrate":"s^-1",
				"u_energy":"keV",
				"u_flux":"ergs/cm^2/s",
				"u_time":"MJD",
				"upperlimit":true,
				"source":"1"
			},
			{
				"time":[
					"55668.2",
					"55670.464"
				],
				"countrate":"0.00207344",
				"energy":[
					"0.3",
					"2.0"
				],
				"flux":"2.94E-14",
				"instrument":"ACIS-S",
				"luminosity":"2.72E+41",
				"nhmw":"0.0568",
				"photonindex":"4.915",
				"telescope":"Chandra",
				"u_countrate":"s^-1",
				"u_energy":"keV",
				"u_flux":"ergs/cm^2/s",
				"u_time":"MJD",
				"upperlimit":true,
				"source":"1"
			},
			{
				"time":[
					"56016.2",
					"56017.439"
				],
				"countrate":"0.00243472",
				"energy":[
					"0.3",
					"2.0"
				],
				"flux":"3.45E-14",
				"instrument":"ACIS-S",
				"luminosity":"3.19E+41",
				"nhmw":"0.0568",
				"photonindex":"4.915",
				"telescope":"Chandra",
				"u_countrate":"s^-1",
				"u_energy":"keV",
				"u_flux":"ergs/cm^2/s",
				"u_time":"MJD",
				"upperlimit":true,
				"source":"1"
			},
			{
				"time":[
					"56404.3",
					"56405.550"
				],
				"countrate":"0.00234576",
				"energy":[
					"0.3",
					"2.0"
				],
				"flux":"3.32E-14",
				"instrument":"ACIS-S",
				"luminosity":"3.07E+41",
				"nhmw":"0.0568",
				"photonindex":"4.915",
				"telescope":"Chandra",
				"u_countrate":"s^-1",
				"u_energy":"keV",
				"u_flux":"ergs/cm^2/s",
				"u_time":"MJD",
				"upperlimit":true,
				"source":"1"
			},
			{
				"time":[
					"56757.9",
					"56760.457"
				],
				"countrate":"0.00193627",
				"energy":[
					"0.3",
					"2.0"
				],
				"flux":"2.74E-14",
				"instrument":"ACIS-S",
				"luminosity":"2.53E+41",
				"nhmw":"0.0568",
				"photonindex":"4.915",
				"telescope":"Chandra",
				"u_countrate":"s^-1",
				"u_energy":"keV",
				"u_flux":"ergs/cm^2/s",
				"u_time":"MJD",
				"upperlimit":true,
				"source":"1"
			}
		]
	}
}