{"WINGS J1348": {"hostdec": [{"source": "1", "u_value": "degrees", "value": "+26:35:57.50"}], "lumdist": [{"u_value": "Mpc", "derived": true, "value": "290", "source": "1,2,3,5"}], "photometry": [{"u_energy": "keV", "telescope": "ROSAT", "instrument": "PSPC", "source": "1", "luminosity": "1.33E+42", "energy": ["0.3", "2.0"], "u_countrate": "s^-1", "photonindex": "4.5", "countrate": "0.146", "flux": "1.44E-13", "nhmw": "0.0119", "u_flux": "ergs/cm^2/s", "u_time": "MJD", "time": ["48083.6", "48083.605"], "upperlimit": true}, {"u_energy": "keV", "telescope": "ROSAT", "instrument": "PSPC", "source": "1", "luminosity": "1.41E+42", "energy": ["0.3", "2.0"], "u_countrate": "s^-1", "photonindex": "4.5", "countrate": "1.54E-01", "flux": "1.52E-13", "nhmw": "0.0119", "u_flux": "ergs/cm^2/s", "u_time": "MJD", "time": ["48438", "48438.501"], "upperlimit": true}, {"u_energy": "keV", "telescope": "ROSAT", "instrument": "PSPC", "source": "1", "luminosity": "1.37E+42", "energy": ["0.3", "2.0"], "u_countrate": "s^-1", "photonindex": "4.5", "countrate": "0.15", "flux": "1.48E-13", "nhmw": "0.0119", "u_flux": "ergs/cm^2/s", "u_time": "MJD", "time": ["48625.7", "48626.121"], "upperlimit": true}, {"e_upper_luminosity": "6.34E+41", "u_energy": "keV", "telescope": "Chandra", "instrument": "ACIS-S", "luminosity": "6.13E+41", "energy": ["0.3", "2.0"], "e_lower_luminosity": "5.47E+41", "u_countrate": "s^-1", "photonindex": "4.46", "countrate": "0.0356183", "e_lower_flux": "5.91E-14", "flux": "6.63E-14", "u_flux": "ergs/cm^2/s", "u_time": "MJD", "e_upper_flux": "6.86E-14", "time": ["51532.2", "51532.425"], "e_countrate": "0.00152305", "source": "1"}, {"e_upper_luminosity": "4.98E+41", "u_energy": "keV", "telescope": "Chandra", "instrument": "ACIS-S", "luminosity": "4.53E+41", "energy": ["0.3", "2.0"], "e_lower_luminosity": "4.20E+41", "u_countrate": "s^-1", "photonindex": "5.37", "countrate": "0.0260077", "e_lower_flux": "4.54E-14", "flux": "4.90E-14", "u_flux": "ergs/cm^2/s", "u_time": "MJD", "e_upper_flux": "5.38E-14", "time": ["51624.3", "51624.527"], "e_countrate": "0.00132497", "source": "1"}, {"u_energy": "keV", "telescope": "XMM", "instrument": "PN", "source": "1", "luminosity": "1.84E+42", "energy": ["0.3", "2.0"], "u_countrate": "s^-1", "photonindex": "4.5", "countrate": "0.474527", "flux": "1.99E-13", "nhmw": "0.0119", "u_flux": "ergs/cm^2/s", "u_time": "MJD", "time": ["51721.1", "51721.652"], "upperlimit": true}, {"u_energy": "keV", "telescope": "Chandra", "instrument": "ACIS-S", "source": "1", "luminosity": "7.75E+41", "energy": ["0.3", "2.0"], "u_countrate": "s^-1", "photonindex": "4.915", "countrate": "0.0059217", "flux": "8.38E-14", "nhmw": "0.05675", "u_flux": "ergs/cm^2/s", "u_time": "MJD", "time": ["52435.7", "52435.866"], "upperlimit": true}, {"u_energy": "keV", "telescope": "XMM", "instrument": "PN", "source": "1", "luminosity": "5.75E+42", "energy": ["0.3", "2.0"], "u_countrate": "s^-1", "photonindex": "4.5", "countrate": "1.48", "flux": "6.22E-13", "nhmw": "0.0119", "u_flux": "ergs/cm^2/s", "u_time": "MJD", "time": ["52459.6", "52459.600"], "upperlimit": true}, {"u_energy": "keV", "telescope": "Chandra", "instrument": "ACIS-S", "source": "1", "luminosity": "4.12E+41", "energy": ["0.3", "2.0"], "u_countrate": "s^-1", "photonindex": "4.915", "countrate": "0.00314091", "flux": "4.45E-14", "nhmw": "0.0568", "u_flux": "ergs/cm^2/s", "u_time": "MJD", "time": ["53262.5", "53264.010"], "upperlimit": true}, {"u_energy": "keV", "telescope": "Swift", "instrument": "XRT", "source": "1", "luminosity": "1.14E+42", "energy": ["0.3", "2.0"], "u_countrate": "s^-1", "photonindex": "4.5", "countrate": "0.0118", "flux": "1.23E-13", "nhmw": "0.012", "u_flux": "ergs/cm^2/s", "mode": "PC", "time": ["53685.9", "53686.135"], "upperlimit": true, "u_time": "MJD"}, {"u_energy": "keV", "telescope": "Chandra", "instrument": "ACIS-S", "source": "1", "luminosity": "3.91E+41", "energy": ["0.3", "2.0"], "u_countrate": "s^-1", "photonindex": "4.915", "countrate": "0.00298883", "flux": "4.23E-14", "nhmw": "0.0568", "u_flux": "ergs/cm^2/s", "u_time": "MJD", "time": ["54941.9", "54942.617"], "upperlimit": true}, {"u_energy": "keV", "telescope": "Chandra", "instrument": "ACIS-S", "source": "1", "luminosity": "4.86E+41", "energy": ["0.3", "2.0"], "u_countrate": "s^-1", "photonindex": "4.915", "countrate": "0.00371796", "flux": "5.26E-14", "nhmw": "0.0568", "u_flux": "ergs/cm^2/s", "u_time": "MJD", "time": ["55309.9", "55310.532"], "upperlimit": true}, {"u_energy": "keV", "telescope": "Chandra", "instrument": "ACIS-S", "source": "1", "luminosity": "2.72E+41", "energy": ["0.3", "2.0"], "u_countrate": "s^-1", "photonindex": "4.915", "countrate": "0.00207344", "flux": "2.94E-14", "nhmw": "0.0568", "u_flux": "ergs/cm^2/s", "u_time": "MJD", "time": ["55668.2", "55670.464"], "upperlimit": true}, {"u_energy": "keV", "telescope": "Chandra", "instrument": "ACIS-S", "source": "1", "luminosity": "3.19E+41", "energy": ["0.3", "2.0"], "u_countrate": "s^-1", "photonindex": "4.915", "countrate": "0.00243472", "flux": "3.45E-14", "nhmw": "0.0568", "u_flux": "ergs/cm^2/s", "u_time": "MJD", "time": ["56016.2", "56017.439"], "upperlimit": true}, {"u_energy": "keV", "telescope": "Chandra", "instrument": "ACIS-S", "source": "1", "luminosity": "3.07E+41", "energy": ["0.3", "2.0"], "u_countrate": "s^-1", "photonindex": "4.915", "countrate": "0.00234576", "flux": "3.32E-14", "nhmw": "0.0568", "u_flux": "ergs/cm^2/s", "u_time": "MJD", "time": ["56404.3", "56405.550"], "upperlimit": true}, {"u_energy": "keV", "telescope": "Chandra", "instrument": "ACIS-S", "source": "1", "luminosity": "2.53E+41", "energy": ["0.3", "2.0"], "u_countrate": "s^-1", "photonindex": "4.915", "countrate": "0.00193627", "flux": "2.74E-14", "nhmw": "0.0568", "u_flux": "ergs/cm^2/s", "u_time": "MJD", "time": ["56757.9", "56760.457"], "upperlimit": true}], "comovingdist": [{"u_value": "Mpc", "derived": true, "value": "270", "source": "1,2,3,5"}], "name": "WINGS J1348", "alias": [{"source": "1", "value": "WINGS J1348"}], "redshift": [{"source": "1,3", "value": "0.062"}], "claimedtype": [{"source": "1", "value": "AGN?"}], "host": [{"source": "1,3", "value": "WINGS J134849.88+263557.5"}], "hostoffsetdist": [{"source": "1,2,3,5", "value": "0.01"}], "sources": [{"alias": "1", "bibcode": "2017ApJ...838..149A", "name": "2017ApJ...838..149A", "reference": "Auchettl, Guillochon, & Ramirez-Ruiz (2017)"}, {"alias": "2", "bibcode": "2016A&A...594A..13P", "name": "2016A&A...594A..13P", "reference": "Planck Collaboration et al. (2016)"}, {"alias": "3", "bibcode": "2013MNRAS.435.1904M", "name": "2013MNRAS.435.1904M", "reference": "Maksym et al. (2013)"}, {"alias": "4", "bibcode": "2011ApJ...737..103S", "name": "2011ApJ...737..103S", "reference": "Schlafly & Finkbeiner (2011)"}, {"bibcode": "2017ApJ...835...64G", "name": "The Open TDE Catalog", "reference": "Guillochon et al. (2017)", "url": "https://tde.space", "alias": "5", "secondary": true}], "ebv": [{"e_value": "0.0009", "derived": true, "value": "0.0416", "source": "4,5"}], "citations": [{"source": "3", "value": "<a href='http://adsabs.harvard.edu/abs/2013MNRAS.435.1904M'>Maksym et al. 2013</a>*&Dagger;"}], "discoverdate": [{"source": "1,5", "derived": true, "value": "1999/12/20"}], "ra": [{"source": "1", "u_value": "hours", "value": "13:48:49.9"}], "hostra": [{"source": "1", "u_value": "hours", "value": "13:48:49.9"}], "velocity": [{"u_value": "km/s", "derived": true, "value": "18000", "source": "5"}], "dec": [{"source": "1", "u_value": "degrees", "value": "+26:35:57.49"}], "hostoffsetang": [{"u_value": "arcseconds", "derived": true, "value": "0.01", "source": "1,5"}], "schema": "https://github.com/astrocatalogs/tidaldisruptions/blob/f405406/SCHEMA.md"}}