{"XJ1231+1106": {"hostdec": [{"source": "1", "u_value": "degrees", "value": "+11:06:48.64"}], "lumdist": [{"u_value": "Mpc", "derived": true, "value": "568", "source": "1,2,4"}], "comovingdist": [{"u_value": "Mpc", "derived": true, "value": "508", "source": "1,2,4"}], "name": "XJ1231+1106", "alias": [{"source": "1", "value": "XJ1231+1106"}, {"source": "1", "value": "2XMM J123103.2+110648"}], "redshift": [{"source": "1", "value": "0.118"}], "host": [{"source": "1", "value": "GJ1231+1106"}, {"source": "1", "value": "SDSS J123103.24+110648.6"}], "discoverydate": [{"source": "1", "value": "2003/07/13"}], "sources": [{"alias": "1", "bibcode": "2017arXiv170206956L", "name": "2017arXiv170206956L", "reference": "Lin et al. (2017)"}, {"alias": "2", "bibcode": "2016A&A...594A..13P", "name": "2016A&A...594A..13P", "reference": "Planck Collaboration et al. (2016)"}, {"alias": "3", "bibcode": "2011ApJ...737..103S", "name": "2011ApJ...737..103S", "reference": "Schlafly & Finkbeiner (2011)"}, {"bibcode": "2017ApJ...835...64G", "name": "The Open TDE Catalog", "reference": "Guillochon et al. (2017)", "url": "https://tde.space", "alias": "4", "secondary": true}], "ebv": [{"e_value": "0.0013", "derived": true, "value": "0.0285", "source": "3,4"}], "hostoffsetdist": [{"source": "1,2,4", "value": "1.933"}], "ra": [{"source": "1", "u_value": "hours", "value": "12:31:03.2"}], "hostra": [{"source": "1", "u_value": "hours", "value": "12:31:03.24"}], "velocity": [{"u_value": "km/s", "derived": true, "value": "33300", "source": "4"}], "dec": [{"source": "1", "u_value": "degrees", "value": "+11:06:48"}], "hostoffsetang": [{"u_value": "arcseconds", "derived": true, "value": "0.8773", "source": "1,4"}], "schema": "https://github.com/astrocatalogs/tidaldisruptions/blob/f405406/SCHEMA.md"}}