{
	"XJ1231+1106":{
		"schema":"https://github.com/astrocatalogs/tidaldisruptions/blob/f405406/SCHEMA.md",
		"name":"XJ1231+1106",
		"sources":[
			{
				"name":"2017arXiv170206956L",
				"bibcode":"2017arXiv170206956L",
				"reference":"Lin et al. (2017)",
				"alias":"1"
			},
			{
				"name":"2016A&A...594A..13P",
				"bibcode":"2016A&A...594A..13P",
				"reference":"Planck Collaboration et al. (2016)",
				"alias":"2"
			},
			{
				"name":"2011ApJ...737..103S",
				"bibcode":"2011ApJ...737..103S",
				"reference":"Schlafly & Finkbeiner (2011)",
				"alias":"3"
			},
			{
				"name":"The Open TDE Catalog",
				"bibcode":"2017ApJ...835...64G",
				"reference":"Guillochon et al. (2017)",
				"secondary":true,
				"url":"https://tde.space",
				"alias":"4"
			}
		],
		"alias":[
			{
				"value":"XJ1231+1106",
				"source":"1"
			},
			{
				"value":"2XMM J123103.2+110648",
				"source":"1"
			}
		],
		"comovingdist":[
			{
				"value":"508",
				"derived":true,
				"u_value":"Mpc",
				"source":"1,2,4"
			}
		],
		"dec":[
			{
				"value":"+11:06:48",
				"u_value":"degrees",
				"source":"1"
			}
		],
		"discoverydate":[
			{
				"value":"2003/07/13",
				"source":"1"
			}
		],
		"ebv":[
			{
				"value":"0.0285",
				"derived":true,
				"e_value":"0.0013",
				"source":"3,4"
			}
		],
		"host":[
			{
				"value":"GJ1231+1106",
				"source":"1"
			},
			{
				"value":"SDSS J123103.24+110648.6",
				"source":"1"
			}
		],
		"hostdec":[
			{
				"value":"+11:06:48.64",
				"u_value":"degrees",
				"source":"1"
			}
		],
		"hostoffsetang":[
			{
				"value":"0.8773",
				"derived":true,
				"u_value":"arcseconds",
				"source":"1,4"
			}
		],
		"hostoffsetdist":[
			{
				"value":"1.933",
				"source":"1,2,4"
			}
		],
		"hostra":[
			{
				"value":"12:31:03.24",
				"u_value":"hours",
				"source":"1"
			}
		],
		"lumdist":[
			{
				"value":"568",
				"derived":true,
				"u_value":"Mpc",
				"source":"1,2,4"
			}
		],
		"ra":[
			{
				"value":"12:31:03.2",
				"u_value":"hours",
				"source":"1"
			}
		],
		"redshift":[
			{
				"value":"0.118",
				"source":"1"
			}
		],
		"velocity":[
			{
				"value":"33300",
				"derived":true,
				"u_value":"km/s",
				"source":"4"
			}
		]
	}
}