{"XJ1500+0154": {"hostdec": [{"source": "1", "u_value": "degrees", "value": "+01:54:53.8"}], "lumdist": [{"u_value": "Mpc", "derived": true, "value": "709", "source": "1,2,4"}], "comovingdist": [{"u_value": "Mpc", "derived": true, "value": "620", "source": "1,2,4"}], "name": "XJ1500+0154", "alias": [{"source": "1", "value": "XJ1500+0154"}, {"source": "1", "value": "3XMM J150052.0+015452"}], "redshift": [{"source": "1", "value": "0.145"}], "claimedtype": [{"source": "1", "value": "MS + SMBH"}], "host": [{"source": "1", "value": "SDSS J150052.07+015453.8"}], "hostoffsetdist": [{"source": "1,2,4", "value": "5.471"}], "sources": [{"alias": "1", "bibcode": "2017NatAs...1E..33L", "name": "2017NatAs...1E..33L", "reference": "Lin et al. (2017)"}, {"alias": "2", "bibcode": "2016A&A...594A..13P", "name": "2016A&A...594A..13P", "reference": "Planck Collaboration et al. (2016)"}, {"alias": "3", "bibcode": "2011ApJ...737..103S", "name": "2011ApJ...737..103S", "reference": "Schlafly & Finkbeiner (2011)"}, {"bibcode": "2017ApJ...835...64G", "name": "The Open TDE Catalog", "reference": "Guillochon et al. (2017)", "url": "https://tde.space", "alias": "4", "secondary": true}], "ebv": [{"e_value": "0.0008", "derived": true, "value": "0.0463", "source": "3,4"}], "ra": [{"source": "1", "u_value": "hours", "value": "15:00:52.0"}], "hostra": [{"source": "1", "u_value": "hours", "value": "15:00:52.07"}], "velocity": [{"u_value": "km/s", "derived": true, "value": "40300", "source": "4"}], "dec": [{"source": "1", "u_value": "degrees", "value": "+01:54:52"}], "hostoffsetang": [{"u_value": "arcseconds", "derived": true, "value": "2.084", "source": "1,4"}], "schema": "https://github.com/astrocatalogs/tidaldisruptions/blob/f405406/SCHEMA.md"}}