{"XMMSL1 J0740-85": {"ebv": [{"e_value": "0.0043", "derived": true, "value": "0.0747", "source": "5,6"}], "redshift": [{"source": "2", "value": "0.0173"}], "maxvisualdate": [{"source": "2,6", "derived": true, "value": "2014/04/30"}], "sources": [{"alias": "1", "bibcode": "2017ApJ...838..149A", "name": "2017ApJ...838..149A", "reference": "Auchettl, Guillochon, & Ramirez-Ruiz (2017)"}, {"alias": "2", "bibcode": "2016arXiv161001788S", "name": "2016arXiv161001788S", "reference": "Saxton et al. (2016)"}, {"alias": "3", "bibcode": "2016arXiv161003861A", "name": "2016arXiv161003861A", "reference": "Alexander et al. (2016)"}, {"alias": "4", "bibcode": "2016A&A...594A..13P", "name": "2016A&A...594A..13P", "reference": "Planck Collaboration et al. (2016)"}, {"alias": "5", "bibcode": "2011ApJ...737..103S", "name": "2011ApJ...737..103S", "reference": "Schlafly & Finkbeiner (2011)"}, {"bibcode": "2017ApJ...835...64G", "name": "The Open TDE Catalog", "reference": "Guillochon et al. (2017)", "url": "https://tde.space", "alias": "6", "secondary": true}], "maxabsmag": [{"source": "2,4,6", "derived": true, "value": "-18.91"}], "hostdec": [{"source": "2", "u_value": "degrees", "value": "+85:39:27"}], "comovingdist": [{"u_value": "Mpc", "derived": true, "value": "76.3", "source": "2,4,6"}], "maxappmag": [{"source": "2,6", "derived": true, "value": "15.52"}], "maxdate": [{"source": "2,6", "derived": true, "value": "2014/04/30"}], "maxvisualband": [{"source": "2,6", "derived": true, "value": "B"}], "ra": [{"u_value": "hours", "e_value": "0.3", "value": "07:40:08.19", "source": "3"}], "maxvisualappmag": [{"source": "2,6", "derived": true, "value": "15.52"}], "schema": "https://github.com/astrocatalogs/tidaldisruptions/blob/f405406/SCHEMA.md", "hostra": [{"source": "2", "u_value": "hours", "value": "07:40:08.2"}], "lumdist": [{"u_value": "Mpc", "derived": true, "value": "77.6", "source": "2,4,6"}], "maxband": [{"source": "2,6", "derived": true, "value": "B"}], "host": [{"source": "2", "value": "2MASX 07400785-8539307"}], "discoverdate": [{"source": "2,6", "derived": true, "value": "2014/04/01"}], "photometry": [{"u_energy": "keV", "telescope": "ROSAT", "source": "2", "energy": ["0.2", "2.0"], "flux": "2.50E-13", "u_flux": "ergs s^-1 cm^-2", "u_time": "MJD", "time": ["47892", "47892.00425925925925925925926"], "upperlimit": true}, {"u_energy": "keV", "telescope": "ROSAT", "instrument": "PSPC", "source": "1", "luminosity": "1.66E+41", "energy": ["0.3", "2.0"], "u_countrate": "s^-1", "photonindex": "4.5", "countrate": "0.0193", "flux": "2.51E-13", "nhmw": "0.106", "u_flux": "ergs/cm^2/s", "u_time": "MJD", "time": ["48100", "48100.008"], "upperlimit": true}, {"u_energy": "keV", "telescope": "XMM slew", "source": "2", "energy": ["0.2", "2.0"], "flux": "7.0E-13", "u_flux": "ergs s^-1 cm^-2", "u_time": "MJD", "time": ["56140", "56140.00004513888888888888889"], "upperlimit": true}, {"u_energy": "keV", "telescope": "XMM", "instrument": "PN", "source": "1", "luminosity": "1.85E+42", "energy": ["0.3", "2.0"], "u_countrate": "s^-1", "photonindex": "3.03", "countrate": "0.59", "flux": "2.80E-12", "nhmw": "0.106", "u_flux": "ergs/cm^2/s", "u_time": "MJD", "time": ["56160.8", "56160.800"], "upperlimit": true}, {"u_energy": "keV", "telescope": "XMM slew", "source": "2", "energy": ["0.2", "2.0"], "flux": "1.70E-12", "u_flux": "ergs s^-1 cm^-2", "u_time": "MJD", "time": ["56740", "56740.00002314814814814814815"], "upperlimit": true}, {"e_flux": "7.0E-13", "u_energy": "keV", "telescope": "XMM slew", "source": "2", "energy": ["0.2", "2.0"], "flux": "4.90E-12", "u_flux": "ergs s^-1 cm^-2", "u_time": "MJD", "time": ["56748", "56748.00011921296296296296296"]}, {"e_upper_luminosity": "4.70E+42", "u_energy": "keV", "telescope": "XMM", "instrument": "PN", "luminosity": "4.10E+42", "energy": ["0.3", "2.0"], "e_lower_luminosity": "3.51E+42", "u_countrate": "s^-1", "photonindex": "3.03", "countrate": "6.06", "e_lower_flux": "5.31E-12", "flux": "6.21E-12", "nhmw": "0.106", "u_flux": "ergs/cm^2/s", "u_time": "MJD", "e_upper_flux": "7.11E-12", "time": ["56748.9", "56748.900"], "e_countrate": "0.815", "source": "1"}, {"e_flux": "2.10E-13", "u_energy": "keV", "telescope": "Swift", "source": "2", "energy": ["0.2", "2.0"], "flux": "3.20E-12", "u_flux": "ergs s^-1 cm^-2", "u_time": "MJD", "time": ["56761", "56761.02818287037037037037037"]}, {"e_magnitude": "0.03", "telescope": "Swift", "instrument": "UVOT", "system": "Vega", "band": "W2", "magnitude": "16.35", "u_time": "MJD", "time": "56761", "source": "2"}, {"e_flux": "2.10E-13", "u_energy": "keV", "telescope": "Swift", "source": "2", "energy": ["0.2", "2.0"], "flux": "4.30E-13", "u_flux": "ergs s^-1 cm^-2", "u_time": "MJD", "time": ["56769", "56769.03121527777777777777778"]}, {"e_magnitude": "0.05", "telescope": "Swift", "instrument": "UVOT", "system": "Vega", "band": "W2", "magnitude": "16.49", "u_time": "MJD", "time": "56769", "source": "2"}, {"e_flux": "1.50E-13", "u_energy": "keV", "telescope": "XMM pointed", "source": "2", "energy": ["0.2", "2.0"], "flux": "5.0E-13", "u_flux": "ergs s^-1 cm^-2", "u_time": "MJD", "time": ["56777", "56777.30787037037037037037037"]}, {"e_magnitude": "0.01", "telescope": "Swift", "instrument": "UVOT", "system": "Vega", "band": "B", "magnitude": "15.52", "u_time": "MJD", "time": "56777", "source": "2"}, {"e_magnitude": "0.01", "telescope": "Swift", "instrument": "UVOT", "system": "Vega", "band": "U", "magnitude": "15.75", "u_time": "MJD", "time": "56777", "source": "2"}, {"e_magnitude": "0.05", "telescope": "Swift", "instrument": "UVOT", "system": "Vega", "band": "W1", "magnitude": "16.59", "u_time": "MJD", "time": "56777", "source": "2"}, {"e_upper_luminosity": "2.99E+41", "u_energy": "keV", "telescope": "XMM", "instrument": "PN", "luminosity": "2.93E+41", "energy": ["0.3", "2.0"], "e_lower_luminosity": "2.89E+41", "u_countrate": "s^-1", "photonindex": "3.28", "countrate": "0.262", "e_lower_flux": "4.37E-13", "flux": "4.44E-13", "nhmw": "0.106", "u_flux": "ergs/cm^2/s", "u_time": "MJD", "e_upper_flux": "4.52E-13", "time": ["56777.2", "56777.700"], "e_countrate": "0.005", "source": "1"}, {"e_upper_luminosity": "1.08E+42", "u_energy": "keV", "telescope": "Swift", "instrument": "XRT", "source": "1", "luminosity": "1.04E+42", "energy": ["0.3", "2.0"], "e_lower_luminosity": "1.01E+42", "u_countrate": "s^-1", "photonindex": "2.9", "countrate": "0.0888", "e_lower_flux": "1.53E-12", "flux": "1.58E-12", "u_flux": "ergs/cm^2/s", "mode": "PC", "e_upper_flux": "1.64E-12", "time": ["56779.6", "56779.720"], "e_countrate": "0.0031", "u_time": "MJD"}, {"e_flux": "1.20E-13", "u_energy": "keV", "telescope": "Swift", "source": "2", "energy": ["0.2", "2.0"], "flux": "4.10E-13", "u_flux": "ergs s^-1 cm^-2", "u_time": "MJD", "time": ["56782", "56782.02193287037037037037037"]}, {"e_magnitude": "0.08", "telescope": "Swift", "instrument": "UVOT", "system": "Vega", "band": "M2", "magnitude": "16.94", "u_time": "MJD", "time": "56782", "source": "2"}, {"e_magnitude": "0.10", "telescope": "Swift", "instrument": "UVOT", "system": "Vega", "band": "W1", "magnitude": "16.63", "u_time": "MJD", "time": "56782", "source": "2"}, {"e_magnitude": "0.10", "telescope": "Swift", "instrument": "UVOT", "system": "Vega", "band": "W2", "magnitude": "16.80", "u_time": "MJD", "time": "56782", "source": "2"}, {"e_flux": "1.20E-13", "u_energy": "keV", "telescope": "Swift", "source": "2", "energy": ["0.2", "2.0"], "flux": "1.40E-12", "u_flux": "ergs s^-1 cm^-2", "u_time": "MJD", "time": ["56789", "56789.02347222222222222222222"]}, {"e_magnitude": "0.10", "telescope": "Swift", "instrument": "UVOT", "system": "Vega", "band": "M2", "magnitude": "17.11", "u_time": "MJD", "time": "56789", "source": "2"}, {"e_magnitude": "0.03", "telescope": "Swift", "instrument": "UVOT", "system": "Vega", "band": "W1", "magnitude": "16.66", "u_time": "MJD", "time": "56789", "source": "2"}, {"e_magnitude": "0.10", "telescope": "Swift", "instrument": "UVOT", "system": "Vega", "band": "W2", "magnitude": "17.07", "u_time": "MJD", "time": "56789", "source": "2"}, {"e_flux": "1.20E-13", "u_energy": "keV", "telescope": "Swift", "source": "2", "energy": ["0.2", "2.0"], "flux": "3.60E-13", "u_flux": "ergs s^-1 cm^-2", "u_time": "MJD", "time": ["56796", "56796.01619212962962962962963"]}, {"e_magnitude": "0.20", "telescope": "Swift", "instrument": "UVOT", "system": "Vega", "band": "M2", "magnitude": "17.23", "u_time": "MJD", "time": "56796", "source": "2"}, {"e_magnitude": "0.03", "telescope": "Swift", "instrument": "UVOT", "system": "Vega", "band": "W1", "magnitude": "16.76", "u_time": "MJD", "time": "56796", "source": "2"}, {"e_magnitude": "0.10", "telescope": "Swift", "instrument": "UVOT", "system": "Vega", "band": "W2", "magnitude": "17.14", "u_time": "MJD", "time": "56796", "source": "2"}, {"e_flux": "2.20E-13", "u_energy": "keV", "telescope": "Swift", "source": "2", "energy": ["0.2", "2.0"], "flux": "3.50E-13", "u_flux": "ergs s^-1 cm^-2", "u_time": "MJD", "time": ["56803", "56803.00589120370370370370370"]}, {"e_flux": "1.20E-13", "u_energy": "keV", "telescope": "Swift", "source": "2", "energy": ["0.2", "2.0"], "flux": "1.10E-12", "u_flux": "ergs s^-1 cm^-2", "u_time": "MJD", "time": ["56808", "56808.01567129629629629629630"]}, {"e_magnitude": "0.07", "telescope": "Swift", "instrument": "UVOT", "system": "Vega", "band": "M2", "magnitude": "17.22", "u_time": "MJD", "time": "56808", "source": "2"}, {"e_magnitude": "0.04", "telescope": "Swift", "instrument": "UVOT", "system": "Vega", "band": "W1", "magnitude": "16.68", "u_time": "MJD", "time": "56808", "source": "2"}, {"e_magnitude": "0.06", "telescope": "Swift", "instrument": "UVOT", "system": "Vega", "band": "W2", "magnitude": "17.10", "u_time": "MJD", "time": "56808", "source": "2"}, {"e_flux": "1.50E-13", "u_energy": "keV", "telescope": "Swift", "source": "2", "energy": ["0.2", "2.0"], "flux": "4.00E-13", "u_flux": "ergs s^-1 cm^-2", "u_time": "MJD", "time": ["56842", "56842.01104166666666666666667"]}, {"e_magnitude": "0.10", "telescope": "Swift", "instrument": "UVOT", "system": "Vega", "band": "M2", "magnitude": "17.52", "u_time": "MJD", "time": "56842", "source": "2"}, {"e_magnitude": "0.40", "telescope": "Swift", "instrument": "UVOT", "system": "Vega", "band": "W1", "magnitude": "17.24", "u_time": "MJD", "time": "56842", "source": "2"}, {"e_magnitude": "0.3", "telescope": "Swift", "instrument": "UVOT", "system": "Vega", "band": "W2", "magnitude": "17.51", "u_time": "MJD", "time": "56842", "source": "2"}, {"e_upper_luminosity": "6.67E+41", "u_energy": "keV", "telescope": "Swift", "instrument": "XRT", "source": "1", "luminosity": "6.23E+41", "energy": ["0.3", "2.0"], "e_lower_luminosity": "5.67E+41", "u_countrate": "s^-1", "photonindex": "2.503", "countrate": "0.0443", "e_lower_flux": "8.58E-13", "flux": "9.43E-13", "nhmw": "0.106", "u_flux": "ergs/cm^2/s", "mode": "PC", "e_upper_flux": "1.01E-12", "time": ["56844.7", "56844.780"], "e_countrate": "0.00274", "u_time": "MJD"}, {"e_flux": "1.20E-13", "u_energy": "keV", "telescope": "Swift", "source": "2", "energy": ["0.2", "2.0"], "flux": "4.10E-13", "u_flux": "ergs s^-1 cm^-2", "u_time": "MJD", "time": ["56870", "56870.02872685185185185185185"]}, {"e_magnitude": "0.10", "telescope": "Swift", "instrument": "UVOT", "system": "Vega", "band": "M2", "magnitude": "17.77", "u_time": "MJD", "time": "56870", "source": "2"}, {"e_magnitude": "0.03", "telescope": "Swift", "instrument": "UVOT", "system": "Vega", "band": "W1", "magnitude": "16.99", "u_time": "MJD", "time": "56870", "source": "2"}, {"e_magnitude": "0.08", "telescope": "Swift", "instrument": "UVOT", "system": "Vega", "band": "W2", "magnitude": "17.52", "u_time": "MJD", "time": "56870", "source": "2"}, {"e_flux": "1.20E-13", "u_energy": "keV", "telescope": "Swift", "source": "2", "energy": ["0.2", "2.0"], "flux": "1.60E-13", "u_flux": "ergs s^-1 cm^-2", "u_time": "MJD", "time": ["56898", "56898.01910879629629629629630"]}, {"e_magnitude": "0.09", "telescope": "Swift", "instrument": "UVOT", "system": "Vega", "band": "M2", "magnitude": "17.45", "u_time": "MJD", "time": "56898", "source": "2"}, {"e_magnitude": "0.04", "telescope": "Swift", "instrument": "UVOT", "system": "Vega", "band": "W1", "magnitude": "16.96", "u_time": "MJD", "time": "56898", "source": "2"}, {"e_magnitude": "0.10", "telescope": "Swift", "instrument": "UVOT", "system": "Vega", "band": "W2", "magnitude": "17.28", "u_time": "MJD", "time": "56898", "source": "2"}, {"e_flux": "1.20E-13", "u_energy": "keV", "telescope": "Swift", "source": "2", "energy": ["0.2", "2.0"], "flux": "3.30E-13", "u_flux": "ergs s^-1 cm^-2", "u_time": "MJD", "time": ["56926", "56926.02876157407407407407407"]}, {"e_magnitude": "0.09", "telescope": "Swift", "instrument": "UVOT", "system": "Vega", "band": "M2", "magnitude": "17.56", "u_time": "MJD", "time": "56926", "source": "2"}, {"e_magnitude": "0.08", "telescope": "Swift", "instrument": "UVOT", "system": "Vega", "band": "W1", "magnitude": "17.10", "u_time": "MJD", "time": "56926", "source": "2"}, {"e_magnitude": "0.05", "telescope": "Swift", "instrument": "UVOT", "system": "Vega", "band": "W2", "magnitude": "17.40", "u_time": "MJD", "time": "56926", "source": "2"}, {"e_flux": "1.10E-13", "u_energy": "keV", "telescope": "Swift", "source": "2", "energy": ["0.2", "2.0"], "flux": "2.00E-13", "u_flux": "ergs s^-1 cm^-2", "u_time": "MJD", "time": ["56954", "56954.02399305555555555555556"]}, {"e_magnitude": "0.09", "telescope": "Swift", "instrument": "UVOT", "system": "Vega", "band": "M2", "magnitude": "17.58", "u_time": "MJD", "time": "56954", "source": "2"}, {"e_magnitude": "0.04", "telescope": "Swift", "instrument": "UVOT", "system": "Vega", "band": "W1", "magnitude": "17.01", "u_time": "MJD", "time": "56954", "source": "2"}, {"e_magnitude": "0.05", "telescope": "Swift", "instrument": "UVOT", "system": "Vega", "band": "W2", "magnitude": "17.53", "u_time": "MJD", "time": "56954", "source": "2"}, {"e_upper_luminosity": "3.09E+41", "u_energy": "keV", "telescope": "Swift", "instrument": "XRT", "source": "1", "luminosity": "2.81E+41", "energy": ["0.3", "2.0"], "e_lower_luminosity": "2.58E+41", "u_countrate": "s^-1", "photonindex": "2.725", "countrate": "0.0226", "e_lower_flux": "3.90E-13", "flux": "4.26E-13", "u_flux": "ergs/cm^2/s", "mode": "PC", "e_upper_flux": "4.68E-13", "time": ["56962.8", "56962.882"], "e_countrate": "0.00193", "u_time": "MJD"}, {"e_flux": "2.40E-13", "u_energy": "keV", "telescope": "Swift", "source": "2", "energy": ["0.2", "2.0"], "flux": "3.00E-13", "u_flux": "ergs s^-1 cm^-2", "u_time": "MJD", "time": ["56982", "56982.00158564814814814814815"]}, {"e_magnitude": "0.13", "telescope": "Swift", "instrument": "UVOT", "system": "Vega", "band": "W2", "magnitude": "17.54", "u_time": "MJD", "time": "56982", "source": "2"}, {"e_flux": "1.40E-13", "u_energy": "keV", "telescope": "Swift", "source": "2", "energy": ["0.2", "2.0"], "flux": "2.10E-13", "u_flux": "ergs s^-1 cm^-2", "u_time": "MJD", "time": ["56987", "56987.02861111111111111111111"]}, {"e_magnitude": "0.15", "telescope": "Swift", "instrument": "UVOT", "system": "Vega", "band": "M2", "magnitude": "17.72", "u_time": "MJD", "time": "56987", "source": "2"}, {"e_magnitude": "0.06", "telescope": "Swift", "instrument": "UVOT", "system": "Vega", "band": "W1", "magnitude": "16.98", "u_time": "MJD", "time": "56987", "source": "2"}, {"e_magnitude": "0.10", "telescope": "Swift", "instrument": "UVOT", "system": "Vega", "band": "W2", "magnitude": "17.55", "u_time": "MJD", "time": "56987", "source": "2"}, {"e_upper_luminosity": "1.90E+41", "u_energy": "keV", "telescope": "XMM", "instrument": "PN", "luminosity": "1.86E+41", "energy": ["0.3", "2.0"], "e_lower_luminosity": "1.82E+41", "u_countrate": "s^-1", "photonindex": "2.78", "countrate": "0.169", "e_lower_flux": "2.76E-13", "flux": "2.82E-13", "nhmw": "0.106", "u_flux": "ergs/cm^2/s", "u_time": "MJD", "e_upper_flux": "2.87E-13", "time": ["57033.8", "57034.081"], "e_countrate": "0.003", "source": "1"}, {"e_flux": "1.0E-14", "u_energy": "keV", "telescope": "XMM pointed", "source": "2", "energy": ["0.2", "2.0"], "flux": "3.00E-13", "u_flux": "ergs s^-1 cm^-2", "u_time": "MJD", "time": ["57034", "57034.18634259259259259259259"]}, {"e_magnitude": "0.01", "telescope": "Swift", "instrument": "UVOT", "system": "Vega", "band": "B", "magnitude": "15.60", "u_time": "MJD", "time": "57034", "source": "2"}, {"e_magnitude": "0.01", "telescope": "Swift", "instrument": "UVOT", "system": "Vega", "band": "U", "magnitude": "15.92", "u_time": "MJD", "time": "57034", "source": "2"}, {"e_magnitude": "0.1", "telescope": "Swift", "instrument": "UVOT", "system": "Vega", "band": "W1", "magnitude": "17.2", "u_time": "MJD", "time": "57034", "source": "2"}, {"u_energy": "keV", "telescope": "Swift", "source": "2", "energy": ["0.2", "2.0"], "flux": "7.0E-14", "u_flux": "ergs s^-1 cm^-2", "u_time": "MJD", "time": ["57285", "57285.021875"], "upperlimit": true}, {"e_magnitude": "0.21", "telescope": "Swift", "instrument": "UVOT", "system": "Vega", "band": "M2", "magnitude": "18.88", "u_time": "MJD", "time": "57285", "source": "2"}, {"e_magnitude": "0.20", "telescope": "Swift", "instrument": "UVOT", "system": "Vega", "band": "W1", "magnitude": "17.41", "u_time": "MJD", "time": "57285", "source": "2"}, {"e_magnitude": "0.3", "telescope": "Swift", "instrument": "UVOT", "system": "Vega", "band": "W2", "magnitude": "19.0", "u_time": "MJD", "time": "57285", "source": "2"}, {"u_energy": "keV", "telescope": "Swift", "instrument": "XRT", "source": "1", "luminosity": "5.76E+40", "energy": ["0.3", "2.0"], "u_countrate": "s^-1", "photonindex": "2.70933", "countrate": "0.00481", "flux": "8.72E-14", "nhmw": "0.14524", "u_flux": "ergs/cm^2/s", "mode": "PC", "time": ["57285.5", "57285.517"], "upperlimit": true, "u_time": "MJD"}, {"fluxdensity": "579.0", "u_fluxdensity": "\u03bcJy", "source": "3", "u_frequency": "GHz", "frequency": "5.5", "u_time": "MJD", "e_fluxdensity": "11.0", "time": ["57340.5083", "57340.8125"]}, {"fluxdensity": "382.0", "u_fluxdensity": "\u03bcJy", "source": "3", "u_frequency": "GHz", "frequency": "9", "u_time": "MJD", "e_fluxdensity": "11.0", "time": ["57340.5083", "57340.8125"]}, {"fluxdensity": "1190", "u_fluxdensity": "\u03bcJy", "source": "3", "u_frequency": "GHz", "frequency": "1.53", "u_time": "MJD", "e_fluxdensity": "60", "time": ["57357.225", "57357.8486"]}, {"fluxdensity": "1020", "u_fluxdensity": "\u03bcJy", "source": "3", "u_frequency": "GHz", "frequency": "2.11", "u_time": "MJD", "e_fluxdensity": "40", "time": ["57357.225", "57357.8486"]}, {"fluxdensity": "870", "u_fluxdensity": "\u03bcJy", "source": "3", "u_frequency": "GHz", "frequency": "2.74", "u_time": "MJD", "e_fluxdensity": "40", "time": ["57357.225", "57357.8486"]}, {"fluxdensity": "130", "u_fluxdensity": "\u03bcJy", "source": "3", "u_frequency": "GHz", "frequency": "18", "u_time": "MJD", "e_fluxdensity": "30", "time": ["57357.4444", "57357.875"]}, {"fluxdensity": "890", "u_fluxdensity": "\u03bcJy", "source": "3", "u_frequency": "GHz", "frequency": "1.7", "u_time": "MJD", "e_fluxdensity": "90", "time": ["57517.125", "57517.5819"]}, {"fluxdensity": "630", "u_fluxdensity": "\u03bcJy", "source": "3", "u_frequency": "GHz", "frequency": "2.1", "u_time": "MJD", "e_fluxdensity": "40", "time": ["57517.125", "57517.5819"]}, {"fluxdensity": "540", "u_fluxdensity": "\u03bcJy", "source": "3", "u_frequency": "GHz", "frequency": "2.8", "u_time": "MJD", "e_fluxdensity": "50", "time": ["57517.125", "57517.5819"]}, {"fluxdensity": "4.0E+2", "u_fluxdensity": "\u03bcJy", "source": "3", "u_frequency": "GHz", "frequency": "5.5", "u_time": "MJD", "e_fluxdensity": "14.0", "time": ["57517.125", "57517.5819"]}, {"fluxdensity": "250", "u_fluxdensity": "\u03bcJy", "source": "3", "u_frequency": "GHz", "frequency": "9", "u_time": "MJD", "e_fluxdensity": "13.0", "time": ["57517.125", "57517.5819"]}, {"fluxdensity": "650", "u_fluxdensity": "\u03bcJy", "source": "3", "u_frequency": "GHz", "frequency": "1.6", "u_time": "MJD", "e_fluxdensity": "60", "time": ["57623.6271", "57624.0549"]}, {"fluxdensity": "580", "u_fluxdensity": "\u03bcJy", "source": "3", "u_frequency": "GHz", "frequency": "2.1", "u_time": "MJD", "e_fluxdensity": "30", "time": ["57623.6271", "57624.0549"]}, {"fluxdensity": "550", "u_fluxdensity": "\u03bcJy", "source": "3", "u_frequency": "GHz", "frequency": "2.7", "u_time": "MJD", "e_fluxdensity": "30", "time": ["57623.6271", "57624.0549"]}, {"fluxdensity": "420", "u_fluxdensity": "\u03bcJy", "source": "3", "u_frequency": "GHz", "frequency": "5.5", "u_time": "MJD", "e_fluxdensity": "16.0", "time": ["57623.6271", "57624.0549"]}, {"fluxdensity": "230", "u_fluxdensity": "\u03bcJy", "source": "3", "u_frequency": "GHz", "frequency": "9", "u_time": "MJD", "e_fluxdensity": "17.0", "time": ["57623.6271", "57624.0549"]}], "name": "XMMSL1 J0740-85", "hostoffsetdist": [{"source": "2,3,4,6", "value": "1.546"}], "alias": [{"source": "1,2,3", "value": "XMMSL1 J0740-85"}, {"source": "2", "value": "XMMSL1 J074008.2-853927"}], "velocity": [{"u_value": "km/s", "derived": true, "value": "5140", "source": "6"}], "dec": [{"u_value": "degrees", "e_value": "0.3", "value": "+85:39:31.25", "source": "3"}], "hostoffsetang": [{"u_value": "arcseconds", "derived": true, "value": "4.253", "source": "2,3,6"}]}}